// 自动生成：完整 Unicode → GBK 映射表
// 条目数：21791
// 按 Unicode 码点升序排列，供二分查找
// 每项 4 字节：{uint16_t unicode, uint8_t gbk_hi, uint8_t gbk_lo}

constexpr size_t kFullGbkTableSize = 21791;

struct FullGbkEntry {
    uint16_t unicode;
    uint8_t  gbk_hi;
    uint8_t  gbk_lo;
};

alignas(4) constexpr FullGbkEntry kFullGbkTable[] = {
    { 0x00A4, 0xA1, 0xE8 },  // ¤
    { 0x00A7, 0xA1, 0xEC },  // §
    { 0x00A8, 0xA1, 0xA7 },  // ¨
    { 0x00B0, 0xA1, 0xE3 },  // °
    { 0x00B1, 0xA1, 0xC0 },  // ±
    { 0x00B7, 0xA1, 0xA4 },  // ·
    { 0x00D7, 0xA1, 0xC1 },  // ×
    { 0x00E0, 0xA8, 0xA4 },  // à
    { 0x00E1, 0xA8, 0xA2 },  // á
    { 0x00E8, 0xA8, 0xA8 },  // è
    { 0x00E9, 0xA8, 0xA6 },  // é
    { 0x00EA, 0xA8, 0xBA },  // ê
    { 0x00EC, 0xA8, 0xAC },  // ì
    { 0x00ED, 0xA8, 0xAA },  // í
    { 0x00F2, 0xA8, 0xB0 },  // ò
    { 0x00F3, 0xA8, 0xAE },  // ó
    { 0x00F7, 0xA1, 0xC2 },  // ÷
    { 0x00F9, 0xA8, 0xB4 },  // ù
    { 0x00FA, 0xA8, 0xB2 },  // ú
    { 0x00FC, 0xA8, 0xB9 },  // ü
    { 0x0101, 0xA8, 0xA1 },  // ā
    { 0x0113, 0xA8, 0xA5 },  // ē
    { 0x011B, 0xA8, 0xA7 },  // ě
    { 0x012B, 0xA8, 0xA9 },  // ī
    { 0x0144, 0xA8, 0xBD },  // ń
    { 0x0148, 0xA8, 0xBE },  // ň
    { 0x014D, 0xA8, 0xAD },  // ō
    { 0x016B, 0xA8, 0xB1 },  // ū
    { 0x01CE, 0xA8, 0xA3 },  // ǎ
    { 0x01D0, 0xA8, 0xAB },  // ǐ
    { 0x01D2, 0xA8, 0xAF },  // ǒ
    { 0x01D4, 0xA8, 0xB3 },  // ǔ
    { 0x01D6, 0xA8, 0xB5 },  // ǖ
    { 0x01D8, 0xA8, 0xB6 },  // ǘ
    { 0x01DA, 0xA8, 0xB7 },  // ǚ
    { 0x01DC, 0xA8, 0xB8 },  // ǜ
    { 0x0251, 0xA8, 0xBB },  // ɑ
    { 0x0261, 0xA8, 0xC0 },  // ɡ
    { 0x02C7, 0xA1, 0xA6 },  // ˇ
    { 0x02C9, 0xA1, 0xA5 },  // ˉ
    { 0x02CA, 0xA8, 0x40 },  // ˊ
    { 0x02CB, 0xA8, 0x41 },  // ˋ
    { 0x02D9, 0xA8, 0x42 },  // ˙
    { 0x0391, 0xA6, 0xA1 },  // Α
    { 0x0392, 0xA6, 0xA2 },  // Β
    { 0x0393, 0xA6, 0xA3 },  // Γ
    { 0x0394, 0xA6, 0xA4 },  // Δ
    { 0x0395, 0xA6, 0xA5 },  // Ε
    { 0x0396, 0xA6, 0xA6 },  // Ζ
    { 0x0397, 0xA6, 0xA7 },  // Η
    { 0x0398, 0xA6, 0xA8 },  // Θ
    { 0x0399, 0xA6, 0xA9 },  // Ι
    { 0x039A, 0xA6, 0xAA },  // Κ
    { 0x039B, 0xA6, 0xAB },  // Λ
    { 0x039C, 0xA6, 0xAC },  // Μ
    { 0x039D, 0xA6, 0xAD },  // Ν
    { 0x039E, 0xA6, 0xAE },  // Ξ
    { 0x039F, 0xA6, 0xAF },  // Ο
    { 0x03A0, 0xA6, 0xB0 },  // Π
    { 0x03A1, 0xA6, 0xB1 },  // Ρ
    { 0x03A3, 0xA6, 0xB2 },  // Σ
    { 0x03A4, 0xA6, 0xB3 },  // Τ
    { 0x03A5, 0xA6, 0xB4 },  // Υ
    { 0x03A6, 0xA6, 0xB5 },  // Φ
    { 0x03A7, 0xA6, 0xB6 },  // Χ
    { 0x03A8, 0xA6, 0xB7 },  // Ψ
    { 0x03A9, 0xA6, 0xB8 },  // Ω
    { 0x03B1, 0xA6, 0xC1 },  // α
    { 0x03B2, 0xA6, 0xC2 },  // β
    { 0x03B3, 0xA6, 0xC3 },  // γ
    { 0x03B4, 0xA6, 0xC4 },  // δ
    { 0x03B5, 0xA6, 0xC5 },  // ε
    { 0x03B6, 0xA6, 0xC6 },  // ζ
    { 0x03B7, 0xA6, 0xC7 },  // η
    { 0x03B8, 0xA6, 0xC8 },  // θ
    { 0x03B9, 0xA6, 0xC9 },  // ι
    { 0x03BA, 0xA6, 0xCA },  // κ
    { 0x03BB, 0xA6, 0xCB },  // λ
    { 0x03BC, 0xA6, 0xCC },  // μ
    { 0x03BD, 0xA6, 0xCD },  // ν
    { 0x03BE, 0xA6, 0xCE },  // ξ
    { 0x03BF, 0xA6, 0xCF },  // ο
    { 0x03C0, 0xA6, 0xD0 },  // π
    { 0x03C1, 0xA6, 0xD1 },  // ρ
    { 0x03C3, 0xA6, 0xD2 },  // σ
    { 0x03C4, 0xA6, 0xD3 },  // τ
    { 0x03C5, 0xA6, 0xD4 },  // υ
    { 0x03C6, 0xA6, 0xD5 },  // φ
    { 0x03C7, 0xA6, 0xD6 },  // χ
    { 0x03C8, 0xA6, 0xD7 },  // ψ
    { 0x03C9, 0xA6, 0xD8 },  // ω
    { 0x0401, 0xA7, 0xA7 },  // Ё
    { 0x0410, 0xA7, 0xA1 },  // А
    { 0x0411, 0xA7, 0xA2 },  // Б
    { 0x0412, 0xA7, 0xA3 },  // В
    { 0x0413, 0xA7, 0xA4 },  // Г
    { 0x0414, 0xA7, 0xA5 },  // Д
    { 0x0415, 0xA7, 0xA6 },  // Е
    { 0x0416, 0xA7, 0xA8 },  // Ж
    { 0x0417, 0xA7, 0xA9 },  // З
    { 0x0418, 0xA7, 0xAA },  // И
    { 0x0419, 0xA7, 0xAB },  // Й
    { 0x041A, 0xA7, 0xAC },  // К
    { 0x041B, 0xA7, 0xAD },  // Л
    { 0x041C, 0xA7, 0xAE },  // М
    { 0x041D, 0xA7, 0xAF },  // Н
    { 0x041E, 0xA7, 0xB0 },  // О
    { 0x041F, 0xA7, 0xB1 },  // П
    { 0x0420, 0xA7, 0xB2 },  // Р
    { 0x0421, 0xA7, 0xB3 },  // С
    { 0x0422, 0xA7, 0xB4 },  // Т
    { 0x0423, 0xA7, 0xB5 },  // У
    { 0x0424, 0xA7, 0xB6 },  // Ф
    { 0x0425, 0xA7, 0xB7 },  // Х
    { 0x0426, 0xA7, 0xB8 },  // Ц
    { 0x0427, 0xA7, 0xB9 },  // Ч
    { 0x0428, 0xA7, 0xBA },  // Ш
    { 0x0429, 0xA7, 0xBB },  // Щ
    { 0x042A, 0xA7, 0xBC },  // Ъ
    { 0x042B, 0xA7, 0xBD },  // Ы
    { 0x042C, 0xA7, 0xBE },  // Ь
    { 0x042D, 0xA7, 0xBF },  // Э
    { 0x042E, 0xA7, 0xC0 },  // Ю
    { 0x042F, 0xA7, 0xC1 },  // Я
    { 0x0430, 0xA7, 0xD1 },  // а
    { 0x0431, 0xA7, 0xD2 },  // б
    { 0x0432, 0xA7, 0xD3 },  // в
    { 0x0433, 0xA7, 0xD4 },  // г
    { 0x0434, 0xA7, 0xD5 },  // д
    { 0x0435, 0xA7, 0xD6 },  // е
    { 0x0436, 0xA7, 0xD8 },  // ж
    { 0x0437, 0xA7, 0xD9 },  // з
    { 0x0438, 0xA7, 0xDA },  // и
    { 0x0439, 0xA7, 0xDB },  // й
    { 0x043A, 0xA7, 0xDC },  // к
    { 0x043B, 0xA7, 0xDD },  // л
    { 0x043C, 0xA7, 0xDE },  // м
    { 0x043D, 0xA7, 0xDF },  // н
    { 0x043E, 0xA7, 0xE0 },  // о
    { 0x043F, 0xA7, 0xE1 },  // п
    { 0x0440, 0xA7, 0xE2 },  // р
    { 0x0441, 0xA7, 0xE3 },  // с
    { 0x0442, 0xA7, 0xE4 },  // т
    { 0x0443, 0xA7, 0xE5 },  // у
    { 0x0444, 0xA7, 0xE6 },  // ф
    { 0x0445, 0xA7, 0xE7 },  // х
    { 0x0446, 0xA7, 0xE8 },  // ц
    { 0x0447, 0xA7, 0xE9 },  // ч
    { 0x0448, 0xA7, 0xEA },  // ш
    { 0x0449, 0xA7, 0xEB },  // щ
    { 0x044A, 0xA7, 0xEC },  // ъ
    { 0x044B, 0xA7, 0xED },  // ы
    { 0x044C, 0xA7, 0xEE },  // ь
    { 0x044D, 0xA7, 0xEF },  // э
    { 0x044E, 0xA7, 0xF0 },  // ю
    { 0x044F, 0xA7, 0xF1 },  // я
    { 0x0451, 0xA7, 0xD7 },  // ё
    { 0x2010, 0xA9, 0x5C },  // ‐
    { 0x2013, 0xA8, 0x43 },  // –
    { 0x2014, 0xA1, 0xAA },  // —
    { 0x2015, 0xA8, 0x44 },  // ―
    { 0x2016, 0xA1, 0xAC },  // ‖
    { 0x2018, 0xA1, 0xAE },  // ‘
    { 0x2019, 0xA1, 0xAF },  // ’
    { 0x201C, 0xA1, 0xB0 },  // “
    { 0x201D, 0xA1, 0xB1 },  // ”
    { 0x2025, 0xA8, 0x45 },  // ‥
    { 0x2026, 0xA1, 0xAD },  // …
    { 0x2030, 0xA1, 0xEB },  // ‰
    { 0x2032, 0xA1, 0xE4 },  // ′
    { 0x2033, 0xA1, 0xE5 },  // ″
    { 0x2035, 0xA8, 0x46 },  // ‵
    { 0x203B, 0xA1, 0xF9 },  // ※
    { 0x2103, 0xA1, 0xE6 },  // ℃
    { 0x2105, 0xA8, 0x47 },  // ℅
    { 0x2109, 0xA8, 0x48 },  // ℉
    { 0x2116, 0xA1, 0xED },  // №
    { 0x2121, 0xA9, 0x59 },  // ℡
    { 0x2160, 0xA2, 0xF1 },  // Ⅰ
    { 0x2161, 0xA2, 0xF2 },  // Ⅱ
    { 0x2162, 0xA2, 0xF3 },  // Ⅲ
    { 0x2163, 0xA2, 0xF4 },  // Ⅳ
    { 0x2164, 0xA2, 0xF5 },  // Ⅴ
    { 0x2165, 0xA2, 0xF6 },  // Ⅵ
    { 0x2166, 0xA2, 0xF7 },  // Ⅶ
    { 0x2167, 0xA2, 0xF8 },  // Ⅷ
    { 0x2168, 0xA2, 0xF9 },  // Ⅸ
    { 0x2169, 0xA2, 0xFA },  // Ⅹ
    { 0x216A, 0xA2, 0xFB },  // Ⅺ
    { 0x216B, 0xA2, 0xFC },  // Ⅻ
    { 0x2170, 0xA2, 0xA1 },  // ⅰ
    { 0x2171, 0xA2, 0xA2 },  // ⅱ
    { 0x2172, 0xA2, 0xA3 },  // ⅲ
    { 0x2173, 0xA2, 0xA4 },  // ⅳ
    { 0x2174, 0xA2, 0xA5 },  // ⅴ
    { 0x2175, 0xA2, 0xA6 },  // ⅵ
    { 0x2176, 0xA2, 0xA7 },  // ⅶ
    { 0x2177, 0xA2, 0xA8 },  // ⅷ
    { 0x2178, 0xA2, 0xA9 },  // ⅸ
    { 0x2179, 0xA2, 0xAA },  // ⅹ
    { 0x2190, 0xA1, 0xFB },  // ←
    { 0x2191, 0xA1, 0xFC },  // ↑
    { 0x2192, 0xA1, 0xFA },  // →
    { 0x2193, 0xA1, 0xFD },  // ↓
    { 0x2196, 0xA8, 0x49 },  // ↖
    { 0x2197, 0xA8, 0x4A },  // ↗
    { 0x2198, 0xA8, 0x4B },  // ↘
    { 0x2199, 0xA8, 0x4C },  // ↙
    { 0x2208, 0xA1, 0xCA },  // ∈
    { 0x220F, 0xA1, 0xC7 },  // ∏
    { 0x2211, 0xA1, 0xC6 },  // ∑
    { 0x2215, 0xA8, 0x4D },  // ∕
    { 0x221A, 0xA1, 0xCC },  // √
    { 0x221D, 0xA1, 0xD8 },  // ∝
    { 0x221E, 0xA1, 0xDE },  // ∞
    { 0x221F, 0xA8, 0x4E },  // ∟
    { 0x2220, 0xA1, 0xCF },  // ∠
    { 0x2223, 0xA8, 0x4F },  // ∣
    { 0x2225, 0xA1, 0xCE },  // ∥
    { 0x2227, 0xA1, 0xC4 },  // ∧
    { 0x2228, 0xA1, 0xC5 },  // ∨
    { 0x2229, 0xA1, 0xC9 },  // ∩
    { 0x222A, 0xA1, 0xC8 },  // ∪
    { 0x222B, 0xA1, 0xD2 },  // ∫
    { 0x222E, 0xA1, 0xD3 },  // ∮
    { 0x2234, 0xA1, 0xE0 },  // ∴
    { 0x2235, 0xA1, 0xDF },  // ∵
    { 0x2236, 0xA1, 0xC3 },  // ∶
    { 0x2237, 0xA1, 0xCB },  // ∷
    { 0x223D, 0xA1, 0xD7 },  // ∽
    { 0x2248, 0xA1, 0xD6 },  // ≈
    { 0x224C, 0xA1, 0xD5 },  // ≌
    { 0x2252, 0xA8, 0x50 },  // ≒
    { 0x2260, 0xA1, 0xD9 },  // ≠
    { 0x2261, 0xA1, 0xD4 },  // ≡
    { 0x2264, 0xA1, 0xDC },  // ≤
    { 0x2265, 0xA1, 0xDD },  // ≥
    { 0x2266, 0xA8, 0x51 },  // ≦
    { 0x2267, 0xA8, 0x52 },  // ≧
    { 0x226E, 0xA1, 0xDA },  // ≮
    { 0x226F, 0xA1, 0xDB },  // ≯
    { 0x2295, 0xA8, 0x92 },  // ⊕
    { 0x2299, 0xA1, 0xD1 },  // ⊙
    { 0x22A5, 0xA1, 0xCD },  // ⊥
    { 0x22BF, 0xA8, 0x53 },  // ⊿
    { 0x2312, 0xA1, 0xD0 },  // ⌒
    { 0x2460, 0xA2, 0xD9 },  // ①
    { 0x2461, 0xA2, 0xDA },  // ②
    { 0x2462, 0xA2, 0xDB },  // ③
    { 0x2463, 0xA2, 0xDC },  // ④
    { 0x2464, 0xA2, 0xDD },  // ⑤
    { 0x2465, 0xA2, 0xDE },  // ⑥
    { 0x2466, 0xA2, 0xDF },  // ⑦
    { 0x2467, 0xA2, 0xE0 },  // ⑧
    { 0x2468, 0xA2, 0xE1 },  // ⑨
    { 0x2469, 0xA2, 0xE2 },  // ⑩
    { 0x2474, 0xA2, 0xC5 },  // ⑴
    { 0x2475, 0xA2, 0xC6 },  // ⑵
    { 0x2476, 0xA2, 0xC7 },  // ⑶
    { 0x2477, 0xA2, 0xC8 },  // ⑷
    { 0x2478, 0xA2, 0xC9 },  // ⑸
    { 0x2479, 0xA2, 0xCA },  // ⑹
    { 0x247A, 0xA2, 0xCB },  // ⑺
    { 0x247B, 0xA2, 0xCC },  // ⑻
    { 0x247C, 0xA2, 0xCD },  // ⑼
    { 0x247D, 0xA2, 0xCE },  // ⑽
    { 0x247E, 0xA2, 0xCF },  // ⑾
    { 0x247F, 0xA2, 0xD0 },  // ⑿
    { 0x2480, 0xA2, 0xD1 },  // ⒀
    { 0x2481, 0xA2, 0xD2 },  // ⒁
    { 0x2482, 0xA2, 0xD3 },  // ⒂
    { 0x2483, 0xA2, 0xD4 },  // ⒃
    { 0x2484, 0xA2, 0xD5 },  // ⒄
    { 0x2485, 0xA2, 0xD6 },  // ⒅
    { 0x2486, 0xA2, 0xD7 },  // ⒆
    { 0x2487, 0xA2, 0xD8 },  // ⒇
    { 0x2488, 0xA2, 0xB1 },  // ⒈
    { 0x2489, 0xA2, 0xB2 },  // ⒉
    { 0x248A, 0xA2, 0xB3 },  // ⒊
    { 0x248B, 0xA2, 0xB4 },  // ⒋
    { 0x248C, 0xA2, 0xB5 },  // ⒌
    { 0x248D, 0xA2, 0xB6 },  // ⒍
    { 0x248E, 0xA2, 0xB7 },  // ⒎
    { 0x248F, 0xA2, 0xB8 },  // ⒏
    { 0x2490, 0xA2, 0xB9 },  // ⒐
    { 0x2491, 0xA2, 0xBA },  // ⒑
    { 0x2492, 0xA2, 0xBB },  // ⒒
    { 0x2493, 0xA2, 0xBC },  // ⒓
    { 0x2494, 0xA2, 0xBD },  // ⒔
    { 0x2495, 0xA2, 0xBE },  // ⒕
    { 0x2496, 0xA2, 0xBF },  // ⒖
    { 0x2497, 0xA2, 0xC0 },  // ⒗
    { 0x2498, 0xA2, 0xC1 },  // ⒘
    { 0x2499, 0xA2, 0xC2 },  // ⒙
    { 0x249A, 0xA2, 0xC3 },  // ⒚
    { 0x249B, 0xA2, 0xC4 },  // ⒛
    { 0x2500, 0xA9, 0xA4 },  // ─
    { 0x2501, 0xA9, 0xA5 },  // ━
    { 0x2502, 0xA9, 0xA6 },  // │
    { 0x2503, 0xA9, 0xA7 },  // ┃
    { 0x2504, 0xA9, 0xA8 },  // ┄
    { 0x2505, 0xA9, 0xA9 },  // ┅
    { 0x2506, 0xA9, 0xAA },  // ┆
    { 0x2507, 0xA9, 0xAB },  // ┇
    { 0x2508, 0xA9, 0xAC },  // ┈
    { 0x2509, 0xA9, 0xAD },  // ┉
    { 0x250A, 0xA9, 0xAE },  // ┊
    { 0x250B, 0xA9, 0xAF },  // ┋
    { 0x250C, 0xA9, 0xB0 },  // ┌
    { 0x250D, 0xA9, 0xB1 },  // ┍
    { 0x250E, 0xA9, 0xB2 },  // ┎
    { 0x250F, 0xA9, 0xB3 },  // ┏
    { 0x2510, 0xA9, 0xB4 },  // ┐
    { 0x2511, 0xA9, 0xB5 },  // ┑
    { 0x2512, 0xA9, 0xB6 },  // ┒
    { 0x2513, 0xA9, 0xB7 },  // ┓
    { 0x2514, 0xA9, 0xB8 },  // └
    { 0x2515, 0xA9, 0xB9 },  // ┕
    { 0x2516, 0xA9, 0xBA },  // ┖
    { 0x2517, 0xA9, 0xBB },  // ┗
    { 0x2518, 0xA9, 0xBC },  // ┘
    { 0x2519, 0xA9, 0xBD },  // ┙
    { 0x251A, 0xA9, 0xBE },  // ┚
    { 0x251B, 0xA9, 0xBF },  // ┛
    { 0x251C, 0xA9, 0xC0 },  // ├
    { 0x251D, 0xA9, 0xC1 },  // ┝
    { 0x251E, 0xA9, 0xC2 },  // ┞
    { 0x251F, 0xA9, 0xC3 },  // ┟
    { 0x2520, 0xA9, 0xC4 },  // ┠
    { 0x2521, 0xA9, 0xC5 },  // ┡
    { 0x2522, 0xA9, 0xC6 },  // ┢
    { 0x2523, 0xA9, 0xC7 },  // ┣
    { 0x2524, 0xA9, 0xC8 },  // ┤
    { 0x2525, 0xA9, 0xC9 },  // ┥
    { 0x2526, 0xA9, 0xCA },  // ┦
    { 0x2527, 0xA9, 0xCB },  // ┧
    { 0x2528, 0xA9, 0xCC },  // ┨
    { 0x2529, 0xA9, 0xCD },  // ┩
    { 0x252A, 0xA9, 0xCE },  // ┪
    { 0x252B, 0xA9, 0xCF },  // ┫
    { 0x252C, 0xA9, 0xD0 },  // ┬
    { 0x252D, 0xA9, 0xD1 },  // ┭
    { 0x252E, 0xA9, 0xD2 },  // ┮
    { 0x252F, 0xA9, 0xD3 },  // ┯
    { 0x2530, 0xA9, 0xD4 },  // ┰
    { 0x2531, 0xA9, 0xD5 },  // ┱
    { 0x2532, 0xA9, 0xD6 },  // ┲
    { 0x2533, 0xA9, 0xD7 },  // ┳
    { 0x2534, 0xA9, 0xD8 },  // ┴
    { 0x2535, 0xA9, 0xD9 },  // ┵
    { 0x2536, 0xA9, 0xDA },  // ┶
    { 0x2537, 0xA9, 0xDB },  // ┷
    { 0x2538, 0xA9, 0xDC },  // ┸
    { 0x2539, 0xA9, 0xDD },  // ┹
    { 0x253A, 0xA9, 0xDE },  // ┺
    { 0x253B, 0xA9, 0xDF },  // ┻
    { 0x253C, 0xA9, 0xE0 },  // ┼
    { 0x253D, 0xA9, 0xE1 },  // ┽
    { 0x253E, 0xA9, 0xE2 },  // ┾
    { 0x253F, 0xA9, 0xE3 },  // ┿
    { 0x2540, 0xA9, 0xE4 },  // ╀
    { 0x2541, 0xA9, 0xE5 },  // ╁
    { 0x2542, 0xA9, 0xE6 },  // ╂
    { 0x2543, 0xA9, 0xE7 },  // ╃
    { 0x2544, 0xA9, 0xE8 },  // ╄
    { 0x2545, 0xA9, 0xE9 },  // ╅
    { 0x2546, 0xA9, 0xEA },  // ╆
    { 0x2547, 0xA9, 0xEB },  // ╇
    { 0x2548, 0xA9, 0xEC },  // ╈
    { 0x2549, 0xA9, 0xED },  // ╉
    { 0x254A, 0xA9, 0xEE },  // ╊
    { 0x254B, 0xA9, 0xEF },  // ╋
    { 0x2550, 0xA8, 0x54 },  // ═
    { 0x2551, 0xA8, 0x55 },  // ║
    { 0x2552, 0xA8, 0x56 },  // ╒
    { 0x2553, 0xA8, 0x57 },  // ╓
    { 0x2554, 0xA8, 0x58 },  // ╔
    { 0x2555, 0xA8, 0x59 },  // ╕
    { 0x2556, 0xA8, 0x5A },  // ╖
    { 0x2557, 0xA8, 0x5B },  // ╗
    { 0x2558, 0xA8, 0x5C },  // ╘
    { 0x2559, 0xA8, 0x5D },  // ╙
    { 0x255A, 0xA8, 0x5E },  // ╚
    { 0x255B, 0xA8, 0x5F },  // ╛
    { 0x255C, 0xA8, 0x60 },  // ╜
    { 0x255D, 0xA8, 0x61 },  // ╝
    { 0x255E, 0xA8, 0x62 },  // ╞
    { 0x255F, 0xA8, 0x63 },  // ╟
    { 0x2560, 0xA8, 0x64 },  // ╠
    { 0x2561, 0xA8, 0x65 },  // ╡
    { 0x2562, 0xA8, 0x66 },  // ╢
    { 0x2563, 0xA8, 0x67 },  // ╣
    { 0x2564, 0xA8, 0x68 },  // ╤
    { 0x2565, 0xA8, 0x69 },  // ╥
    { 0x2566, 0xA8, 0x6A },  // ╦
    { 0x2567, 0xA8, 0x6B },  // ╧
    { 0x2568, 0xA8, 0x6C },  // ╨
    { 0x2569, 0xA8, 0x6D },  // ╩
    { 0x256A, 0xA8, 0x6E },  // ╪
    { 0x256B, 0xA8, 0x6F },  // ╫
    { 0x256C, 0xA8, 0x70 },  // ╬
    { 0x256D, 0xA8, 0x71 },  // ╭
    { 0x256E, 0xA8, 0x72 },  // ╮
    { 0x256F, 0xA8, 0x73 },  // ╯
    { 0x2570, 0xA8, 0x74 },  // ╰
    { 0x2571, 0xA8, 0x75 },  // ╱
    { 0x2572, 0xA8, 0x76 },  // ╲
    { 0x2573, 0xA8, 0x77 },  // ╳
    { 0x2581, 0xA8, 0x78 },  // ▁
    { 0x2582, 0xA8, 0x79 },  // ▂
    { 0x2583, 0xA8, 0x7A },  // ▃
    { 0x2584, 0xA8, 0x7B },  // ▄
    { 0x2585, 0xA8, 0x7C },  // ▅
    { 0x2586, 0xA8, 0x7D },  // ▆
    { 0x2587, 0xA8, 0x7E },  // ▇
    { 0x2588, 0xA8, 0x80 },  // █
    { 0x2589, 0xA8, 0x81 },  // ▉
    { 0x258A, 0xA8, 0x82 },  // ▊
    { 0x258B, 0xA8, 0x83 },  // ▋
    { 0x258C, 0xA8, 0x84 },  // ▌
    { 0x258D, 0xA8, 0x85 },  // ▍
    { 0x258E, 0xA8, 0x86 },  // ▎
    { 0x258F, 0xA8, 0x87 },  // ▏
    { 0x2593, 0xA8, 0x88 },  // ▓
    { 0x2594, 0xA8, 0x89 },  // ▔
    { 0x2595, 0xA8, 0x8A },  // ▕
    { 0x25A0, 0xA1, 0xF6 },  // ■
    { 0x25A1, 0xA1, 0xF5 },  // □
    { 0x25B2, 0xA1, 0xF8 },  // ▲
    { 0x25B3, 0xA1, 0xF7 },  // △
    { 0x25BC, 0xA8, 0x8B },  // ▼
    { 0x25BD, 0xA8, 0x8C },  // ▽
    { 0x25C6, 0xA1, 0xF4 },  // ◆
    { 0x25C7, 0xA1, 0xF3 },  // ◇
    { 0x25CB, 0xA1, 0xF0 },  // ○
    { 0x25CE, 0xA1, 0xF2 },  // ◎
    { 0x25CF, 0xA1, 0xF1 },  // ●
    { 0x25E2, 0xA8, 0x8D },  // ◢
    { 0x25E3, 0xA8, 0x8E },  // ◣
    { 0x25E4, 0xA8, 0x8F },  // ◤
    { 0x25E5, 0xA8, 0x90 },  // ◥
    { 0x2605, 0xA1, 0xEF },  // ★
    { 0x2606, 0xA1, 0xEE },  // ☆
    { 0x2609, 0xA8, 0x91 },  // ☉
    { 0x2640, 0xA1, 0xE2 },  // ♀
    { 0x2642, 0xA1, 0xE1 },  // ♂
    { 0x3000, 0xA1, 0xA1 },  // 　
    { 0x3001, 0xA1, 0xA2 },  // 、
    { 0x3002, 0xA1, 0xA3 },  // 。
    { 0x3003, 0xA1, 0xA8 },  // 〃
    { 0x3005, 0xA1, 0xA9 },  // 々
    { 0x3006, 0xA9, 0x65 },  // 〆
    { 0x3007, 0xA9, 0x96 },  // 〇
    { 0x3008, 0xA1, 0xB4 },  // 〈
    { 0x3009, 0xA1, 0xB5 },  // 〉
    { 0x300A, 0xA1, 0xB6 },  // 《
    { 0x300B, 0xA1, 0xB7 },  // 》
    { 0x300C, 0xA1, 0xB8 },  // 「
    { 0x300D, 0xA1, 0xB9 },  // 」
    { 0x300E, 0xA1, 0xBA },  // 『
    { 0x300F, 0xA1, 0xBB },  // 』
    { 0x3010, 0xA1, 0xBE },  // 【
    { 0x3011, 0xA1, 0xBF },  // 】
    { 0x3012, 0xA8, 0x93 },  // 〒
    { 0x3013, 0xA1, 0xFE },  // 〓
    { 0x3014, 0xA1, 0xB2 },  // 〔
    { 0x3015, 0xA1, 0xB3 },  // 〕
    { 0x3016, 0xA1, 0xBC },  // 〖
    { 0x3017, 0xA1, 0xBD },  // 〗
    { 0x301D, 0xA8, 0x94 },  // 〝
    { 0x301E, 0xA8, 0x95 },  // 〞
    { 0x3021, 0xA9, 0x40 },  // 〡
    { 0x3022, 0xA9, 0x41 },  // 〢
    { 0x3023, 0xA9, 0x42 },  // 〣
    { 0x3024, 0xA9, 0x43 },  // 〤
    { 0x3025, 0xA9, 0x44 },  // 〥
    { 0x3026, 0xA9, 0x45 },  // 〦
    { 0x3027, 0xA9, 0x46 },  // 〧
    { 0x3028, 0xA9, 0x47 },  // 〨
    { 0x3029, 0xA9, 0x48 },  // 〩
    { 0x3041, 0xA4, 0xA1 },  // ぁ
    { 0x3042, 0xA4, 0xA2 },  // あ
    { 0x3043, 0xA4, 0xA3 },  // ぃ
    { 0x3044, 0xA4, 0xA4 },  // い
    { 0x3045, 0xA4, 0xA5 },  // ぅ
    { 0x3046, 0xA4, 0xA6 },  // う
    { 0x3047, 0xA4, 0xA7 },  // ぇ
    { 0x3048, 0xA4, 0xA8 },  // え
    { 0x3049, 0xA4, 0xA9 },  // ぉ
    { 0x304A, 0xA4, 0xAA },  // お
    { 0x304B, 0xA4, 0xAB },  // か
    { 0x304C, 0xA4, 0xAC },  // が
    { 0x304D, 0xA4, 0xAD },  // き
    { 0x304E, 0xA4, 0xAE },  // ぎ
    { 0x304F, 0xA4, 0xAF },  // く
    { 0x3050, 0xA4, 0xB0 },  // ぐ
    { 0x3051, 0xA4, 0xB1 },  // け
    { 0x3052, 0xA4, 0xB2 },  // げ
    { 0x3053, 0xA4, 0xB3 },  // こ
    { 0x3054, 0xA4, 0xB4 },  // ご
    { 0x3055, 0xA4, 0xB5 },  // さ
    { 0x3056, 0xA4, 0xB6 },  // ざ
    { 0x3057, 0xA4, 0xB7 },  // し
    { 0x3058, 0xA4, 0xB8 },  // じ
    { 0x3059, 0xA4, 0xB9 },  // す
    { 0x305A, 0xA4, 0xBA },  // ず
    { 0x305B, 0xA4, 0xBB },  // せ
    { 0x305C, 0xA4, 0xBC },  // ぜ
    { 0x305D, 0xA4, 0xBD },  // そ
    { 0x305E, 0xA4, 0xBE },  // ぞ
    { 0x305F, 0xA4, 0xBF },  // た
    { 0x3060, 0xA4, 0xC0 },  // だ
    { 0x3061, 0xA4, 0xC1 },  // ち
    { 0x3062, 0xA4, 0xC2 },  // ぢ
    { 0x3063, 0xA4, 0xC3 },  // っ
    { 0x3064, 0xA4, 0xC4 },  // つ
    { 0x3065, 0xA4, 0xC5 },  // づ
    { 0x3066, 0xA4, 0xC6 },  // て
    { 0x3067, 0xA4, 0xC7 },  // で
    { 0x3068, 0xA4, 0xC8 },  // と
    { 0x3069, 0xA4, 0xC9 },  // ど
    { 0x306A, 0xA4, 0xCA },  // な
    { 0x306B, 0xA4, 0xCB },  // に
    { 0x306C, 0xA4, 0xCC },  // ぬ
    { 0x306D, 0xA4, 0xCD },  // ね
    { 0x306E, 0xA4, 0xCE },  // の
    { 0x306F, 0xA4, 0xCF },  // は
    { 0x3070, 0xA4, 0xD0 },  // ば
    { 0x3071, 0xA4, 0xD1 },  // ぱ
    { 0x3072, 0xA4, 0xD2 },  // ひ
    { 0x3073, 0xA4, 0xD3 },  // び
    { 0x3074, 0xA4, 0xD4 },  // ぴ
    { 0x3075, 0xA4, 0xD5 },  // ふ
    { 0x3076, 0xA4, 0xD6 },  // ぶ
    { 0x3077, 0xA4, 0xD7 },  // ぷ
    { 0x3078, 0xA4, 0xD8 },  // へ
    { 0x3079, 0xA4, 0xD9 },  // べ
    { 0x307A, 0xA4, 0xDA },  // ぺ
    { 0x307B, 0xA4, 0xDB },  // ほ
    { 0x307C, 0xA4, 0xDC },  // ぼ
    { 0x307D, 0xA4, 0xDD },  // ぽ
    { 0x307E, 0xA4, 0xDE },  // ま
    { 0x307F, 0xA4, 0xDF },  // み
    { 0x3080, 0xA4, 0xE0 },  // む
    { 0x3081, 0xA4, 0xE1 },  // め
    { 0x3082, 0xA4, 0xE2 },  // も
    { 0x3083, 0xA4, 0xE3 },  // ゃ
    { 0x3084, 0xA4, 0xE4 },  // や
    { 0x3085, 0xA4, 0xE5 },  // ゅ
    { 0x3086, 0xA4, 0xE6 },  // ゆ
    { 0x3087, 0xA4, 0xE7 },  // ょ
    { 0x3088, 0xA4, 0xE8 },  // よ
    { 0x3089, 0xA4, 0xE9 },  // ら
    { 0x308A, 0xA4, 0xEA },  // り
    { 0x308B, 0xA4, 0xEB },  // る
    { 0x308C, 0xA4, 0xEC },  // れ
    { 0x308D, 0xA4, 0xED },  // ろ
    { 0x308E, 0xA4, 0xEE },  // ゎ
    { 0x308F, 0xA4, 0xEF },  // わ
    { 0x3090, 0xA4, 0xF0 },  // ゐ
    { 0x3091, 0xA4, 0xF1 },  // ゑ
    { 0x3092, 0xA4, 0xF2 },  // を
    { 0x3093, 0xA4, 0xF3 },  // ん
    { 0x309B, 0xA9, 0x61 },  // ゛
    { 0x309C, 0xA9, 0x62 },  // ゜
    { 0x309D, 0xA9, 0x66 },  // ゝ
    { 0x309E, 0xA9, 0x67 },  // ゞ
    { 0x30A1, 0xA5, 0xA1 },  // ァ
    { 0x30A2, 0xA5, 0xA2 },  // ア
    { 0x30A3, 0xA5, 0xA3 },  // ィ
    { 0x30A4, 0xA5, 0xA4 },  // イ
    { 0x30A5, 0xA5, 0xA5 },  // ゥ
    { 0x30A6, 0xA5, 0xA6 },  // ウ
    { 0x30A7, 0xA5, 0xA7 },  // ェ
    { 0x30A8, 0xA5, 0xA8 },  // エ
    { 0x30A9, 0xA5, 0xA9 },  // ォ
    { 0x30AA, 0xA5, 0xAA },  // オ
    { 0x30AB, 0xA5, 0xAB },  // カ
    { 0x30AC, 0xA5, 0xAC },  // ガ
    { 0x30AD, 0xA5, 0xAD },  // キ
    { 0x30AE, 0xA5, 0xAE },  // ギ
    { 0x30AF, 0xA5, 0xAF },  // ク
    { 0x30B0, 0xA5, 0xB0 },  // グ
    { 0x30B1, 0xA5, 0xB1 },  // ケ
    { 0x30B2, 0xA5, 0xB2 },  // ゲ
    { 0x30B3, 0xA5, 0xB3 },  // コ
    { 0x30B4, 0xA5, 0xB4 },  // ゴ
    { 0x30B5, 0xA5, 0xB5 },  // サ
    { 0x30B6, 0xA5, 0xB6 },  // ザ
    { 0x30B7, 0xA5, 0xB7 },  // シ
    { 0x30B8, 0xA5, 0xB8 },  // ジ
    { 0x30B9, 0xA5, 0xB9 },  // ス
    { 0x30BA, 0xA5, 0xBA },  // ズ
    { 0x30BB, 0xA5, 0xBB },  // セ
    { 0x30BC, 0xA5, 0xBC },  // ゼ
    { 0x30BD, 0xA5, 0xBD },  // ソ
    { 0x30BE, 0xA5, 0xBE },  // ゾ
    { 0x30BF, 0xA5, 0xBF },  // タ
    { 0x30C0, 0xA5, 0xC0 },  // ダ
    { 0x30C1, 0xA5, 0xC1 },  // チ
    { 0x30C2, 0xA5, 0xC2 },  // ヂ
    { 0x30C3, 0xA5, 0xC3 },  // ッ
    { 0x30C4, 0xA5, 0xC4 },  // ツ
    { 0x30C5, 0xA5, 0xC5 },  // ヅ
    { 0x30C6, 0xA5, 0xC6 },  // テ
    { 0x30C7, 0xA5, 0xC7 },  // デ
    { 0x30C8, 0xA5, 0xC8 },  // ト
    { 0x30C9, 0xA5, 0xC9 },  // ド
    { 0x30CA, 0xA5, 0xCA },  // ナ
    { 0x30CB, 0xA5, 0xCB },  // ニ
    { 0x30CC, 0xA5, 0xCC },  // ヌ
    { 0x30CD, 0xA5, 0xCD },  // ネ
    { 0x30CE, 0xA5, 0xCE },  // ノ
    { 0x30CF, 0xA5, 0xCF },  // ハ
    { 0x30D0, 0xA5, 0xD0 },  // バ
    { 0x30D1, 0xA5, 0xD1 },  // パ
    { 0x30D2, 0xA5, 0xD2 },  // ヒ
    { 0x30D3, 0xA5, 0xD3 },  // ビ
    { 0x30D4, 0xA5, 0xD4 },  // ピ
    { 0x30D5, 0xA5, 0xD5 },  // フ
    { 0x30D6, 0xA5, 0xD6 },  // ブ
    { 0x30D7, 0xA5, 0xD7 },  // プ
    { 0x30D8, 0xA5, 0xD8 },  // ヘ
    { 0x30D9, 0xA5, 0xD9 },  // ベ
    { 0x30DA, 0xA5, 0xDA },  // ペ
    { 0x30DB, 0xA5, 0xDB },  // ホ
    { 0x30DC, 0xA5, 0xDC },  // ボ
    { 0x30DD, 0xA5, 0xDD },  // ポ
    { 0x30DE, 0xA5, 0xDE },  // マ
    { 0x30DF, 0xA5, 0xDF },  // ミ
    { 0x30E0, 0xA5, 0xE0 },  // ム
    { 0x30E1, 0xA5, 0xE1 },  // メ
    { 0x30E2, 0xA5, 0xE2 },  // モ
    { 0x30E3, 0xA5, 0xE3 },  // ャ
    { 0x30E4, 0xA5, 0xE4 },  // ヤ
    { 0x30E5, 0xA5, 0xE5 },  // ュ
    { 0x30E6, 0xA5, 0xE6 },  // ユ
    { 0x30E7, 0xA5, 0xE7 },  // ョ
    { 0x30E8, 0xA5, 0xE8 },  // ヨ
    { 0x30E9, 0xA5, 0xE9 },  // ラ
    { 0x30EA, 0xA5, 0xEA },  // リ
    { 0x30EB, 0xA5, 0xEB },  // ル
    { 0x30EC, 0xA5, 0xEC },  // レ
    { 0x30ED, 0xA5, 0xED },  // ロ
    { 0x30EE, 0xA5, 0xEE },  // ヮ
    { 0x30EF, 0xA5, 0xEF },  // ワ
    { 0x30F0, 0xA5, 0xF0 },  // ヰ
    { 0x30F1, 0xA5, 0xF1 },  // ヱ
    { 0x30F2, 0xA5, 0xF2 },  // ヲ
    { 0x30F3, 0xA5, 0xF3 },  // ン
    { 0x30F4, 0xA5, 0xF4 },  // ヴ
    { 0x30F5, 0xA5, 0xF5 },  // ヵ
    { 0x30F6, 0xA5, 0xF6 },  // ヶ
    { 0x30FC, 0xA9, 0x60 },  // ー
    { 0x30FD, 0xA9, 0x63 },  // ヽ
    { 0x30FE, 0xA9, 0x64 },  // ヾ
    { 0x3105, 0xA8, 0xC5 },  // ㄅ
    { 0x3106, 0xA8, 0xC6 },  // ㄆ
    { 0x3107, 0xA8, 0xC7 },  // ㄇ
    { 0x3108, 0xA8, 0xC8 },  // ㄈ
    { 0x3109, 0xA8, 0xC9 },  // ㄉ
    { 0x310A, 0xA8, 0xCA },  // ㄊ
    { 0x310B, 0xA8, 0xCB },  // ㄋ
    { 0x310C, 0xA8, 0xCC },  // ㄌ
    { 0x310D, 0xA8, 0xCD },  // ㄍ
    { 0x310E, 0xA8, 0xCE },  // ㄎ
    { 0x310F, 0xA8, 0xCF },  // ㄏ
    { 0x3110, 0xA8, 0xD0 },  // ㄐ
    { 0x3111, 0xA8, 0xD1 },  // ㄑ
    { 0x3112, 0xA8, 0xD2 },  // ㄒ
    { 0x3113, 0xA8, 0xD3 },  // ㄓ
    { 0x3114, 0xA8, 0xD4 },  // ㄔ
    { 0x3115, 0xA8, 0xD5 },  // ㄕ
    { 0x3116, 0xA8, 0xD6 },  // ㄖ
    { 0x3117, 0xA8, 0xD7 },  // ㄗ
    { 0x3118, 0xA8, 0xD8 },  // ㄘ
    { 0x3119, 0xA8, 0xD9 },  // ㄙ
    { 0x311A, 0xA8, 0xDA },  // ㄚ
    { 0x311B, 0xA8, 0xDB },  // ㄛ
    { 0x311C, 0xA8, 0xDC },  // ㄜ
    { 0x311D, 0xA8, 0xDD },  // ㄝ
    { 0x311E, 0xA8, 0xDE },  // ㄞ
    { 0x311F, 0xA8, 0xDF },  // ㄟ
    { 0x3120, 0xA8, 0xE0 },  // ㄠ
    { 0x3121, 0xA8, 0xE1 },  // ㄡ
    { 0x3122, 0xA8, 0xE2 },  // ㄢ
    { 0x3123, 0xA8, 0xE3 },  // ㄣ
    { 0x3124, 0xA8, 0xE4 },  // ㄤ
    { 0x3125, 0xA8, 0xE5 },  // ㄥ
    { 0x3126, 0xA8, 0xE6 },  // ㄦ
    { 0x3127, 0xA8, 0xE7 },  // ㄧ
    { 0x3128, 0xA8, 0xE8 },  // ㄨ
    { 0x3129, 0xA8, 0xE9 },  // ㄩ
    { 0x3220, 0xA2, 0xE5 },  // ㈠
    { 0x3221, 0xA2, 0xE6 },  // ㈡
    { 0x3222, 0xA2, 0xE7 },  // ㈢
    { 0x3223, 0xA2, 0xE8 },  // ㈣
    { 0x3224, 0xA2, 0xE9 },  // ㈤
    { 0x3225, 0xA2, 0xEA },  // ㈥
    { 0x3226, 0xA2, 0xEB },  // ㈦
    { 0x3227, 0xA2, 0xEC },  // ㈧
    { 0x3228, 0xA2, 0xED },  // ㈨
    { 0x3229, 0xA2, 0xEE },  // ㈩
    { 0x3231, 0xA9, 0x5A },  // ㈱
    { 0x32A3, 0xA9, 0x49 },  // ㊣
    { 0x338E, 0xA9, 0x4A },  // ㎎
    { 0x338F, 0xA9, 0x4B },  // ㎏
    { 0x339C, 0xA9, 0x4C },  // ㎜
    { 0x339D, 0xA9, 0x4D },  // ㎝
    { 0x339E, 0xA9, 0x4E },  // ㎞
    { 0x33A1, 0xA9, 0x4F },  // ㎡
    { 0x33C4, 0xA9, 0x50 },  // ㏄
    { 0x33CE, 0xA9, 0x51 },  // ㏎
    { 0x33D1, 0xA9, 0x52 },  // ㏑
    { 0x33D2, 0xA9, 0x53 },  // ㏒
    { 0x33D5, 0xA9, 0x54 },  // ㏕
    { 0x4E00, 0xD2, 0xBB },  // 一
    { 0x4E01, 0xB6, 0xA1 },  // 丁
    { 0x4E02, 0x81, 0x40 },  // 丂
    { 0x4E03, 0xC6, 0xDF },  // 七
    { 0x4E04, 0x81, 0x41 },  // 丄
    { 0x4E05, 0x81, 0x42 },  // 丅
    { 0x4E06, 0x81, 0x43 },  // 丆
    { 0x4E07, 0xCD, 0xF2 },  // 万
    { 0x4E08, 0xD5, 0xC9 },  // 丈
    { 0x4E09, 0xC8, 0xFD },  // 三
    { 0x4E0A, 0xC9, 0xCF },  // 上
    { 0x4E0B, 0xCF, 0xC2 },  // 下
    { 0x4E0C, 0xD8, 0xA2 },  // 丌
    { 0x4E0D, 0xB2, 0xBB },  // 不
    { 0x4E0E, 0xD3, 0xEB },  // 与
    { 0x4E0F, 0x81, 0x44 },  // 丏
    { 0x4E10, 0xD8, 0xA4 },  // 丐
    { 0x4E11, 0xB3, 0xF3 },  // 丑
    { 0x4E12, 0x81, 0x45 },  // 丒
    { 0x4E13, 0xD7, 0xA8 },  // 专
    { 0x4E14, 0xC7, 0xD2 },  // 且
    { 0x4E15, 0xD8, 0xA7 },  // 丕
    { 0x4E16, 0xCA, 0xC0 },  // 世
    { 0x4E17, 0x81, 0x46 },  // 丗
    { 0x4E18, 0xC7, 0xF0 },  // 丘
    { 0x4E19, 0xB1, 0xFB },  // 丙
    { 0x4E1A, 0xD2, 0xB5 },  // 业
    { 0x4E1B, 0xB4, 0xD4 },  // 丛
    { 0x4E1C, 0xB6, 0xAB },  // 东
    { 0x4E1D, 0xCB, 0xBF },  // 丝
    { 0x4E1E, 0xD8, 0xA9 },  // 丞
    { 0x4E1F, 0x81, 0x47 },  // 丟
    { 0x4E20, 0x81, 0x48 },  // 丠
    { 0x4E21, 0x81, 0x49 },  // 両
    { 0x4E22, 0xB6, 0xAA },  // 丢
    { 0x4E23, 0x81, 0x4A },  // 丣
    { 0x4E24, 0xC1, 0xBD },  // 两
    { 0x4E25, 0xD1, 0xCF },  // 严
    { 0x4E26, 0x81, 0x4B },  // 並
    { 0x4E27, 0xC9, 0xA5 },  // 丧
    { 0x4E28, 0xD8, 0xAD },  // 丨
    { 0x4E29, 0x81, 0x4C },  // 丩
    { 0x4E2A, 0xB8, 0xF6 },  // 个
    { 0x4E2B, 0xD1, 0xBE },  // 丫
    { 0x4E2C, 0xE3, 0xDC },  // 丬
    { 0x4E2D, 0xD6, 0xD0 },  // 中
    { 0x4E2E, 0x81, 0x4D },  // 丮
    { 0x4E2F, 0x81, 0x4E },  // 丯
    { 0x4E30, 0xB7, 0xE1 },  // 丰
    { 0x4E31, 0x81, 0x4F },  // 丱
    { 0x4E32, 0xB4, 0xAE },  // 串
    { 0x4E33, 0x81, 0x50 },  // 丳
    { 0x4E34, 0xC1, 0xD9 },  // 临
    { 0x4E35, 0x81, 0x51 },  // 丵
    { 0x4E36, 0xD8, 0xBC },  // 丶
    { 0x4E37, 0x81, 0x52 },  // 丷
    { 0x4E38, 0xCD, 0xE8 },  // 丸
    { 0x4E39, 0xB5, 0xA4 },  // 丹
    { 0x4E3A, 0xCE, 0xAA },  // 为
    { 0x4E3B, 0xD6, 0xF7 },  // 主
    { 0x4E3C, 0x81, 0x53 },  // 丼
    { 0x4E3D, 0xC0, 0xF6 },  // 丽
    { 0x4E3E, 0xBE, 0xD9 },  // 举
    { 0x4E3F, 0xD8, 0xAF },  // 丿
    { 0x4E40, 0x81, 0x54 },  // 乀
    { 0x4E41, 0x81, 0x55 },  // 乁
    { 0x4E42, 0x81, 0x56 },  // 乂
    { 0x4E43, 0xC4, 0xCB },  // 乃
    { 0x4E44, 0x81, 0x57 },  // 乄
    { 0x4E45, 0xBE, 0xC3 },  // 久
    { 0x4E46, 0x81, 0x58 },  // 乆
    { 0x4E47, 0xD8, 0xB1 },  // 乇
    { 0x4E48, 0xC3, 0xB4 },  // 么
    { 0x4E49, 0xD2, 0xE5 },  // 义
    { 0x4E4A, 0x81, 0x59 },  // 乊
    { 0x4E4B, 0xD6, 0xAE },  // 之
    { 0x4E4C, 0xCE, 0xDA },  // 乌
    { 0x4E4D, 0xD5, 0xA7 },  // 乍
    { 0x4E4E, 0xBA, 0xF5 },  // 乎
    { 0x4E4F, 0xB7, 0xA6 },  // 乏
    { 0x4E50, 0xC0, 0xD6 },  // 乐
    { 0x4E51, 0x81, 0x5A },  // 乑
    { 0x4E52, 0xC6, 0xB9 },  // 乒
    { 0x4E53, 0xC5, 0xD2 },  // 乓
    { 0x4E54, 0xC7, 0xC7 },  // 乔
    { 0x4E55, 0x81, 0x5B },  // 乕
    { 0x4E56, 0xB9, 0xD4 },  // 乖
    { 0x4E57, 0x81, 0x5C },  // 乗
    { 0x4E58, 0xB3, 0xCB },  // 乘
    { 0x4E59, 0xD2, 0xD2 },  // 乙
    { 0x4E5A, 0x81, 0x5D },  // 乚
    { 0x4E5B, 0x81, 0x5E },  // 乛
    { 0x4E5C, 0xD8, 0xBF },  // 乜
    { 0x4E5D, 0xBE, 0xC5 },  // 九
    { 0x4E5E, 0xC6, 0xF2 },  // 乞
    { 0x4E5F, 0xD2, 0xB2 },  // 也
    { 0x4E60, 0xCF, 0xB0 },  // 习
    { 0x4E61, 0xCF, 0xE7 },  // 乡
    { 0x4E62, 0x81, 0x5F },  // 乢
    { 0x4E63, 0x81, 0x60 },  // 乣
    { 0x4E64, 0x81, 0x61 },  // 乤
    { 0x4E65, 0x81, 0x62 },  // 乥
    { 0x4E66, 0xCA, 0xE9 },  // 书
    { 0x4E67, 0x81, 0x63 },  // 乧
    { 0x4E68, 0x81, 0x64 },  // 乨
    { 0x4E69, 0xD8, 0xC0 },  // 乩
    { 0x4E6A, 0x81, 0x65 },  // 乪
    { 0x4E6B, 0x81, 0x66 },  // 乫
    { 0x4E6C, 0x81, 0x67 },  // 乬
    { 0x4E6D, 0x81, 0x68 },  // 乭
    { 0x4E6E, 0x81, 0x69 },  // 乮
    { 0x4E6F, 0x81, 0x6A },  // 乯
    { 0x4E70, 0xC2, 0xF2 },  // 买
    { 0x4E71, 0xC2, 0xD2 },  // 乱
    { 0x4E72, 0x81, 0x6B },  // 乲
    { 0x4E73, 0xC8, 0xE9 },  // 乳
    { 0x4E74, 0x81, 0x6C },  // 乴
    { 0x4E75, 0x81, 0x6D },  // 乵
    { 0x4E76, 0x81, 0x6E },  // 乶
    { 0x4E77, 0x81, 0x6F },  // 乷
    { 0x4E78, 0x81, 0x70 },  // 乸
    { 0x4E79, 0x81, 0x71 },  // 乹
    { 0x4E7A, 0x81, 0x72 },  // 乺
    { 0x4E7B, 0x81, 0x73 },  // 乻
    { 0x4E7C, 0x81, 0x74 },  // 乼
    { 0x4E7D, 0x81, 0x75 },  // 乽
    { 0x4E7E, 0xC7, 0xAC },  // 乾
    { 0x4E7F, 0x81, 0x76 },  // 乿
    { 0x4E80, 0x81, 0x77 },  // 亀
    { 0x4E81, 0x81, 0x78 },  // 亁
    { 0x4E82, 0x81, 0x79 },  // 亂
    { 0x4E83, 0x81, 0x7A },  // 亃
    { 0x4E84, 0x81, 0x7B },  // 亄
    { 0x4E85, 0x81, 0x7C },  // 亅
    { 0x4E86, 0xC1, 0xCB },  // 了
    { 0x4E87, 0x81, 0x7D },  // 亇
    { 0x4E88, 0xD3, 0xE8 },  // 予
    { 0x4E89, 0xD5, 0xF9 },  // 争
    { 0x4E8A, 0x81, 0x7E },  // 亊
    { 0x4E8B, 0xCA, 0xC2 },  // 事
    { 0x4E8C, 0xB6, 0xFE },  // 二
    { 0x4E8D, 0xD8, 0xA1 },  // 亍
    { 0x4E8E, 0xD3, 0xDA },  // 于
    { 0x4E8F, 0xBF, 0xF7 },  // 亏
    { 0x4E90, 0x81, 0x80 },  // 亐
    { 0x4E91, 0xD4, 0xC6 },  // 云
    { 0x4E92, 0xBB, 0xA5 },  // 互
    { 0x4E93, 0xD8, 0xC1 },  // 亓
    { 0x4E94, 0xCE, 0xE5 },  // 五
    { 0x4E95, 0xBE, 0xAE },  // 井
    { 0x4E96, 0x81, 0x81 },  // 亖
    { 0x4E97, 0x81, 0x82 },  // 亗
    { 0x4E98, 0xD8, 0xA8 },  // 亘
    { 0x4E99, 0x81, 0x83 },  // 亙
    { 0x4E9A, 0xD1, 0xC7 },  // 亚
    { 0x4E9B, 0xD0, 0xA9 },  // 些
    { 0x4E9C, 0x81, 0x84 },  // 亜
    { 0x4E9D, 0x81, 0x85 },  // 亝
    { 0x4E9E, 0x81, 0x86 },  // 亞
    { 0x4E9F, 0xD8, 0xBD },  // 亟
    { 0x4EA0, 0xD9, 0xEF },  // 亠
    { 0x4EA1, 0xCD, 0xF6 },  // 亡
    { 0x4EA2, 0xBF, 0xBA },  // 亢
    { 0x4EA3, 0x81, 0x87 },  // 亣
    { 0x4EA4, 0xBD, 0xBB },  // 交
    { 0x4EA5, 0xBA, 0xA5 },  // 亥
    { 0x4EA6, 0xD2, 0xE0 },  // 亦
    { 0x4EA7, 0xB2, 0xFA },  // 产
    { 0x4EA8, 0xBA, 0xE0 },  // 亨
    { 0x4EA9, 0xC4, 0xB6 },  // 亩
    { 0x4EAA, 0x81, 0x88 },  // 亪
    { 0x4EAB, 0xCF, 0xED },  // 享
    { 0x4EAC, 0xBE, 0xA9 },  // 京
    { 0x4EAD, 0xCD, 0xA4 },  // 亭
    { 0x4EAE, 0xC1, 0xC1 },  // 亮
    { 0x4EAF, 0x81, 0x89 },  // 亯
    { 0x4EB0, 0x81, 0x8A },  // 亰
    { 0x4EB1, 0x81, 0x8B },  // 亱
    { 0x4EB2, 0xC7, 0xD7 },  // 亲
    { 0x4EB3, 0xD9, 0xF1 },  // 亳
    { 0x4EB4, 0x81, 0x8C },  // 亴
    { 0x4EB5, 0xD9, 0xF4 },  // 亵
    { 0x4EB6, 0x81, 0x8D },  // 亶
    { 0x4EB7, 0x81, 0x8E },  // 亷
    { 0x4EB8, 0x81, 0x8F },  // 亸
    { 0x4EB9, 0x81, 0x90 },  // 亹
    { 0x4EBA, 0xC8, 0xCB },  // 人
    { 0x4EBB, 0xD8, 0xE9 },  // 亻
    { 0x4EBC, 0x81, 0x91 },  // 亼
    { 0x4EBD, 0x81, 0x92 },  // 亽
    { 0x4EBE, 0x81, 0x93 },  // 亾
    { 0x4EBF, 0xD2, 0xDA },  // 亿
    { 0x4EC0, 0xCA, 0xB2 },  // 什
    { 0x4EC1, 0xC8, 0xCA },  // 仁
    { 0x4EC2, 0xD8, 0xEC },  // 仂
    { 0x4EC3, 0xD8, 0xEA },  // 仃
    { 0x4EC4, 0xD8, 0xC6 },  // 仄
    { 0x4EC5, 0xBD, 0xF6 },  // 仅
    { 0x4EC6, 0xC6, 0xCD },  // 仆
    { 0x4EC7, 0xB3, 0xF0 },  // 仇
    { 0x4EC8, 0x81, 0x94 },  // 仈
    { 0x4EC9, 0xD8, 0xEB },  // 仉
    { 0x4ECA, 0xBD, 0xF1 },  // 今
    { 0x4ECB, 0xBD, 0xE9 },  // 介
    { 0x4ECC, 0x81, 0x95 },  // 仌
    { 0x4ECD, 0xC8, 0xD4 },  // 仍
    { 0x4ECE, 0xB4, 0xD3 },  // 从
    { 0x4ECF, 0x81, 0x96 },  // 仏
    { 0x4ED0, 0x81, 0x97 },  // 仐
    { 0x4ED1, 0xC2, 0xD8 },  // 仑
    { 0x4ED2, 0x81, 0x98 },  // 仒
    { 0x4ED3, 0xB2, 0xD6 },  // 仓
    { 0x4ED4, 0xD7, 0xD0 },  // 仔
    { 0x4ED5, 0xCA, 0xCB },  // 仕
    { 0x4ED6, 0xCB, 0xFB },  // 他
    { 0x4ED7, 0xD5, 0xCC },  // 仗
    { 0x4ED8, 0xB8, 0xB6 },  // 付
    { 0x4ED9, 0xCF, 0xC9 },  // 仙
    { 0x4EDA, 0x81, 0x99 },  // 仚
    { 0x4EDB, 0x81, 0x9A },  // 仛
    { 0x4EDC, 0x81, 0x9B },  // 仜
    { 0x4EDD, 0xD9, 0xDA },  // 仝
    { 0x4EDE, 0xD8, 0xF0 },  // 仞
    { 0x4EDF, 0xC7, 0xAA },  // 仟
    { 0x4EE0, 0x81, 0x9C },  // 仠
    { 0x4EE1, 0xD8, 0xEE },  // 仡
    { 0x4EE2, 0x81, 0x9D },  // 仢
    { 0x4EE3, 0xB4, 0xFA },  // 代
    { 0x4EE4, 0xC1, 0xEE },  // 令
    { 0x4EE5, 0xD2, 0xD4 },  // 以
    { 0x4EE6, 0x81, 0x9E },  // 仦
    { 0x4EE7, 0x81, 0x9F },  // 仧
    { 0x4EE8, 0xD8, 0xED },  // 仨
    { 0x4EE9, 0x81, 0xA0 },  // 仩
    { 0x4EEA, 0xD2, 0xC7 },  // 仪
    { 0x4EEB, 0xD8, 0xEF },  // 仫
    { 0x4EEC, 0xC3, 0xC7 },  // 们
    { 0x4EED, 0x81, 0xA1 },  // 仭
    { 0x4EEE, 0x81, 0xA2 },  // 仮
    { 0x4EEF, 0x81, 0xA3 },  // 仯
    { 0x4EF0, 0xD1, 0xF6 },  // 仰
    { 0x4EF1, 0x81, 0xA4 },  // 仱
    { 0x4EF2, 0xD6, 0xD9 },  // 仲
    { 0x4EF3, 0xD8, 0xF2 },  // 仳
    { 0x4EF4, 0x81, 0xA5 },  // 仴
    { 0x4EF5, 0xD8, 0xF5 },  // 仵
    { 0x4EF6, 0xBC, 0xFE },  // 件
    { 0x4EF7, 0xBC, 0xDB },  // 价
    { 0x4EF8, 0x81, 0xA6 },  // 仸
    { 0x4EF9, 0x81, 0xA7 },  // 仹
    { 0x4EFA, 0x81, 0xA8 },  // 仺
    { 0x4EFB, 0xC8, 0xCE },  // 任
    { 0x4EFC, 0x81, 0xA9 },  // 仼
    { 0x4EFD, 0xB7, 0xDD },  // 份
    { 0x4EFE, 0x81, 0xAA },  // 仾
    { 0x4EFF, 0xB7, 0xC2 },  // 仿
    { 0x4F00, 0x81, 0xAB },  // 伀
    { 0x4F01, 0xC6, 0xF3 },  // 企
    { 0x4F02, 0x81, 0xAC },  // 伂
    { 0x4F03, 0x81, 0xAD },  // 伃
    { 0x4F04, 0x81, 0xAE },  // 伄
    { 0x4F05, 0x81, 0xAF },  // 伅
    { 0x4F06, 0x81, 0xB0 },  // 伆
    { 0x4F07, 0x81, 0xB1 },  // 伇
    { 0x4F08, 0x81, 0xB2 },  // 伈
    { 0x4F09, 0xD8, 0xF8 },  // 伉
    { 0x4F0A, 0xD2, 0xC1 },  // 伊
    { 0x4F0B, 0x81, 0xB3 },  // 伋
    { 0x4F0C, 0x81, 0xB4 },  // 伌
    { 0x4F0D, 0xCE, 0xE9 },  // 伍
    { 0x4F0E, 0xBC, 0xBF },  // 伎
    { 0x4F0F, 0xB7, 0xFC },  // 伏
    { 0x4F10, 0xB7, 0xA5 },  // 伐
    { 0x4F11, 0xD0, 0xDD },  // 休
    { 0x4F12, 0x81, 0xB5 },  // 伒
    { 0x4F13, 0x81, 0xB6 },  // 伓
    { 0x4F14, 0x81, 0xB7 },  // 伔
    { 0x4F15, 0x81, 0xB8 },  // 伕
    { 0x4F16, 0x81, 0xB9 },  // 伖
    { 0x4F17, 0xD6, 0xDA },  // 众
    { 0x4F18, 0xD3, 0xC5 },  // 优
    { 0x4F19, 0xBB, 0xEF },  // 伙
    { 0x4F1A, 0xBB, 0xE1 },  // 会
    { 0x4F1B, 0xD8, 0xF1 },  // 伛
    { 0x4F1C, 0x81, 0xBA },  // 伜
    { 0x4F1D, 0x81, 0xBB },  // 伝
    { 0x4F1E, 0xC9, 0xA1 },  // 伞
    { 0x4F1F, 0xCE, 0xB0 },  // 伟
    { 0x4F20, 0xB4, 0xAB },  // 传
    { 0x4F21, 0x81, 0xBC },  // 伡
    { 0x4F22, 0xD8, 0xF3 },  // 伢
    { 0x4F23, 0x81, 0xBD },  // 伣
    { 0x4F24, 0xC9, 0xCB },  // 伤
    { 0x4F25, 0xD8, 0xF6 },  // 伥
    { 0x4F26, 0xC2, 0xD7 },  // 伦
    { 0x4F27, 0xD8, 0xF7 },  // 伧
    { 0x4F28, 0x81, 0xBE },  // 伨
    { 0x4F29, 0x81, 0xBF },  // 伩
    { 0x4F2A, 0xCE, 0xB1 },  // 伪
    { 0x4F2B, 0xD8, 0xF9 },  // 伫
    { 0x4F2C, 0x81, 0xC0 },  // 伬
    { 0x4F2D, 0x81, 0xC1 },  // 伭
    { 0x4F2E, 0x81, 0xC2 },  // 伮
    { 0x4F2F, 0xB2, 0xAE },  // 伯
    { 0x4F30, 0xB9, 0xC0 },  // 估
    { 0x4F31, 0x81, 0xC3 },  // 伱
    { 0x4F32, 0xD9, 0xA3 },  // 伲
    { 0x4F33, 0x81, 0xC4 },  // 伳
    { 0x4F34, 0xB0, 0xE9 },  // 伴
    { 0x4F35, 0x81, 0xC5 },  // 伵
    { 0x4F36, 0xC1, 0xE6 },  // 伶
    { 0x4F37, 0x81, 0xC6 },  // 伷
    { 0x4F38, 0xC9, 0xEC },  // 伸
    { 0x4F39, 0x81, 0xC7 },  // 伹
    { 0x4F3A, 0xCB, 0xC5 },  // 伺
    { 0x4F3B, 0x81, 0xC8 },  // 伻
    { 0x4F3C, 0xCB, 0xC6 },  // 似
    { 0x4F3D, 0xD9, 0xA4 },  // 伽
    { 0x4F3E, 0x81, 0xC9 },  // 伾
    { 0x4F3F, 0x81, 0xCA },  // 伿
    { 0x4F40, 0x81, 0xCB },  // 佀
    { 0x4F41, 0x81, 0xCC },  // 佁
    { 0x4F42, 0x81, 0xCD },  // 佂
    { 0x4F43, 0xB5, 0xE8 },  // 佃
    { 0x4F44, 0x81, 0xCE },  // 佄
    { 0x4F45, 0x81, 0xCF },  // 佅
    { 0x4F46, 0xB5, 0xAB },  // 但
    { 0x4F47, 0x81, 0xD0 },  // 佇
    { 0x4F48, 0x81, 0xD1 },  // 佈
    { 0x4F49, 0x81, 0xD2 },  // 佉
    { 0x4F4A, 0x81, 0xD3 },  // 佊
    { 0x4F4B, 0x81, 0xD4 },  // 佋
    { 0x4F4C, 0x81, 0xD5 },  // 佌
    { 0x4F4D, 0xCE, 0xBB },  // 位
    { 0x4F4E, 0xB5, 0xCD },  // 低
    { 0x4F4F, 0xD7, 0xA1 },  // 住
    { 0x4F50, 0xD7, 0xF4 },  // 佐
    { 0x4F51, 0xD3, 0xD3 },  // 佑
    { 0x4F52, 0x81, 0xD6 },  // 佒
    { 0x4F53, 0xCC, 0xE5 },  // 体
    { 0x4F54, 0x81, 0xD7 },  // 佔
    { 0x4F55, 0xBA, 0xCE },  // 何
    { 0x4F56, 0x81, 0xD8 },  // 佖
    { 0x4F57, 0xD9, 0xA2 },  // 佗
    { 0x4F58, 0xD9, 0xDC },  // 佘
    { 0x4F59, 0xD3, 0xE0 },  // 余
    { 0x4F5A, 0xD8, 0xFD },  // 佚
    { 0x4F5B, 0xB7, 0xF0 },  // 佛
    { 0x4F5C, 0xD7, 0xF7 },  // 作
    { 0x4F5D, 0xD8, 0xFE },  // 佝
    { 0x4F5E, 0xD8, 0xFA },  // 佞
    { 0x4F5F, 0xD9, 0xA1 },  // 佟
    { 0x4F60, 0xC4, 0xE3 },  // 你
    { 0x4F61, 0x81, 0xD9 },  // 佡
    { 0x4F62, 0x81, 0xDA },  // 佢
    { 0x4F63, 0xD3, 0xB6 },  // 佣
    { 0x4F64, 0xD8, 0xF4 },  // 佤
    { 0x4F65, 0xD9, 0xDD },  // 佥
    { 0x4F66, 0x81, 0xDB },  // 佦
    { 0x4F67, 0xD8, 0xFB },  // 佧
    { 0x4F68, 0x81, 0xDC },  // 佨
    { 0x4F69, 0xC5, 0xE5 },  // 佩
    { 0x4F6A, 0x81, 0xDD },  // 佪
    { 0x4F6B, 0x81, 0xDE },  // 佫
    { 0x4F6C, 0xC0, 0xD0 },  // 佬
    { 0x4F6D, 0x81, 0xDF },  // 佭
    { 0x4F6E, 0x81, 0xE0 },  // 佮
    { 0x4F6F, 0xD1, 0xF0 },  // 佯
    { 0x4F70, 0xB0, 0xDB },  // 佰
    { 0x4F71, 0x81, 0xE1 },  // 佱
    { 0x4F72, 0x81, 0xE2 },  // 佲
    { 0x4F73, 0xBC, 0xD1 },  // 佳
    { 0x4F74, 0xD9, 0xA6 },  // 佴
    { 0x4F75, 0x81, 0xE3 },  // 併
    { 0x4F76, 0xD9, 0xA5 },  // 佶
    { 0x4F77, 0x81, 0xE4 },  // 佷
    { 0x4F78, 0x81, 0xE5 },  // 佸
    { 0x4F79, 0x81, 0xE6 },  // 佹
    { 0x4F7A, 0x81, 0xE7 },  // 佺
    { 0x4F7B, 0xD9, 0xAC },  // 佻
    { 0x4F7C, 0xD9, 0xAE },  // 佼
    { 0x4F7D, 0x81, 0xE8 },  // 佽
    { 0x4F7E, 0xD9, 0xAB },  // 佾
    { 0x4F7F, 0xCA, 0xB9 },  // 使
    { 0x4F80, 0x81, 0xE9 },  // 侀
    { 0x4F81, 0x81, 0xEA },  // 侁
    { 0x4F82, 0x81, 0xEB },  // 侂
    { 0x4F83, 0xD9, 0xA9 },  // 侃
    { 0x4F84, 0xD6, 0xB6 },  // 侄
    { 0x4F85, 0x81, 0xEC },  // 侅
    { 0x4F86, 0x81, 0xED },  // 來
    { 0x4F87, 0x81, 0xEE },  // 侇
    { 0x4F88, 0xB3, 0xDE },  // 侈
    { 0x4F89, 0xD9, 0xA8 },  // 侉
    { 0x4F8A, 0x81, 0xEF },  // 侊
    { 0x4F8B, 0xC0, 0xFD },  // 例
    { 0x4F8C, 0x81, 0xF0 },  // 侌
    { 0x4F8D, 0xCA, 0xCC },  // 侍
    { 0x4F8E, 0x81, 0xF1 },  // 侎
    { 0x4F8F, 0xD9, 0xAA },  // 侏
    { 0x4F90, 0x81, 0xF2 },  // 侐
    { 0x4F91, 0xD9, 0xA7 },  // 侑
    { 0x4F92, 0x81, 0xF3 },  // 侒
    { 0x4F93, 0x81, 0xF4 },  // 侓
    { 0x4F94, 0xD9, 0xB0 },  // 侔
    { 0x4F95, 0x81, 0xF5 },  // 侕
    { 0x4F96, 0x81, 0xF6 },  // 侖
    { 0x4F97, 0xB6, 0xB1 },  // 侗
    { 0x4F98, 0x81, 0xF7 },  // 侘
    { 0x4F99, 0x81, 0xF8 },  // 侙
    { 0x4F9A, 0x81, 0xF9 },  // 侚
    { 0x4F9B, 0xB9, 0xA9 },  // 供
    { 0x4F9C, 0x81, 0xFA },  // 侜
    { 0x4F9D, 0xD2, 0xC0 },  // 依
    { 0x4F9E, 0x81, 0xFB },  // 侞
    { 0x4F9F, 0x81, 0xFC },  // 侟
    { 0x4FA0, 0xCF, 0xC0 },  // 侠
    { 0x4FA1, 0x81, 0xFD },  // 価
    { 0x4FA2, 0x81, 0xFE },  // 侢
    { 0x4FA3, 0xC2, 0xC2 },  // 侣
    { 0x4FA4, 0x82, 0x40 },  // 侤
    { 0x4FA5, 0xBD, 0xC4 },  // 侥
    { 0x4FA6, 0xD5, 0xEC },  // 侦
    { 0x4FA7, 0xB2, 0xE0 },  // 侧
    { 0x4FA8, 0xC7, 0xC8 },  // 侨
    { 0x4FA9, 0xBF, 0xEB },  // 侩
    { 0x4FAA, 0xD9, 0xAD },  // 侪
    { 0x4FAB, 0x82, 0x41 },  // 侫
    { 0x4FAC, 0xD9, 0xAF },  // 侬
    { 0x4FAD, 0x82, 0x42 },  // 侭
    { 0x4FAE, 0xCE, 0xEA },  // 侮
    { 0x4FAF, 0xBA, 0xEE },  // 侯
    { 0x4FB0, 0x82, 0x43 },  // 侰
    { 0x4FB1, 0x82, 0x44 },  // 侱
    { 0x4FB2, 0x82, 0x45 },  // 侲
    { 0x4FB3, 0x82, 0x46 },  // 侳
    { 0x4FB4, 0x82, 0x47 },  // 侴
    { 0x4FB5, 0xC7, 0xD6 },  // 侵
    { 0x4FB6, 0x82, 0x48 },  // 侶
    { 0x4FB7, 0x82, 0x49 },  // 侷
    { 0x4FB8, 0x82, 0x4A },  // 侸
    { 0x4FB9, 0x82, 0x4B },  // 侹
    { 0x4FBA, 0x82, 0x4C },  // 侺
    { 0x4FBB, 0x82, 0x4D },  // 侻
    { 0x4FBC, 0x82, 0x4E },  // 侼
    { 0x4FBD, 0x82, 0x4F },  // 侽
    { 0x4FBE, 0x82, 0x50 },  // 侾
    { 0x4FBF, 0xB1, 0xE3 },  // 便
    { 0x4FC0, 0x82, 0x51 },  // 俀
    { 0x4FC1, 0x82, 0x52 },  // 俁
    { 0x4FC2, 0x82, 0x53 },  // 係
    { 0x4FC3, 0xB4, 0xD9 },  // 促
    { 0x4FC4, 0xB6, 0xED },  // 俄
    { 0x4FC5, 0xD9, 0xB4 },  // 俅
    { 0x4FC6, 0x82, 0x54 },  // 俆
    { 0x4FC7, 0x82, 0x55 },  // 俇
    { 0x4FC8, 0x82, 0x56 },  // 俈
    { 0x4FC9, 0x82, 0x57 },  // 俉
    { 0x4FCA, 0xBF, 0xA1 },  // 俊
    { 0x4FCB, 0x82, 0x58 },  // 俋
    { 0x4FCC, 0x82, 0x59 },  // 俌
    { 0x4FCD, 0x82, 0x5A },  // 俍
    { 0x4FCE, 0xD9, 0xDE },  // 俎
    { 0x4FCF, 0xC7, 0xCE },  // 俏
    { 0x4FD0, 0xC0, 0xFE },  // 俐
    { 0x4FD1, 0xD9, 0xB8 },  // 俑
    { 0x4FD2, 0x82, 0x5B },  // 俒
    { 0x4FD3, 0x82, 0x5C },  // 俓
    { 0x4FD4, 0x82, 0x5D },  // 俔
    { 0x4FD5, 0x82, 0x5E },  // 俕
    { 0x4FD6, 0x82, 0x5F },  // 俖
    { 0x4FD7, 0xCB, 0xD7 },  // 俗
    { 0x4FD8, 0xB7, 0xFD },  // 俘
    { 0x4FD9, 0x82, 0x60 },  // 俙
    { 0x4FDA, 0xD9, 0xB5 },  // 俚
    { 0x4FDB, 0x82, 0x61 },  // 俛
    { 0x4FDC, 0xD9, 0xB7 },  // 俜
    { 0x4FDD, 0xB1, 0xA3 },  // 保
    { 0x4FDE, 0xD3, 0xE1 },  // 俞
    { 0x4FDF, 0xD9, 0xB9 },  // 俟
    { 0x4FE0, 0x82, 0x62 },  // 俠
    { 0x4FE1, 0xD0, 0xC5 },  // 信
    { 0x4FE2, 0x82, 0x63 },  // 俢
    { 0x4FE3, 0xD9, 0xB6 },  // 俣
    { 0x4FE4, 0x82, 0x64 },  // 俤
    { 0x4FE5, 0x82, 0x65 },  // 俥
    { 0x4FE6, 0xD9, 0xB1 },  // 俦
    { 0x4FE7, 0x82, 0x66 },  // 俧
    { 0x4FE8, 0xD9, 0xB2 },  // 俨
    { 0x4FE9, 0xC1, 0xA9 },  // 俩
    { 0x4FEA, 0xD9, 0xB3 },  // 俪
    { 0x4FEB, 0x82, 0x67 },  // 俫
    { 0x4FEC, 0x82, 0x68 },  // 俬
    { 0x4FED, 0xBC, 0xF3 },  // 俭
    { 0x4FEE, 0xD0, 0xDE },  // 修
    { 0x4FEF, 0xB8, 0xA9 },  // 俯
    { 0x4FF0, 0x82, 0x69 },  // 俰
    { 0x4FF1, 0xBE, 0xE3 },  // 俱
    { 0x4FF2, 0x82, 0x6A },  // 俲
    { 0x4FF3, 0xD9, 0xBD },  // 俳
    { 0x4FF4, 0x82, 0x6B },  // 俴
    { 0x4FF5, 0x82, 0x6C },  // 俵
    { 0x4FF6, 0x82, 0x6D },  // 俶
    { 0x4FF7, 0x82, 0x6E },  // 俷
    { 0x4FF8, 0xD9, 0xBA },  // 俸
    { 0x4FF9, 0x82, 0x6F },  // 俹
    { 0x4FFA, 0xB0, 0xB3 },  // 俺
    { 0x4FFB, 0x82, 0x70 },  // 俻
    { 0x4FFC, 0x82, 0x71 },  // 俼
    { 0x4FFD, 0x82, 0x72 },  // 俽
    { 0x4FFE, 0xD9, 0xC2 },  // 俾
    { 0x4FFF, 0x82, 0x73 },  // 俿
    { 0x5000, 0x82, 0x74 },  // 倀
    { 0x5001, 0x82, 0x75 },  // 倁
    { 0x5002, 0x82, 0x76 },  // 倂
    { 0x5003, 0x82, 0x77 },  // 倃
    { 0x5004, 0x82, 0x78 },  // 倄
    { 0x5005, 0x82, 0x79 },  // 倅
    { 0x5006, 0x82, 0x7A },  // 倆
    { 0x5007, 0x82, 0x7B },  // 倇
    { 0x5008, 0x82, 0x7C },  // 倈
    { 0x5009, 0x82, 0x7D },  // 倉
    { 0x500A, 0x82, 0x7E },  // 倊
    { 0x500B, 0x82, 0x80 },  // 個
    { 0x500C, 0xD9, 0xC4 },  // 倌
    { 0x500D, 0xB1, 0xB6 },  // 倍
    { 0x500E, 0x82, 0x81 },  // 倎
    { 0x500F, 0xD9, 0xBF },  // 倏
    { 0x5010, 0x82, 0x82 },  // 倐
    { 0x5011, 0x82, 0x83 },  // 們
    { 0x5012, 0xB5, 0xB9 },  // 倒
    { 0x5013, 0x82, 0x84 },  // 倓
    { 0x5014, 0xBE, 0xF3 },  // 倔
    { 0x5015, 0x82, 0x85 },  // 倕
    { 0x5016, 0x82, 0x86 },  // 倖
    { 0x5017, 0x82, 0x87 },  // 倗
    { 0x5018, 0xCC, 0xC8 },  // 倘
    { 0x5019, 0xBA, 0xF2 },  // 候
    { 0x501A, 0xD2, 0xD0 },  // 倚
    { 0x501B, 0x82, 0x88 },  // 倛
    { 0x501C, 0xD9, 0xC3 },  // 倜
    { 0x501D, 0x82, 0x89 },  // 倝
    { 0x501E, 0x82, 0x8A },  // 倞
    { 0x501F, 0xBD, 0xE8 },  // 借
    { 0x5020, 0x82, 0x8B },  // 倠
    { 0x5021, 0xB3, 0xAB },  // 倡
    { 0x5022, 0x82, 0x8C },  // 倢
    { 0x5023, 0x82, 0x8D },  // 倣
    { 0x5024, 0x82, 0x8E },  // 値
    { 0x5025, 0xD9, 0xC5 },  // 倥
    { 0x5026, 0xBE, 0xEB },  // 倦
    { 0x5027, 0x82, 0x8F },  // 倧
    { 0x5028, 0xD9, 0xC6 },  // 倨
    { 0x5029, 0xD9, 0xBB },  // 倩
    { 0x502A, 0xC4, 0xDF },  // 倪
    { 0x502B, 0x82, 0x90 },  // 倫
    { 0x502C, 0xD9, 0xBE },  // 倬
    { 0x502D, 0xD9, 0xC1 },  // 倭
    { 0x502E, 0xD9, 0xC0 },  // 倮
    { 0x502F, 0x82, 0x91 },  // 倯
    { 0x5030, 0x82, 0x92 },  // 倰
    { 0x5031, 0x82, 0x93 },  // 倱
    { 0x5032, 0x82, 0x94 },  // 倲
    { 0x5033, 0x82, 0x95 },  // 倳
    { 0x5034, 0x82, 0x96 },  // 倴
    { 0x5035, 0x82, 0x97 },  // 倵
    { 0x5036, 0x82, 0x98 },  // 倶
    { 0x5037, 0x82, 0x99 },  // 倷
    { 0x5038, 0x82, 0x9A },  // 倸
    { 0x5039, 0x82, 0x9B },  // 倹
    { 0x503A, 0xD5, 0xAE },  // 债
    { 0x503B, 0x82, 0x9C },  // 倻
    { 0x503C, 0xD6, 0xB5 },  // 值
    { 0x503D, 0x82, 0x9D },  // 倽
    { 0x503E, 0xC7, 0xE3 },  // 倾
    { 0x503F, 0x82, 0x9E },  // 倿
    { 0x5040, 0x82, 0x9F },  // 偀
    { 0x5041, 0x82, 0xA0 },  // 偁
    { 0x5042, 0x82, 0xA1 },  // 偂
    { 0x5043, 0xD9, 0xC8 },  // 偃
    { 0x5044, 0x82, 0xA2 },  // 偄
    { 0x5045, 0x82, 0xA3 },  // 偅
    { 0x5046, 0x82, 0xA4 },  // 偆
    { 0x5047, 0xBC, 0xD9 },  // 假
    { 0x5048, 0xD9, 0xCA },  // 偈
    { 0x5049, 0x82, 0xA5 },  // 偉
    { 0x504A, 0x82, 0xA6 },  // 偊
    { 0x504B, 0x82, 0xA7 },  // 偋
    { 0x504C, 0xD9, 0xBC },  // 偌
    { 0x504D, 0x82, 0xA8 },  // 偍
    { 0x504E, 0xD9, 0xCB },  // 偎
    { 0x504F, 0xC6, 0xAB },  // 偏
    { 0x5050, 0x82, 0xA9 },  // 偐
    { 0x5051, 0x82, 0xAA },  // 偑
    { 0x5052, 0x82, 0xAB },  // 偒
    { 0x5053, 0x82, 0xAC },  // 偓
    { 0x5054, 0x82, 0xAD },  // 偔
    { 0x5055, 0xD9, 0xC9 },  // 偕
    { 0x5056, 0x82, 0xAE },  // 偖
    { 0x5057, 0x82, 0xAF },  // 偗
    { 0x5058, 0x82, 0xB0 },  // 偘
    { 0x5059, 0x82, 0xB1 },  // 偙
    { 0x505A, 0xD7, 0xF6 },  // 做
    { 0x505B, 0x82, 0xB2 },  // 偛
    { 0x505C, 0xCD, 0xA3 },  // 停
    { 0x505D, 0x82, 0xB3 },  // 偝
    { 0x505E, 0x82, 0xB4 },  // 偞
    { 0x505F, 0x82, 0xB5 },  // 偟
    { 0x5060, 0x82, 0xB6 },  // 偠
    { 0x5061, 0x82, 0xB7 },  // 偡
    { 0x5062, 0x82, 0xB8 },  // 偢
    { 0x5063, 0x82, 0xB9 },  // 偣
    { 0x5064, 0x82, 0xBA },  // 偤
    { 0x5065, 0xBD, 0xA1 },  // 健
    { 0x5066, 0x82, 0xBB },  // 偦
    { 0x5067, 0x82, 0xBC },  // 偧
    { 0x5068, 0x82, 0xBD },  // 偨
    { 0x5069, 0x82, 0xBE },  // 偩
    { 0x506A, 0x82, 0xBF },  // 偪
    { 0x506B, 0x82, 0xC0 },  // 偫
    { 0x506C, 0xD9, 0xCC },  // 偬
    { 0x506D, 0x82, 0xC1 },  // 偭
    { 0x506E, 0x82, 0xC2 },  // 偮
    { 0x506F, 0x82, 0xC3 },  // 偯
    { 0x5070, 0x82, 0xC4 },  // 偰
    { 0x5071, 0x82, 0xC5 },  // 偱
    { 0x5072, 0x82, 0xC6 },  // 偲
    { 0x5073, 0x82, 0xC7 },  // 偳
    { 0x5074, 0x82, 0xC8 },  // 側
    { 0x5075, 0x82, 0xC9 },  // 偵
    { 0x5076, 0xC5, 0xBC },  // 偶
    { 0x5077, 0xCD, 0xB5 },  // 偷
    { 0x5078, 0x82, 0xCA },  // 偸
    { 0x5079, 0x82, 0xCB },  // 偹
    { 0x507A, 0x82, 0xCC },  // 偺
    { 0x507B, 0xD9, 0xCD },  // 偻
    { 0x507C, 0x82, 0xCD },  // 偼
    { 0x507D, 0x82, 0xCE },  // 偽
    { 0x507E, 0xD9, 0xC7 },  // 偾
    { 0x507F, 0xB3, 0xA5 },  // 偿
    { 0x5080, 0xBF, 0xFE },  // 傀
    { 0x5081, 0x82, 0xCF },  // 傁
    { 0x5082, 0x82, 0xD0 },  // 傂
    { 0x5083, 0x82, 0xD1 },  // 傃
    { 0x5084, 0x82, 0xD2 },  // 傄
    { 0x5085, 0xB8, 0xB5 },  // 傅
    { 0x5086, 0x82, 0xD3 },  // 傆
    { 0x5087, 0x82, 0xD4 },  // 傇
    { 0x5088, 0xC0, 0xFC },  // 傈
    { 0x5089, 0x82, 0xD5 },  // 傉
    { 0x508A, 0x82, 0xD6 },  // 傊
    { 0x508B, 0x82, 0xD7 },  // 傋
    { 0x508C, 0x82, 0xD8 },  // 傌
    { 0x508D, 0xB0, 0xF8 },  // 傍
    { 0x508E, 0x82, 0xD9 },  // 傎
    { 0x508F, 0x82, 0xDA },  // 傏
    { 0x5090, 0x82, 0xDB },  // 傐
    { 0x5091, 0x82, 0xDC },  // 傑
    { 0x5092, 0x82, 0xDD },  // 傒
    { 0x5093, 0x82, 0xDE },  // 傓
    { 0x5094, 0x82, 0xDF },  // 傔
    { 0x5095, 0x82, 0xE0 },  // 傕
    { 0x5096, 0x82, 0xE1 },  // 傖
    { 0x5097, 0x82, 0xE2 },  // 傗
    { 0x5098, 0x82, 0xE3 },  // 傘
    { 0x5099, 0x82, 0xE4 },  // 備
    { 0x509A, 0x82, 0xE5 },  // 傚
    { 0x509B, 0x82, 0xE6 },  // 傛
    { 0x509C, 0x82, 0xE7 },  // 傜
    { 0x509D, 0x82, 0xE8 },  // 傝
    { 0x509E, 0x82, 0xE9 },  // 傞
    { 0x509F, 0x82, 0xEA },  // 傟
    { 0x50A0, 0x82, 0xEB },  // 傠
    { 0x50A1, 0x82, 0xEC },  // 傡
    { 0x50A2, 0x82, 0xED },  // 傢
    { 0x50A3, 0xB4, 0xF6 },  // 傣
    { 0x50A4, 0x82, 0xEE },  // 傤
    { 0x50A5, 0xD9, 0xCE },  // 傥
    { 0x50A6, 0x82, 0xEF },  // 傦
    { 0x50A7, 0xD9, 0xCF },  // 傧
    { 0x50A8, 0xB4, 0xA2 },  // 储
    { 0x50A9, 0xD9, 0xD0 },  // 傩
    { 0x50AA, 0x82, 0xF0 },  // 傪
    { 0x50AB, 0x82, 0xF1 },  // 傫
    { 0x50AC, 0xB4, 0xDF },  // 催
    { 0x50AD, 0x82, 0xF2 },  // 傭
    { 0x50AE, 0x82, 0xF3 },  // 傮
    { 0x50AF, 0x82, 0xF4 },  // 傯
    { 0x50B0, 0x82, 0xF5 },  // 傰
    { 0x50B1, 0x82, 0xF6 },  // 傱
    { 0x50B2, 0xB0, 0xC1 },  // 傲
    { 0x50B3, 0x82, 0xF7 },  // 傳
    { 0x50B4, 0x82, 0xF8 },  // 傴
    { 0x50B5, 0x82, 0xF9 },  // 債
    { 0x50B6, 0x82, 0xFA },  // 傶
    { 0x50B7, 0x82, 0xFB },  // 傷
    { 0x50B8, 0x82, 0xFC },  // 傸
    { 0x50B9, 0x82, 0xFD },  // 傹
    { 0x50BA, 0xD9, 0xD1 },  // 傺
    { 0x50BB, 0xC9, 0xB5 },  // 傻
    { 0x50BC, 0x82, 0xFE },  // 傼
    { 0x50BD, 0x83, 0x40 },  // 傽
    { 0x50BE, 0x83, 0x41 },  // 傾
    { 0x50BF, 0x83, 0x42 },  // 傿
    { 0x50C0, 0x83, 0x43 },  // 僀
    { 0x50C1, 0x83, 0x44 },  // 僁
    { 0x50C2, 0x83, 0x45 },  // 僂
    { 0x50C3, 0x83, 0x46 },  // 僃
    { 0x50C4, 0x83, 0x47 },  // 僄
    { 0x50C5, 0x83, 0x48 },  // 僅
    { 0x50C6, 0x83, 0x49 },  // 僆
    { 0x50C7, 0x83, 0x4A },  // 僇
    { 0x50C8, 0x83, 0x4B },  // 僈
    { 0x50C9, 0x83, 0x4C },  // 僉
    { 0x50CA, 0x83, 0x4D },  // 僊
    { 0x50CB, 0x83, 0x4E },  // 僋
    { 0x50CC, 0x83, 0x4F },  // 僌
    { 0x50CD, 0x83, 0x50 },  // 働
    { 0x50CE, 0x83, 0x51 },  // 僎
    { 0x50CF, 0xCF, 0xF1 },  // 像
    { 0x50D0, 0x83, 0x52 },  // 僐
    { 0x50D1, 0x83, 0x53 },  // 僑
    { 0x50D2, 0x83, 0x54 },  // 僒
    { 0x50D3, 0x83, 0x55 },  // 僓
    { 0x50D4, 0x83, 0x56 },  // 僔
    { 0x50D5, 0x83, 0x57 },  // 僕
    { 0x50D6, 0xD9, 0xD2 },  // 僖
    { 0x50D7, 0x83, 0x58 },  // 僗
    { 0x50D8, 0x83, 0x59 },  // 僘
    { 0x50D9, 0x83, 0x5A },  // 僙
    { 0x50DA, 0xC1, 0xC5 },  // 僚
    { 0x50DB, 0x83, 0x5B },  // 僛
    { 0x50DC, 0x83, 0x5C },  // 僜
    { 0x50DD, 0x83, 0x5D },  // 僝
    { 0x50DE, 0x83, 0x5E },  // 僞
    { 0x50DF, 0x83, 0x5F },  // 僟
    { 0x50E0, 0x83, 0x60 },  // 僠
    { 0x50E1, 0x83, 0x61 },  // 僡
    { 0x50E2, 0x83, 0x62 },  // 僢
    { 0x50E3, 0x83, 0x63 },  // 僣
    { 0x50E4, 0x83, 0x64 },  // 僤
    { 0x50E5, 0x83, 0x65 },  // 僥
    { 0x50E6, 0xD9, 0xD6 },  // 僦
    { 0x50E7, 0xC9, 0xAE },  // 僧
    { 0x50E8, 0x83, 0x66 },  // 僨
    { 0x50E9, 0x83, 0x67 },  // 僩
    { 0x50EA, 0x83, 0x68 },  // 僪
    { 0x50EB, 0x83, 0x69 },  // 僫
    { 0x50EC, 0xD9, 0xD5 },  // 僬
    { 0x50ED, 0xD9, 0xD4 },  // 僭
    { 0x50EE, 0xD9, 0xD7 },  // 僮
    { 0x50EF, 0x83, 0x6A },  // 僯
    { 0x50F0, 0x83, 0x6B },  // 僰
    { 0x50F1, 0x83, 0x6C },  // 僱
    { 0x50F2, 0x83, 0x6D },  // 僲
    { 0x50F3, 0xCB, 0xDB },  // 僳
    { 0x50F4, 0x83, 0x6E },  // 僴
    { 0x50F5, 0xBD, 0xA9 },  // 僵
    { 0x50F6, 0x83, 0x6F },  // 僶
    { 0x50F7, 0x83, 0x70 },  // 僷
    { 0x50F8, 0x83, 0x71 },  // 僸
    { 0x50F9, 0x83, 0x72 },  // 價
    { 0x50FA, 0x83, 0x73 },  // 僺
    { 0x50FB, 0xC6, 0xA7 },  // 僻
    { 0x50FC, 0x83, 0x74 },  // 僼
    { 0x50FD, 0x83, 0x75 },  // 僽
    { 0x50FE, 0x83, 0x76 },  // 僾
    { 0x50FF, 0x83, 0x77 },  // 僿
    { 0x5100, 0x83, 0x78 },  // 儀
    { 0x5101, 0x83, 0x79 },  // 儁
    { 0x5102, 0x83, 0x7A },  // 儂
    { 0x5103, 0x83, 0x7B },  // 儃
    { 0x5104, 0x83, 0x7C },  // 億
    { 0x5105, 0x83, 0x7D },  // 儅
    { 0x5106, 0xD9, 0xD3 },  // 儆
    { 0x5107, 0xD9, 0xD8 },  // 儇
    { 0x5108, 0x83, 0x7E },  // 儈
    { 0x5109, 0x83, 0x80 },  // 儉
    { 0x510A, 0x83, 0x81 },  // 儊
    { 0x510B, 0xD9, 0xD9 },  // 儋
    { 0x510C, 0x83, 0x82 },  // 儌
    { 0x510D, 0x83, 0x83 },  // 儍
    { 0x510E, 0x83, 0x84 },  // 儎
    { 0x510F, 0x83, 0x85 },  // 儏
    { 0x5110, 0x83, 0x86 },  // 儐
    { 0x5111, 0x83, 0x87 },  // 儑
    { 0x5112, 0xC8, 0xE5 },  // 儒
    { 0x5113, 0x83, 0x88 },  // 儓
    { 0x5114, 0x83, 0x89 },  // 儔
    { 0x5115, 0x83, 0x8A },  // 儕
    { 0x5116, 0x83, 0x8B },  // 儖
    { 0x5117, 0x83, 0x8C },  // 儗
    { 0x5118, 0x83, 0x8D },  // 儘
    { 0x5119, 0x83, 0x8E },  // 儙
    { 0x511A, 0x83, 0x8F },  // 儚
    { 0x511B, 0x83, 0x90 },  // 儛
    { 0x511C, 0x83, 0x91 },  // 儜
    { 0x511D, 0x83, 0x92 },  // 儝
    { 0x511E, 0x83, 0x93 },  // 儞
    { 0x511F, 0x83, 0x94 },  // 償
    { 0x5120, 0x83, 0x95 },  // 儠
    { 0x5121, 0xC0, 0xDC },  // 儡
    { 0x5122, 0x83, 0x96 },  // 儢
    { 0x5123, 0x83, 0x97 },  // 儣
    { 0x5124, 0x83, 0x98 },  // 儤
    { 0x5125, 0x83, 0x99 },  // 儥
    { 0x5126, 0x83, 0x9A },  // 儦
    { 0x5127, 0x83, 0x9B },  // 儧
    { 0x5128, 0x83, 0x9C },  // 儨
    { 0x5129, 0x83, 0x9D },  // 儩
    { 0x512A, 0x83, 0x9E },  // 優
    { 0x512B, 0x83, 0x9F },  // 儫
    { 0x512C, 0x83, 0xA0 },  // 儬
    { 0x512D, 0x83, 0xA1 },  // 儭
    { 0x512E, 0x83, 0xA2 },  // 儮
    { 0x512F, 0x83, 0xA3 },  // 儯
    { 0x5130, 0x83, 0xA4 },  // 儰
    { 0x5131, 0x83, 0xA5 },  // 儱
    { 0x5132, 0x83, 0xA6 },  // 儲
    { 0x5133, 0x83, 0xA7 },  // 儳
    { 0x5134, 0x83, 0xA8 },  // 儴
    { 0x5135, 0x83, 0xA9 },  // 儵
    { 0x5136, 0x83, 0xAA },  // 儶
    { 0x5137, 0x83, 0xAB },  // 儷
    { 0x5138, 0x83, 0xAC },  // 儸
    { 0x5139, 0x83, 0xAD },  // 儹
    { 0x513A, 0x83, 0xAE },  // 儺
    { 0x513B, 0x83, 0xAF },  // 儻
    { 0x513C, 0x83, 0xB0 },  // 儼
    { 0x513D, 0x83, 0xB1 },  // 儽
    { 0x513E, 0x83, 0xB2 },  // 儾
    { 0x513F, 0xB6, 0xF9 },  // 儿
    { 0x5140, 0xD8, 0xA3 },  // 兀
    { 0x5141, 0xD4, 0xCA },  // 允
    { 0x5142, 0x83, 0xB3 },  // 兂
    { 0x5143, 0xD4, 0xAA },  // 元
    { 0x5144, 0xD0, 0xD6 },  // 兄
    { 0x5145, 0xB3, 0xE4 },  // 充
    { 0x5146, 0xD5, 0xD7 },  // 兆
    { 0x5147, 0x83, 0xB4 },  // 兇
    { 0x5148, 0xCF, 0xC8 },  // 先
    { 0x5149, 0xB9, 0xE2 },  // 光
    { 0x514A, 0x83, 0xB5 },  // 兊
    { 0x514B, 0xBF, 0xCB },  // 克
    { 0x514C, 0x83, 0xB6 },  // 兌
    { 0x514D, 0xC3, 0xE2 },  // 免
    { 0x514E, 0x83, 0xB7 },  // 兎
    { 0x514F, 0x83, 0xB8 },  // 兏
    { 0x5150, 0x83, 0xB9 },  // 児
    { 0x5151, 0xB6, 0xD2 },  // 兑
    { 0x5152, 0x83, 0xBA },  // 兒
    { 0x5153, 0x83, 0xBB },  // 兓
    { 0x5154, 0xCD, 0xC3 },  // 兔
    { 0x5155, 0xD9, 0xEE },  // 兕
    { 0x5156, 0xD9, 0xF0 },  // 兖
    { 0x5157, 0x83, 0xBC },  // 兗
    { 0x5158, 0x83, 0xBD },  // 兘
    { 0x5159, 0x83, 0xBE },  // 兙
    { 0x515A, 0xB5, 0xB3 },  // 党
    { 0x515B, 0x83, 0xBF },  // 兛
    { 0x515C, 0xB6, 0xB5 },  // 兜
    { 0x515D, 0x83, 0xC0 },  // 兝
    { 0x515E, 0x83, 0xC1 },  // 兞
    { 0x515F, 0x83, 0xC2 },  // 兟
    { 0x5160, 0x83, 0xC3 },  // 兠
    { 0x5161, 0x83, 0xC4 },  // 兡
    { 0x5162, 0xBE, 0xA4 },  // 兢
    { 0x5163, 0x83, 0xC5 },  // 兣
    { 0x5164, 0x83, 0xC6 },  // 兤
    { 0x5165, 0xC8, 0xEB },  // 入
    { 0x5166, 0x83, 0xC7 },  // 兦
    { 0x5167, 0x83, 0xC8 },  // 內
    { 0x5168, 0xC8, 0xAB },  // 全
    { 0x5169, 0x83, 0xC9 },  // 兩
    { 0x516A, 0x83, 0xCA },  // 兪
    { 0x516B, 0xB0, 0xCB },  // 八
    { 0x516C, 0xB9, 0xAB },  // 公
    { 0x516D, 0xC1, 0xF9 },  // 六
    { 0x516E, 0xD9, 0xE2 },  // 兮
    { 0x516F, 0x83, 0xCB },  // 兯
    { 0x5170, 0xC0, 0xBC },  // 兰
    { 0x5171, 0xB9, 0xB2 },  // 共
    { 0x5172, 0x83, 0xCC },  // 兲
    { 0x5173, 0xB9, 0xD8 },  // 关
    { 0x5174, 0xD0, 0xCB },  // 兴
    { 0x5175, 0xB1, 0xF8 },  // 兵
    { 0x5176, 0xC6, 0xE4 },  // 其
    { 0x5177, 0xBE, 0xDF },  // 具
    { 0x5178, 0xB5, 0xE4 },  // 典
    { 0x5179, 0xD7, 0xC8 },  // 兹
    { 0x517A, 0x83, 0xCD },  // 兺
    { 0x517B, 0xD1, 0xF8 },  // 养
    { 0x517C, 0xBC, 0xE6 },  // 兼
    { 0x517D, 0xCA, 0xDE },  // 兽
    { 0x517E, 0x83, 0xCE },  // 兾
    { 0x517F, 0x83, 0xCF },  // 兿
    { 0x5180, 0xBC, 0xBD },  // 冀
    { 0x5181, 0xD9, 0xE6 },  // 冁
    { 0x5182, 0xD8, 0xE7 },  // 冂
    { 0x5183, 0x83, 0xD0 },  // 冃
    { 0x5184, 0x83, 0xD1 },  // 冄
    { 0x5185, 0xC4, 0xDA },  // 内
    { 0x5186, 0x83, 0xD2 },  // 円
    { 0x5187, 0x83, 0xD3 },  // 冇
    { 0x5188, 0xB8, 0xD4 },  // 冈
    { 0x5189, 0xC8, 0xBD },  // 冉
    { 0x518A, 0x83, 0xD4 },  // 冊
    { 0x518B, 0x83, 0xD5 },  // 冋
    { 0x518C, 0xB2, 0xE1 },  // 册
    { 0x518D, 0xD4, 0xD9 },  // 再
    { 0x518E, 0x83, 0xD6 },  // 冎
    { 0x518F, 0x83, 0xD7 },  // 冏
    { 0x5190, 0x83, 0xD8 },  // 冐
    { 0x5191, 0x83, 0xD9 },  // 冑
    { 0x5192, 0xC3, 0xB0 },  // 冒
    { 0x5193, 0x83, 0xDA },  // 冓
    { 0x5194, 0x83, 0xDB },  // 冔
    { 0x5195, 0xC3, 0xE1 },  // 冕
    { 0x5196, 0xDA, 0xA2 },  // 冖
    { 0x5197, 0xC8, 0xDF },  // 冗
    { 0x5198, 0x83, 0xDC },  // 冘
    { 0x5199, 0xD0, 0xB4 },  // 写
    { 0x519A, 0x83, 0xDD },  // 冚
    { 0x519B, 0xBE, 0xFC },  // 军
    { 0x519C, 0xC5, 0xA9 },  // 农
    { 0x519D, 0x83, 0xDE },  // 冝
    { 0x519E, 0x83, 0xDF },  // 冞
    { 0x519F, 0x83, 0xE0 },  // 冟
    { 0x51A0, 0xB9, 0xDA },  // 冠
    { 0x51A1, 0x83, 0xE1 },  // 冡
    { 0x51A2, 0xDA, 0xA3 },  // 冢
    { 0x51A3, 0x83, 0xE2 },  // 冣
    { 0x51A4, 0xD4, 0xA9 },  // 冤
    { 0x51A5, 0xDA, 0xA4 },  // 冥
    { 0x51A6, 0x83, 0xE3 },  // 冦
    { 0x51A7, 0x83, 0xE4 },  // 冧
    { 0x51A8, 0x83, 0xE5 },  // 冨
    { 0x51A9, 0x83, 0xE6 },  // 冩
    { 0x51AA, 0x83, 0xE7 },  // 冪
    { 0x51AB, 0xD9, 0xFB },  // 冫
    { 0x51AC, 0xB6, 0xAC },  // 冬
    { 0x51AD, 0x83, 0xE8 },  // 冭
    { 0x51AE, 0x83, 0xE9 },  // 冮
    { 0x51AF, 0xB7, 0xEB },  // 冯
    { 0x51B0, 0xB1, 0xF9 },  // 冰
    { 0x51B1, 0xD9, 0xFC },  // 冱
    { 0x51B2, 0xB3, 0xE5 },  // 冲
    { 0x51B3, 0xBE, 0xF6 },  // 决
    { 0x51B4, 0x83, 0xEA },  // 冴
    { 0x51B5, 0xBF, 0xF6 },  // 况
    { 0x51B6, 0xD2, 0xB1 },  // 冶
    { 0x51B7, 0xC0, 0xE4 },  // 冷
    { 0x51B8, 0x83, 0xEB },  // 冸
    { 0x51B9, 0x83, 0xEC },  // 冹
    { 0x51BA, 0x83, 0xED },  // 冺
    { 0x51BB, 0xB6, 0xB3 },  // 冻
    { 0x51BC, 0xD9, 0xFE },  // 冼
    { 0x51BD, 0xD9, 0xFD },  // 冽
    { 0x51BE, 0x83, 0xEE },  // 冾
    { 0x51BF, 0x83, 0xEF },  // 冿
    { 0x51C0, 0xBE, 0xBB },  // 净
    { 0x51C1, 0x83, 0xF0 },  // 凁
    { 0x51C2, 0x83, 0xF1 },  // 凂
    { 0x51C3, 0x83, 0xF2 },  // 凃
    { 0x51C4, 0xC6, 0xE0 },  // 凄
    { 0x51C5, 0x83, 0xF3 },  // 凅
    { 0x51C6, 0xD7, 0xBC },  // 准
    { 0x51C7, 0xDA, 0xA1 },  // 凇
    { 0x51C8, 0x83, 0xF4 },  // 凈
    { 0x51C9, 0xC1, 0xB9 },  // 凉
    { 0x51CA, 0x83, 0xF5 },  // 凊
    { 0x51CB, 0xB5, 0xF2 },  // 凋
    { 0x51CC, 0xC1, 0xE8 },  // 凌
    { 0x51CD, 0x83, 0xF6 },  // 凍
    { 0x51CE, 0x83, 0xF7 },  // 凎
    { 0x51CF, 0xBC, 0xF5 },  // 减
    { 0x51D0, 0x83, 0xF8 },  // 凐
    { 0x51D1, 0xB4, 0xD5 },  // 凑
    { 0x51D2, 0x83, 0xF9 },  // 凒
    { 0x51D3, 0x83, 0xFA },  // 凓
    { 0x51D4, 0x83, 0xFB },  // 凔
    { 0x51D5, 0x83, 0xFC },  // 凕
    { 0x51D6, 0x83, 0xFD },  // 凖
    { 0x51D7, 0x83, 0xFE },  // 凗
    { 0x51D8, 0x84, 0x40 },  // 凘
    { 0x51D9, 0x84, 0x41 },  // 凙
    { 0x51DA, 0x84, 0x42 },  // 凚
    { 0x51DB, 0xC1, 0xDD },  // 凛
    { 0x51DC, 0x84, 0x43 },  // 凜
    { 0x51DD, 0xC4, 0xFD },  // 凝
    { 0x51DE, 0x84, 0x44 },  // 凞
    { 0x51DF, 0x84, 0x45 },  // 凟
    { 0x51E0, 0xBC, 0xB8 },  // 几
    { 0x51E1, 0xB7, 0xB2 },  // 凡
    { 0x51E2, 0x84, 0x46 },  // 凢
    { 0x51E3, 0x84, 0x47 },  // 凣
    { 0x51E4, 0xB7, 0xEF },  // 凤
    { 0x51E5, 0x84, 0x48 },  // 凥
    { 0x51E6, 0x84, 0x49 },  // 処
    { 0x51E7, 0x84, 0x4A },  // 凧
    { 0x51E8, 0x84, 0x4B },  // 凨
    { 0x51E9, 0x84, 0x4C },  // 凩
    { 0x51EA, 0x84, 0x4D },  // 凪
    { 0x51EB, 0xD9, 0xEC },  // 凫
    { 0x51EC, 0x84, 0x4E },  // 凬
    { 0x51ED, 0xC6, 0xBE },  // 凭
    { 0x51EE, 0x84, 0x4F },  // 凮
    { 0x51EF, 0xBF, 0xAD },  // 凯
    { 0x51F0, 0xBB, 0xCB },  // 凰
    { 0x51F1, 0x84, 0x50 },  // 凱
    { 0x51F2, 0x84, 0x51 },  // 凲
    { 0x51F3, 0xB5, 0xCA },  // 凳
    { 0x51F4, 0x84, 0x52 },  // 凴
    { 0x51F5, 0xDB, 0xC9 },  // 凵
    { 0x51F6, 0xD0, 0xD7 },  // 凶
    { 0x51F7, 0x84, 0x53 },  // 凷
    { 0x51F8, 0xCD, 0xB9 },  // 凸
    { 0x51F9, 0xB0, 0xBC },  // 凹
    { 0x51FA, 0xB3, 0xF6 },  // 出
    { 0x51FB, 0xBB, 0xF7 },  // 击
    { 0x51FC, 0xDB, 0xCA },  // 凼
    { 0x51FD, 0xBA, 0xAF },  // 函
    { 0x51FE, 0x84, 0x54 },  // 凾
    { 0x51FF, 0xD4, 0xE4 },  // 凿
    { 0x5200, 0xB5, 0xB6 },  // 刀
    { 0x5201, 0xB5, 0xF3 },  // 刁
    { 0x5202, 0xD8, 0xD6 },  // 刂
    { 0x5203, 0xC8, 0xD0 },  // 刃
    { 0x5204, 0x84, 0x55 },  // 刄
    { 0x5205, 0x84, 0x56 },  // 刅
    { 0x5206, 0xB7, 0xD6 },  // 分
    { 0x5207, 0xC7, 0xD0 },  // 切
    { 0x5208, 0xD8, 0xD7 },  // 刈
    { 0x5209, 0x84, 0x57 },  // 刉
    { 0x520A, 0xBF, 0xAF },  // 刊
    { 0x520B, 0x84, 0x58 },  // 刋
    { 0x520C, 0x84, 0x59 },  // 刌
    { 0x520D, 0xDB, 0xBB },  // 刍
    { 0x520E, 0xD8, 0xD8 },  // 刎
    { 0x520F, 0x84, 0x5A },  // 刏
    { 0x5210, 0x84, 0x5B },  // 刐
    { 0x5211, 0xD0, 0xCC },  // 刑
    { 0x5212, 0xBB, 0xAE },  // 划
    { 0x5213, 0x84, 0x5C },  // 刓
    { 0x5214, 0x84, 0x5D },  // 刔
    { 0x5215, 0x84, 0x5E },  // 刕
    { 0x5216, 0xEB, 0xBE },  // 刖
    { 0x5217, 0xC1, 0xD0 },  // 列
    { 0x5218, 0xC1, 0xF5 },  // 刘
    { 0x5219, 0xD4, 0xF2 },  // 则
    { 0x521A, 0xB8, 0xD5 },  // 刚
    { 0x521B, 0xB4, 0xB4 },  // 创
    { 0x521C, 0x84, 0x5F },  // 刜
    { 0x521D, 0xB3, 0xF5 },  // 初
    { 0x521E, 0x84, 0x60 },  // 刞
    { 0x521F, 0x84, 0x61 },  // 刟
    { 0x5220, 0xC9, 0xBE },  // 删
    { 0x5221, 0x84, 0x62 },  // 刡
    { 0x5222, 0x84, 0x63 },  // 刢
    { 0x5223, 0x84, 0x64 },  // 刣
    { 0x5224, 0xC5, 0xD0 },  // 判
    { 0x5225, 0x84, 0x65 },  // 別
    { 0x5226, 0x84, 0x66 },  // 刦
    { 0x5227, 0x84, 0x67 },  // 刧
    { 0x5228, 0xC5, 0xD9 },  // 刨
    { 0x5229, 0xC0, 0xFB },  // 利
    { 0x522A, 0x84, 0x68 },  // 刪
    { 0x522B, 0xB1, 0xF0 },  // 别
    { 0x522C, 0x84, 0x69 },  // 刬
    { 0x522D, 0xD8, 0xD9 },  // 刭
    { 0x522E, 0xB9, 0xCE },  // 刮
    { 0x522F, 0x84, 0x6A },  // 刯
    { 0x5230, 0xB5, 0xBD },  // 到
    { 0x5231, 0x84, 0x6B },  // 刱
    { 0x5232, 0x84, 0x6C },  // 刲
    { 0x5233, 0xD8, 0xDA },  // 刳
    { 0x5234, 0x84, 0x6D },  // 刴
    { 0x5235, 0x84, 0x6E },  // 刵
    { 0x5236, 0xD6, 0xC6 },  // 制
    { 0x5237, 0xCB, 0xA2 },  // 刷
    { 0x5238, 0xC8, 0xAF },  // 券
    { 0x5239, 0xC9, 0xB2 },  // 刹
    { 0x523A, 0xB4, 0xCC },  // 刺
    { 0x523B, 0xBF, 0xCC },  // 刻
    { 0x523C, 0x84, 0x6F },  // 刼
    { 0x523D, 0xB9, 0xF4 },  // 刽
    { 0x523E, 0x84, 0x70 },  // 刾
    { 0x523F, 0xD8, 0xDB },  // 刿
    { 0x5240, 0xD8, 0xDC },  // 剀
    { 0x5241, 0xB6, 0xE7 },  // 剁
    { 0x5242, 0xBC, 0xC1 },  // 剂
    { 0x5243, 0xCC, 0xEA },  // 剃
    { 0x5244, 0x84, 0x71 },  // 剄
    { 0x5245, 0x84, 0x72 },  // 剅
    { 0x5246, 0x84, 0x73 },  // 剆
    { 0x5247, 0x84, 0x74 },  // 則
    { 0x5248, 0x84, 0x75 },  // 剈
    { 0x5249, 0x84, 0x76 },  // 剉
    { 0x524A, 0xCF, 0xF7 },  // 削
    { 0x524B, 0x84, 0x77 },  // 剋
    { 0x524C, 0xD8, 0xDD },  // 剌
    { 0x524D, 0xC7, 0xB0 },  // 前
    { 0x524E, 0x84, 0x78 },  // 剎
    { 0x524F, 0x84, 0x79 },  // 剏
    { 0x5250, 0xB9, 0xD0 },  // 剐
    { 0x5251, 0xBD, 0xA3 },  // 剑
    { 0x5252, 0x84, 0x7A },  // 剒
    { 0x5253, 0x84, 0x7B },  // 剓
    { 0x5254, 0xCC, 0xDE },  // 剔
    { 0x5255, 0x84, 0x7C },  // 剕
    { 0x5256, 0xC6, 0xCA },  // 剖
    { 0x5257, 0x84, 0x7D },  // 剗
    { 0x5258, 0x84, 0x7E },  // 剘
    { 0x5259, 0x84, 0x80 },  // 剙
    { 0x525A, 0x84, 0x81 },  // 剚
    { 0x525B, 0x84, 0x82 },  // 剛
    { 0x525C, 0xD8, 0xE0 },  // 剜
    { 0x525D, 0x84, 0x83 },  // 剝
    { 0x525E, 0xD8, 0xDE },  // 剞
    { 0x525F, 0x84, 0x84 },  // 剟
    { 0x5260, 0x84, 0x85 },  // 剠
    { 0x5261, 0xD8, 0xDF },  // 剡
    { 0x5262, 0x84, 0x86 },  // 剢
    { 0x5263, 0x84, 0x87 },  // 剣
    { 0x5264, 0x84, 0x88 },  // 剤
    { 0x5265, 0xB0, 0xFE },  // 剥
    { 0x5266, 0x84, 0x89 },  // 剦
    { 0x5267, 0xBE, 0xE7 },  // 剧
    { 0x5268, 0x84, 0x8A },  // 剨
    { 0x5269, 0xCA, 0xA3 },  // 剩
    { 0x526A, 0xBC, 0xF4 },  // 剪
    { 0x526B, 0x84, 0x8B },  // 剫
    { 0x526C, 0x84, 0x8C },  // 剬
    { 0x526D, 0x84, 0x8D },  // 剭
    { 0x526E, 0x84, 0x8E },  // 剮
    { 0x526F, 0xB8, 0xB1 },  // 副
    { 0x5270, 0x84, 0x8F },  // 剰
    { 0x5271, 0x84, 0x90 },  // 剱
    { 0x5272, 0xB8, 0xEE },  // 割
    { 0x5273, 0x84, 0x91 },  // 剳
    { 0x5274, 0x84, 0x92 },  // 剴
    { 0x5275, 0x84, 0x93 },  // 創
    { 0x5276, 0x84, 0x94 },  // 剶
    { 0x5277, 0x84, 0x95 },  // 剷
    { 0x5278, 0x84, 0x96 },  // 剸
    { 0x5279, 0x84, 0x97 },  // 剹
    { 0x527A, 0x84, 0x98 },  // 剺
    { 0x527B, 0x84, 0x99 },  // 剻
    { 0x527C, 0x84, 0x9A },  // 剼
    { 0x527D, 0xD8, 0xE2 },  // 剽
    { 0x527E, 0x84, 0x9B },  // 剾
    { 0x527F, 0xBD, 0xCB },  // 剿
    { 0x5280, 0x84, 0x9C },  // 劀
    { 0x5281, 0xD8, 0xE4 },  // 劁
    { 0x5282, 0xD8, 0xE3 },  // 劂
    { 0x5283, 0x84, 0x9D },  // 劃
    { 0x5284, 0x84, 0x9E },  // 劄
    { 0x5285, 0x84, 0x9F },  // 劅
    { 0x5286, 0x84, 0xA0 },  // 劆
    { 0x5287, 0x84, 0xA1 },  // 劇
    { 0x5288, 0xC5, 0xFC },  // 劈
    { 0x5289, 0x84, 0xA2 },  // 劉
    { 0x528A, 0x84, 0xA3 },  // 劊
    { 0x528B, 0x84, 0xA4 },  // 劋
    { 0x528C, 0x84, 0xA5 },  // 劌
    { 0x528D, 0x84, 0xA6 },  // 劍
    { 0x528E, 0x84, 0xA7 },  // 劎
    { 0x528F, 0x84, 0xA8 },  // 劏
    { 0x5290, 0xD8, 0xE5 },  // 劐
    { 0x5291, 0x84, 0xA9 },  // 劑
    { 0x5292, 0x84, 0xAA },  // 劒
    { 0x5293, 0xD8, 0xE6 },  // 劓
    { 0x5294, 0x84, 0xAB },  // 劔
    { 0x5295, 0x84, 0xAC },  // 劕
    { 0x5296, 0x84, 0xAD },  // 劖
    { 0x5297, 0x84, 0xAE },  // 劗
    { 0x5298, 0x84, 0xAF },  // 劘
    { 0x5299, 0x84, 0xB0 },  // 劙
    { 0x529A, 0x84, 0xB1 },  // 劚
    { 0x529B, 0xC1, 0xA6 },  // 力
    { 0x529C, 0x84, 0xB2 },  // 劜
    { 0x529D, 0xC8, 0xB0 },  // 劝
    { 0x529E, 0xB0, 0xEC },  // 办
    { 0x529F, 0xB9, 0xA6 },  // 功
    { 0x52A0, 0xBC, 0xD3 },  // 加
    { 0x52A1, 0xCE, 0xF1 },  // 务
    { 0x52A2, 0xDB, 0xBD },  // 劢
    { 0x52A3, 0xC1, 0xD3 },  // 劣
    { 0x52A4, 0x84, 0xB3 },  // 劤
    { 0x52A5, 0x84, 0xB4 },  // 劥
    { 0x52A6, 0x84, 0xB5 },  // 劦
    { 0x52A7, 0x84, 0xB6 },  // 劧
    { 0x52A8, 0xB6, 0xAF },  // 动
    { 0x52A9, 0xD6, 0xFA },  // 助
    { 0x52AA, 0xC5, 0xAC },  // 努
    { 0x52AB, 0xBD, 0xD9 },  // 劫
    { 0x52AC, 0xDB, 0xBE },  // 劬
    { 0x52AD, 0xDB, 0xBF },  // 劭
    { 0x52AE, 0x84, 0xB7 },  // 劮
    { 0x52AF, 0x84, 0xB8 },  // 劯
    { 0x52B0, 0x84, 0xB9 },  // 劰
    { 0x52B1, 0xC0, 0xF8 },  // 励
    { 0x52B2, 0xBE, 0xA2 },  // 劲
    { 0x52B3, 0xC0, 0xCD },  // 劳
    { 0x52B4, 0x84, 0xBA },  // 労
    { 0x52B5, 0x84, 0xBB },  // 劵
    { 0x52B6, 0x84, 0xBC },  // 劶
    { 0x52B7, 0x84, 0xBD },  // 劷
    { 0x52B8, 0x84, 0xBE },  // 劸
    { 0x52B9, 0x84, 0xBF },  // 効
    { 0x52BA, 0x84, 0xC0 },  // 劺
    { 0x52BB, 0x84, 0xC1 },  // 劻
    { 0x52BC, 0x84, 0xC2 },  // 劼
    { 0x52BD, 0x84, 0xC3 },  // 劽
    { 0x52BE, 0xDB, 0xC0 },  // 劾
    { 0x52BF, 0xCA, 0xC6 },  // 势
    { 0x52C0, 0x84, 0xC4 },  // 勀
    { 0x52C1, 0x84, 0xC5 },  // 勁
    { 0x52C2, 0x84, 0xC6 },  // 勂
    { 0x52C3, 0xB2, 0xAA },  // 勃
    { 0x52C4, 0x84, 0xC7 },  // 勄
    { 0x52C5, 0x84, 0xC8 },  // 勅
    { 0x52C6, 0x84, 0xC9 },  // 勆
    { 0x52C7, 0xD3, 0xC2 },  // 勇
    { 0x52C8, 0x84, 0xCA },  // 勈
    { 0x52C9, 0xC3, 0xE3 },  // 勉
    { 0x52CA, 0x84, 0xCB },  // 勊
    { 0x52CB, 0xD1, 0xAB },  // 勋
    { 0x52CC, 0x84, 0xCC },  // 勌
    { 0x52CD, 0x84, 0xCD },  // 勍
    { 0x52CE, 0x84, 0xCE },  // 勎
    { 0x52CF, 0x84, 0xCF },  // 勏
    { 0x52D0, 0xDB, 0xC2 },  // 勐
    { 0x52D1, 0x84, 0xD0 },  // 勑
    { 0x52D2, 0xC0, 0xD5 },  // 勒
    { 0x52D3, 0x84, 0xD1 },  // 勓
    { 0x52D4, 0x84, 0xD2 },  // 勔
    { 0x52D5, 0x84, 0xD3 },  // 動
    { 0x52D6, 0xDB, 0xC3 },  // 勖
    { 0x52D7, 0x84, 0xD4 },  // 勗
    { 0x52D8, 0xBF, 0xB1 },  // 勘
    { 0x52D9, 0x84, 0xD5 },  // 務
    { 0x52DA, 0x84, 0xD6 },  // 勚
    { 0x52DB, 0x84, 0xD7 },  // 勛
    { 0x52DC, 0x84, 0xD8 },  // 勜
    { 0x52DD, 0x84, 0xD9 },  // 勝
    { 0x52DE, 0x84, 0xDA },  // 勞
    { 0x52DF, 0xC4, 0xBC },  // 募
    { 0x52E0, 0x84, 0xDB },  // 勠
    { 0x52E1, 0x84, 0xDC },  // 勡
    { 0x52E2, 0x84, 0xDD },  // 勢
    { 0x52E3, 0x84, 0xDE },  // 勣
    { 0x52E4, 0xC7, 0xDA },  // 勤
    { 0x52E5, 0x84, 0xDF },  // 勥
    { 0x52E6, 0x84, 0xE0 },  // 勦
    { 0x52E7, 0x84, 0xE1 },  // 勧
    { 0x52E8, 0x84, 0xE2 },  // 勨
    { 0x52E9, 0x84, 0xE3 },  // 勩
    { 0x52EA, 0x84, 0xE4 },  // 勪
    { 0x52EB, 0x84, 0xE5 },  // 勫
    { 0x52EC, 0x84, 0xE6 },  // 勬
    { 0x52ED, 0x84, 0xE7 },  // 勭
    { 0x52EE, 0x84, 0xE8 },  // 勮
    { 0x52EF, 0x84, 0xE9 },  // 勯
    { 0x52F0, 0xDB, 0xC4 },  // 勰
    { 0x52F1, 0x84, 0xEA },  // 勱
    { 0x52F2, 0x84, 0xEB },  // 勲
    { 0x52F3, 0x84, 0xEC },  // 勳
    { 0x52F4, 0x84, 0xED },  // 勴
    { 0x52F5, 0x84, 0xEE },  // 勵
    { 0x52F6, 0x84, 0xEF },  // 勶
    { 0x52F7, 0x84, 0xF0 },  // 勷
    { 0x52F8, 0x84, 0xF1 },  // 勸
    { 0x52F9, 0xD9, 0xE8 },  // 勹
    { 0x52FA, 0xC9, 0xD7 },  // 勺
    { 0x52FB, 0x84, 0xF2 },  // 勻
    { 0x52FC, 0x84, 0xF3 },  // 勼
    { 0x52FD, 0x84, 0xF4 },  // 勽
    { 0x52FE, 0xB9, 0xB4 },  // 勾
    { 0x52FF, 0xCE, 0xF0 },  // 勿
    { 0x5300, 0xD4, 0xC8 },  // 匀
    { 0x5301, 0x84, 0xF5 },  // 匁
    { 0x5302, 0x84, 0xF6 },  // 匂
    { 0x5303, 0x84, 0xF7 },  // 匃
    { 0x5304, 0x84, 0xF8 },  // 匄
    { 0x5305, 0xB0, 0xFC },  // 包
    { 0x5306, 0xB4, 0xD2 },  // 匆
    { 0x5307, 0x84, 0xF9 },  // 匇
    { 0x5308, 0xD0, 0xD9 },  // 匈
    { 0x5309, 0x84, 0xFA },  // 匉
    { 0x530A, 0x84, 0xFB },  // 匊
    { 0x530B, 0x84, 0xFC },  // 匋
    { 0x530C, 0x84, 0xFD },  // 匌
    { 0x530D, 0xD9, 0xE9 },  // 匍
    { 0x530E, 0x84, 0xFE },  // 匎
    { 0x530F, 0xDE, 0xCB },  // 匏
    { 0x5310, 0xD9, 0xEB },  // 匐
    { 0x5311, 0x85, 0x40 },  // 匑
    { 0x5312, 0x85, 0x41 },  // 匒
    { 0x5313, 0x85, 0x42 },  // 匓
    { 0x5314, 0x85, 0x43 },  // 匔
    { 0x5315, 0xD8, 0xB0 },  // 匕
    { 0x5316, 0xBB, 0xAF },  // 化
    { 0x5317, 0xB1, 0xB1 },  // 北
    { 0x5318, 0x85, 0x44 },  // 匘
    { 0x5319, 0xB3, 0xD7 },  // 匙
    { 0x531A, 0xD8, 0xCE },  // 匚
    { 0x531B, 0x85, 0x45 },  // 匛
    { 0x531C, 0x85, 0x46 },  // 匜
    { 0x531D, 0xD4, 0xD1 },  // 匝
    { 0x531E, 0x85, 0x47 },  // 匞
    { 0x531F, 0x85, 0x48 },  // 匟
    { 0x5320, 0xBD, 0xB3 },  // 匠
    { 0x5321, 0xBF, 0xEF },  // 匡
    { 0x5322, 0x85, 0x49 },  // 匢
    { 0x5323, 0xCF, 0xBB },  // 匣
    { 0x5324, 0x85, 0x4A },  // 匤
    { 0x5325, 0x85, 0x4B },  // 匥
    { 0x5326, 0xD8, 0xD0 },  // 匦
    { 0x5327, 0x85, 0x4C },  // 匧
    { 0x5328, 0x85, 0x4D },  // 匨
    { 0x5329, 0x85, 0x4E },  // 匩
    { 0x532A, 0xB7, 0xCB },  // 匪
    { 0x532B, 0x85, 0x4F },  // 匫
    { 0x532C, 0x85, 0x50 },  // 匬
    { 0x532D, 0x85, 0x51 },  // 匭
    { 0x532E, 0xD8, 0xD1 },  // 匮
    { 0x532F, 0x85, 0x52 },  // 匯
    { 0x5330, 0x85, 0x53 },  // 匰
    { 0x5331, 0x85, 0x54 },  // 匱
    { 0x5332, 0x85, 0x55 },  // 匲
    { 0x5333, 0x85, 0x56 },  // 匳
    { 0x5334, 0x85, 0x57 },  // 匴
    { 0x5335, 0x85, 0x58 },  // 匵
    { 0x5336, 0x85, 0x59 },  // 匶
    { 0x5337, 0x85, 0x5A },  // 匷
    { 0x5338, 0x85, 0x5B },  // 匸
    { 0x5339, 0xC6, 0xA5 },  // 匹
    { 0x533A, 0xC7, 0xF8 },  // 区
    { 0x533B, 0xD2, 0xBD },  // 医
    { 0x533C, 0x85, 0x5C },  // 匼
    { 0x533D, 0x85, 0x5D },  // 匽
    { 0x533E, 0xD8, 0xD2 },  // 匾
    { 0x533F, 0xC4, 0xE4 },  // 匿
    { 0x5340, 0x85, 0x5E },  // 區
    { 0x5341, 0xCA, 0xAE },  // 十
    { 0x5342, 0x85, 0x5F },  // 卂
    { 0x5343, 0xC7, 0xA7 },  // 千
    { 0x5344, 0x85, 0x60 },  // 卄
    { 0x5345, 0xD8, 0xA6 },  // 卅
    { 0x5346, 0x85, 0x61 },  // 卆
    { 0x5347, 0xC9, 0xFD },  // 升
    { 0x5348, 0xCE, 0xE7 },  // 午
    { 0x5349, 0xBB, 0xDC },  // 卉
    { 0x534A, 0xB0, 0xEB },  // 半
    { 0x534B, 0x85, 0x62 },  // 卋
    { 0x534C, 0x85, 0x63 },  // 卌
    { 0x534D, 0x85, 0x64 },  // 卍
    { 0x534E, 0xBB, 0xAA },  // 华
    { 0x534F, 0xD0, 0xAD },  // 协
    { 0x5350, 0x85, 0x65 },  // 卐
    { 0x5351, 0xB1, 0xB0 },  // 卑
    { 0x5352, 0xD7, 0xE4 },  // 卒
    { 0x5353, 0xD7, 0xBF },  // 卓
    { 0x5354, 0x85, 0x66 },  // 協
    { 0x5355, 0xB5, 0xA5 },  // 单
    { 0x5356, 0xC2, 0xF4 },  // 卖
    { 0x5357, 0xC4, 0xCF },  // 南
    { 0x5358, 0x85, 0x67 },  // 単
    { 0x5359, 0x85, 0x68 },  // 卙
    { 0x535A, 0xB2, 0xA9 },  // 博
    { 0x535B, 0x85, 0x69 },  // 卛
    { 0x535C, 0xB2, 0xB7 },  // 卜
    { 0x535D, 0x85, 0x6A },  // 卝
    { 0x535E, 0xB1, 0xE5 },  // 卞
    { 0x535F, 0xDF, 0xB2 },  // 卟
    { 0x5360, 0xD5, 0xBC },  // 占
    { 0x5361, 0xBF, 0xA8 },  // 卡
    { 0x5362, 0xC2, 0xAC },  // 卢
    { 0x5363, 0xD8, 0xD5 },  // 卣
    { 0x5364, 0xC2, 0xB1 },  // 卤
    { 0x5365, 0x85, 0x6B },  // 卥
    { 0x5366, 0xD8, 0xD4 },  // 卦
    { 0x5367, 0xCE, 0xD4 },  // 卧
    { 0x5368, 0x85, 0x6C },  // 卨
    { 0x5369, 0xDA, 0xE0 },  // 卩
    { 0x536A, 0x85, 0x6D },  // 卪
    { 0x536B, 0xCE, 0xC0 },  // 卫
    { 0x536C, 0x85, 0x6E },  // 卬
    { 0x536D, 0x85, 0x6F },  // 卭
    { 0x536E, 0xD8, 0xB4 },  // 卮
    { 0x536F, 0xC3, 0xAE },  // 卯
    { 0x5370, 0xD3, 0xA1 },  // 印
    { 0x5371, 0xCE, 0xA3 },  // 危
    { 0x5372, 0x85, 0x70 },  // 卲
    { 0x5373, 0xBC, 0xB4 },  // 即
    { 0x5374, 0xC8, 0xB4 },  // 却
    { 0x5375, 0xC2, 0xD1 },  // 卵
    { 0x5376, 0x85, 0x71 },  // 卶
    { 0x5377, 0xBE, 0xED },  // 卷
    { 0x5378, 0xD0, 0xB6 },  // 卸
    { 0x5379, 0x85, 0x72 },  // 卹
    { 0x537A, 0xDA, 0xE1 },  // 卺
    { 0x537B, 0x85, 0x73 },  // 卻
    { 0x537C, 0x85, 0x74 },  // 卼
    { 0x537D, 0x85, 0x75 },  // 卽
    { 0x537E, 0x85, 0x76 },  // 卾
    { 0x537F, 0xC7, 0xE4 },  // 卿
    { 0x5380, 0x85, 0x77 },  // 厀
    { 0x5381, 0x85, 0x78 },  // 厁
    { 0x5382, 0xB3, 0xA7 },  // 厂
    { 0x5383, 0x85, 0x79 },  // 厃
    { 0x5384, 0xB6, 0xF2 },  // 厄
    { 0x5385, 0xCC, 0xFC },  // 厅
    { 0x5386, 0xC0, 0xFA },  // 历
    { 0x5387, 0x85, 0x7A },  // 厇
    { 0x5388, 0x85, 0x7B },  // 厈
    { 0x5389, 0xC0, 0xF7 },  // 厉
    { 0x538A, 0x85, 0x7C },  // 厊
    { 0x538B, 0xD1, 0xB9 },  // 压
    { 0x538C, 0xD1, 0xE1 },  // 厌
    { 0x538D, 0xD8, 0xC7 },  // 厍
    { 0x538E, 0x85, 0x7D },  // 厎
    { 0x538F, 0x85, 0x7E },  // 厏
    { 0x5390, 0x85, 0x80 },  // 厐
    { 0x5391, 0x85, 0x81 },  // 厑
    { 0x5392, 0x85, 0x82 },  // 厒
    { 0x5393, 0x85, 0x83 },  // 厓
    { 0x5394, 0x85, 0x84 },  // 厔
    { 0x5395, 0xB2, 0xDE },  // 厕
    { 0x5396, 0x85, 0x85 },  // 厖
    { 0x5397, 0x85, 0x86 },  // 厗
    { 0x5398, 0xC0, 0xE5 },  // 厘
    { 0x5399, 0x85, 0x87 },  // 厙
    { 0x539A, 0xBA, 0xF1 },  // 厚
    { 0x539B, 0x85, 0x88 },  // 厛
    { 0x539C, 0x85, 0x89 },  // 厜
    { 0x539D, 0xD8, 0xC8 },  // 厝
    { 0x539E, 0x85, 0x8A },  // 厞
    { 0x539F, 0xD4, 0xAD },  // 原
    { 0x53A0, 0x85, 0x8B },  // 厠
    { 0x53A1, 0x85, 0x8C },  // 厡
    { 0x53A2, 0xCF, 0xE1 },  // 厢
    { 0x53A3, 0xD8, 0xC9 },  // 厣
    { 0x53A4, 0x85, 0x8D },  // 厤
    { 0x53A5, 0xD8, 0xCA },  // 厥
    { 0x53A6, 0xCF, 0xC3 },  // 厦
    { 0x53A7, 0x85, 0x8E },  // 厧
    { 0x53A8, 0xB3, 0xF8 },  // 厨
    { 0x53A9, 0xBE, 0xC7 },  // 厩
    { 0x53AA, 0x85, 0x8F },  // 厪
    { 0x53AB, 0x85, 0x90 },  // 厫
    { 0x53AC, 0x85, 0x91 },  // 厬
    { 0x53AD, 0x85, 0x92 },  // 厭
    { 0x53AE, 0xD8, 0xCB },  // 厮
    { 0x53AF, 0x85, 0x93 },  // 厯
    { 0x53B0, 0x85, 0x94 },  // 厰
    { 0x53B1, 0x85, 0x95 },  // 厱
    { 0x53B2, 0x85, 0x96 },  // 厲
    { 0x53B3, 0x85, 0x97 },  // 厳
    { 0x53B4, 0x85, 0x98 },  // 厴
    { 0x53B5, 0x85, 0x99 },  // 厵
    { 0x53B6, 0xDB, 0xCC },  // 厶
    { 0x53B7, 0x85, 0x9A },  // 厷
    { 0x53B8, 0x85, 0x9B },  // 厸
    { 0x53B9, 0x85, 0x9C },  // 厹
    { 0x53BA, 0x85, 0x9D },  // 厺
    { 0x53BB, 0xC8, 0xA5 },  // 去
    { 0x53BC, 0x85, 0x9E },  // 厼
    { 0x53BD, 0x85, 0x9F },  // 厽
    { 0x53BE, 0x85, 0xA0 },  // 厾
    { 0x53BF, 0xCF, 0xD8 },  // 县
    { 0x53C0, 0x85, 0xA1 },  // 叀
    { 0x53C1, 0xC8, 0xFE },  // 叁
    { 0x53C2, 0xB2, 0xCE },  // 参
    { 0x53C3, 0x85, 0xA2 },  // 參
    { 0x53C4, 0x85, 0xA3 },  // 叄
    { 0x53C5, 0x85, 0xA4 },  // 叅
    { 0x53C6, 0x85, 0xA5 },  // 叆
    { 0x53C7, 0x85, 0xA6 },  // 叇
    { 0x53C8, 0xD3, 0xD6 },  // 又
    { 0x53C9, 0xB2, 0xE6 },  // 叉
    { 0x53CA, 0xBC, 0xB0 },  // 及
    { 0x53CB, 0xD3, 0xD1 },  // 友
    { 0x53CC, 0xCB, 0xAB },  // 双
    { 0x53CD, 0xB7, 0xB4 },  // 反
    { 0x53CE, 0x85, 0xA7 },  // 収
    { 0x53CF, 0x85, 0xA8 },  // 叏
    { 0x53D0, 0x85, 0xA9 },  // 叐
    { 0x53D1, 0xB7, 0xA2 },  // 发
    { 0x53D2, 0x85, 0xAA },  // 叒
    { 0x53D3, 0x85, 0xAB },  // 叓
    { 0x53D4, 0xCA, 0xE5 },  // 叔
    { 0x53D5, 0x85, 0xAC },  // 叕
    { 0x53D6, 0xC8, 0xA1 },  // 取
    { 0x53D7, 0xCA, 0xDC },  // 受
    { 0x53D8, 0xB1, 0xE4 },  // 变
    { 0x53D9, 0xD0, 0xF0 },  // 叙
    { 0x53DA, 0x85, 0xAD },  // 叚
    { 0x53DB, 0xC5, 0xD1 },  // 叛
    { 0x53DC, 0x85, 0xAE },  // 叜
    { 0x53DD, 0x85, 0xAF },  // 叝
    { 0x53DE, 0x85, 0xB0 },  // 叞
    { 0x53DF, 0xDB, 0xC5 },  // 叟
    { 0x53E0, 0xB5, 0xFE },  // 叠
    { 0x53E1, 0x85, 0xB1 },  // 叡
    { 0x53E2, 0x85, 0xB2 },  // 叢
    { 0x53E3, 0xBF, 0xDA },  // 口
    { 0x53E4, 0xB9, 0xC5 },  // 古
    { 0x53E5, 0xBE, 0xE4 },  // 句
    { 0x53E6, 0xC1, 0xED },  // 另
    { 0x53E7, 0x85, 0xB3 },  // 叧
    { 0x53E8, 0xDF, 0xB6 },  // 叨
    { 0x53E9, 0xDF, 0xB5 },  // 叩
    { 0x53EA, 0xD6, 0xBB },  // 只
    { 0x53EB, 0xBD, 0xD0 },  // 叫
    { 0x53EC, 0xD5, 0xD9 },  // 召
    { 0x53ED, 0xB0, 0xC8 },  // 叭
    { 0x53EE, 0xB6, 0xA3 },  // 叮
    { 0x53EF, 0xBF, 0xC9 },  // 可
    { 0x53F0, 0xCC, 0xA8 },  // 台
    { 0x53F1, 0xDF, 0xB3 },  // 叱
    { 0x53F2, 0xCA, 0xB7 },  // 史
    { 0x53F3, 0xD3, 0xD2 },  // 右
    { 0x53F4, 0x85, 0xB4 },  // 叴
    { 0x53F5, 0xD8, 0xCF },  // 叵
    { 0x53F6, 0xD2, 0xB6 },  // 叶
    { 0x53F7, 0xBA, 0xC5 },  // 号
    { 0x53F8, 0xCB, 0xBE },  // 司
    { 0x53F9, 0xCC, 0xBE },  // 叹
    { 0x53FA, 0x85, 0xB5 },  // 叺
    { 0x53FB, 0xDF, 0xB7 },  // 叻
    { 0x53FC, 0xB5, 0xF0 },  // 叼
    { 0x53FD, 0xDF, 0xB4 },  // 叽
    { 0x53FE, 0x85, 0xB6 },  // 叾
    { 0x53FF, 0x85, 0xB7 },  // 叿
    { 0x5400, 0x85, 0xB8 },  // 吀
    { 0x5401, 0xD3, 0xF5 },  // 吁
    { 0x5402, 0x85, 0xB9 },  // 吂
    { 0x5403, 0xB3, 0xD4 },  // 吃
    { 0x5404, 0xB8, 0xF7 },  // 各
    { 0x5405, 0x85, 0xBA },  // 吅
    { 0x5406, 0xDF, 0xBA },  // 吆
    { 0x5407, 0x85, 0xBB },  // 吇
    { 0x5408, 0xBA, 0xCF },  // 合
    { 0x5409, 0xBC, 0xAA },  // 吉
    { 0x540A, 0xB5, 0xF5 },  // 吊
    { 0x540B, 0x85, 0xBC },  // 吋
    { 0x540C, 0xCD, 0xAC },  // 同
    { 0x540D, 0xC3, 0xFB },  // 名
    { 0x540E, 0xBA, 0xF3 },  // 后
    { 0x540F, 0xC0, 0xF4 },  // 吏
    { 0x5410, 0xCD, 0xC2 },  // 吐
    { 0x5411, 0xCF, 0xF2 },  // 向
    { 0x5412, 0xDF, 0xB8 },  // 吒
    { 0x5413, 0xCF, 0xC5 },  // 吓
    { 0x5414, 0x85, 0xBD },  // 吔
    { 0x5415, 0xC2, 0xC0 },  // 吕
    { 0x5416, 0xDF, 0xB9 },  // 吖
    { 0x5417, 0xC2, 0xF0 },  // 吗
    { 0x5418, 0x85, 0xBE },  // 吘
    { 0x5419, 0x85, 0xBF },  // 吙
    { 0x541A, 0x85, 0xC0 },  // 吚
    { 0x541B, 0xBE, 0xFD },  // 君
    { 0x541C, 0x85, 0xC1 },  // 吜
    { 0x541D, 0xC1, 0xDF },  // 吝
    { 0x541E, 0xCD, 0xCC },  // 吞
    { 0x541F, 0xD2, 0xF7 },  // 吟
    { 0x5420, 0xB7, 0xCD },  // 吠
    { 0x5421, 0xDF, 0xC1 },  // 吡
    { 0x5422, 0x85, 0xC2 },  // 吢
    { 0x5423, 0xDF, 0xC4 },  // 吣
    { 0x5424, 0x85, 0xC3 },  // 吤
    { 0x5425, 0x85, 0xC4 },  // 吥
    { 0x5426, 0xB7, 0xF1 },  // 否
    { 0x5427, 0xB0, 0xC9 },  // 吧
    { 0x5428, 0xB6, 0xD6 },  // 吨
    { 0x5429, 0xB7, 0xD4 },  // 吩
    { 0x542A, 0x85, 0xC5 },  // 吪
    { 0x542B, 0xBA, 0xAC },  // 含
    { 0x542C, 0xCC, 0xFD },  // 听
    { 0x542D, 0xBF, 0xD4 },  // 吭
    { 0x542E, 0xCB, 0xB1 },  // 吮
    { 0x542F, 0xC6, 0xF4 },  // 启
    { 0x5430, 0x85, 0xC6 },  // 吰
    { 0x5431, 0xD6, 0xA8 },  // 吱
    { 0x5432, 0xDF, 0xC5 },  // 吲
    { 0x5433, 0x85, 0xC7 },  // 吳
    { 0x5434, 0xCE, 0xE2 },  // 吴
    { 0x5435, 0xB3, 0xB3 },  // 吵
    { 0x5436, 0x85, 0xC8 },  // 吶
    { 0x5437, 0x85, 0xC9 },  // 吷
    { 0x5438, 0xCE, 0xFC },  // 吸
    { 0x5439, 0xB4, 0xB5 },  // 吹
    { 0x543A, 0x85, 0xCA },  // 吺
    { 0x543B, 0xCE, 0xC7 },  // 吻
    { 0x543C, 0xBA, 0xF0 },  // 吼
    { 0x543D, 0x85, 0xCB },  // 吽
    { 0x543E, 0xCE, 0xE1 },  // 吾
    { 0x543F, 0x85, 0xCC },  // 吿
    { 0x5440, 0xD1, 0xBD },  // 呀
    { 0x5441, 0x85, 0xCD },  // 呁
    { 0x5442, 0x85, 0xCE },  // 呂
    { 0x5443, 0xDF, 0xC0 },  // 呃
    { 0x5444, 0x85, 0xCF },  // 呄
    { 0x5445, 0x85, 0xD0 },  // 呅
    { 0x5446, 0xB4, 0xF4 },  // 呆
    { 0x5447, 0x85, 0xD1 },  // 呇
    { 0x5448, 0xB3, 0xCA },  // 呈
    { 0x5449, 0x85, 0xD2 },  // 呉
    { 0x544A, 0xB8, 0xE6 },  // 告
    { 0x544B, 0xDF, 0xBB },  // 呋
    { 0x544C, 0x85, 0xD3 },  // 呌
    { 0x544D, 0x85, 0xD4 },  // 呍
    { 0x544E, 0x85, 0xD5 },  // 呎
    { 0x544F, 0x85, 0xD6 },  // 呏
    { 0x5450, 0xC4, 0xC5 },  // 呐
    { 0x5451, 0x85, 0xD7 },  // 呑
    { 0x5452, 0xDF, 0xBC },  // 呒
    { 0x5453, 0xDF, 0xBD },  // 呓
    { 0x5454, 0xDF, 0xBE },  // 呔
    { 0x5455, 0xC5, 0xBB },  // 呕
    { 0x5456, 0xDF, 0xBF },  // 呖
    { 0x5457, 0xDF, 0xC2 },  // 呗
    { 0x5458, 0xD4, 0xB1 },  // 员
    { 0x5459, 0xDF, 0xC3 },  // 呙
    { 0x545A, 0x85, 0xD8 },  // 呚
    { 0x545B, 0xC7, 0xBA },  // 呛
    { 0x545C, 0xCE, 0xD8 },  // 呜
    { 0x545D, 0x85, 0xD9 },  // 呝
    { 0x545E, 0x85, 0xDA },  // 呞
    { 0x545F, 0x85, 0xDB },  // 呟
    { 0x5460, 0x85, 0xDC },  // 呠
    { 0x5461, 0x85, 0xDD },  // 呡
    { 0x5462, 0xC4, 0xD8 },  // 呢
    { 0x5463, 0x85, 0xDE },  // 呣
    { 0x5464, 0xDF, 0xCA },  // 呤
    { 0x5465, 0x85, 0xDF },  // 呥
    { 0x5466, 0xDF, 0xCF },  // 呦
    { 0x5467, 0x85, 0xE0 },  // 呧
    { 0x5468, 0xD6, 0xDC },  // 周
    { 0x5469, 0x85, 0xE1 },  // 呩
    { 0x546A, 0x85, 0xE2 },  // 呪
    { 0x546B, 0x85, 0xE3 },  // 呫
    { 0x546C, 0x85, 0xE4 },  // 呬
    { 0x546D, 0x85, 0xE5 },  // 呭
    { 0x546E, 0x85, 0xE6 },  // 呮
    { 0x546F, 0x85, 0xE7 },  // 呯
    { 0x5470, 0x85, 0xE8 },  // 呰
    { 0x5471, 0xDF, 0xC9 },  // 呱
    { 0x5472, 0xDF, 0xDA },  // 呲
    { 0x5473, 0xCE, 0xB6 },  // 味
    { 0x5474, 0x85, 0xE9 },  // 呴
    { 0x5475, 0xBA, 0xC7 },  // 呵
    { 0x5476, 0xDF, 0xCE },  // 呶
    { 0x5477, 0xDF, 0xC8 },  // 呷
    { 0x5478, 0xC5, 0xDE },  // 呸
    { 0x5479, 0x85, 0xEA },  // 呹
    { 0x547A, 0x85, 0xEB },  // 呺
    { 0x547B, 0xC9, 0xEB },  // 呻
    { 0x547C, 0xBA, 0xF4 },  // 呼
    { 0x547D, 0xC3, 0xFC },  // 命
    { 0x547E, 0x85, 0xEC },  // 呾
    { 0x547F, 0x85, 0xED },  // 呿
    { 0x5480, 0xBE, 0xD7 },  // 咀
    { 0x5481, 0x85, 0xEE },  // 咁
    { 0x5482, 0xDF, 0xC6 },  // 咂
    { 0x5483, 0x85, 0xEF },  // 咃
    { 0x5484, 0xDF, 0xCD },  // 咄
    { 0x5485, 0x85, 0xF0 },  // 咅
    { 0x5486, 0xC5, 0xD8 },  // 咆
    { 0x5487, 0x85, 0xF1 },  // 咇
    { 0x5488, 0x85, 0xF2 },  // 咈
    { 0x5489, 0x85, 0xF3 },  // 咉
    { 0x548A, 0x85, 0xF4 },  // 咊
    { 0x548B, 0xD5, 0xA6 },  // 咋
    { 0x548C, 0xBA, 0xCD },  // 和
    { 0x548D, 0x85, 0xF5 },  // 咍
    { 0x548E, 0xBE, 0xCC },  // 咎
    { 0x548F, 0xD3, 0xBD },  // 咏
    { 0x5490, 0xB8, 0xC0 },  // 咐
    { 0x5491, 0x85, 0xF6 },  // 咑
    { 0x5492, 0xD6, 0xE4 },  // 咒
    { 0x5493, 0x85, 0xF7 },  // 咓
    { 0x5494, 0xDF, 0xC7 },  // 咔
    { 0x5495, 0xB9, 0xBE },  // 咕
    { 0x5496, 0xBF, 0xA7 },  // 咖
    { 0x5497, 0x85, 0xF8 },  // 咗
    { 0x5498, 0x85, 0xF9 },  // 咘
    { 0x5499, 0xC1, 0xFC },  // 咙
    { 0x549A, 0xDF, 0xCB },  // 咚
    { 0x549B, 0xDF, 0xCC },  // 咛
    { 0x549C, 0x85, 0xFA },  // 咜
    { 0x549D, 0xDF, 0xD0 },  // 咝
    { 0x549E, 0x85, 0xFB },  // 咞
    { 0x549F, 0x85, 0xFC },  // 咟
    { 0x54A0, 0x85, 0xFD },  // 咠
    { 0x54A1, 0x85, 0xFE },  // 咡
    { 0x54A2, 0x86, 0x40 },  // 咢
    { 0x54A3, 0xDF, 0xDB },  // 咣
    { 0x54A4, 0xDF, 0xE5 },  // 咤
    { 0x54A5, 0x86, 0x41 },  // 咥
    { 0x54A6, 0xDF, 0xD7 },  // 咦
    { 0x54A7, 0xDF, 0xD6 },  // 咧
    { 0x54A8, 0xD7, 0xC9 },  // 咨
    { 0x54A9, 0xDF, 0xE3 },  // 咩
    { 0x54AA, 0xDF, 0xE4 },  // 咪
    { 0x54AB, 0xE5, 0xEB },  // 咫
    { 0x54AC, 0xD2, 0xA7 },  // 咬
    { 0x54AD, 0xDF, 0xD2 },  // 咭
    { 0x54AE, 0x86, 0x42 },  // 咮
    { 0x54AF, 0xBF, 0xA9 },  // 咯
    { 0x54B0, 0x86, 0x43 },  // 咰
    { 0x54B1, 0xD4, 0xDB },  // 咱
    { 0x54B2, 0x86, 0x44 },  // 咲
    { 0x54B3, 0xBF, 0xC8 },  // 咳
    { 0x54B4, 0xDF, 0xD4 },  // 咴
    { 0x54B5, 0x86, 0x45 },  // 咵
    { 0x54B6, 0x86, 0x46 },  // 咶
    { 0x54B7, 0x86, 0x47 },  // 咷
    { 0x54B8, 0xCF, 0xCC },  // 咸
    { 0x54B9, 0x86, 0x48 },  // 咹
    { 0x54BA, 0x86, 0x49 },  // 咺
    { 0x54BB, 0xDF, 0xDD },  // 咻
    { 0x54BC, 0x86, 0x4A },  // 咼
    { 0x54BD, 0xD1, 0xCA },  // 咽
    { 0x54BE, 0x86, 0x4B },  // 咾
    { 0x54BF, 0xDF, 0xDE },  // 咿
    { 0x54C0, 0xB0, 0xA7 },  // 哀
    { 0x54C1, 0xC6, 0xB7 },  // 品
    { 0x54C2, 0xDF, 0xD3 },  // 哂
    { 0x54C3, 0x86, 0x4C },  // 哃
    { 0x54C4, 0xBA, 0xE5 },  // 哄
    { 0x54C5, 0x86, 0x4D },  // 哅
    { 0x54C6, 0xB6, 0xDF },  // 哆
    { 0x54C7, 0xCD, 0xDB },  // 哇
    { 0x54C8, 0xB9, 0xFE },  // 哈
    { 0x54C9, 0xD4, 0xD5 },  // 哉
    { 0x54CA, 0x86, 0x4E },  // 哊
    { 0x54CB, 0x86, 0x4F },  // 哋
    { 0x54CC, 0xDF, 0xDF },  // 哌
    { 0x54CD, 0xCF, 0xEC },  // 响
    { 0x54CE, 0xB0, 0xA5 },  // 哎
    { 0x54CF, 0xDF, 0xE7 },  // 哏
    { 0x54D0, 0xDF, 0xD1 },  // 哐
    { 0x54D1, 0xD1, 0xC6 },  // 哑
    { 0x54D2, 0xDF, 0xD5 },  // 哒
    { 0x54D3, 0xDF, 0xD8 },  // 哓
    { 0x54D4, 0xDF, 0xD9 },  // 哔
    { 0x54D5, 0xDF, 0xDC },  // 哕
    { 0x54D6, 0x86, 0x50 },  // 哖
    { 0x54D7, 0xBB, 0xA9 },  // 哗
    { 0x54D8, 0x86, 0x51 },  // 哘
    { 0x54D9, 0xDF, 0xE0 },  // 哙
    { 0x54DA, 0xDF, 0xE1 },  // 哚
    { 0x54DB, 0x86, 0x52 },  // 哛
    { 0x54DC, 0xDF, 0xE2 },  // 哜
    { 0x54DD, 0xDF, 0xE6 },  // 哝
    { 0x54DE, 0xDF, 0xE8 },  // 哞
    { 0x54DF, 0xD3, 0xB4 },  // 哟
    { 0x54E0, 0x86, 0x53 },  // 哠
    { 0x54E1, 0x86, 0x54 },  // 員
    { 0x54E2, 0x86, 0x55 },  // 哢
    { 0x54E3, 0x86, 0x56 },  // 哣
    { 0x54E4, 0x86, 0x57 },  // 哤
    { 0x54E5, 0xB8, 0xE7 },  // 哥
    { 0x54E6, 0xC5, 0xB6 },  // 哦
    { 0x54E7, 0xDF, 0xEA },  // 哧
    { 0x54E8, 0xC9, 0xDA },  // 哨
    { 0x54E9, 0xC1, 0xA8 },  // 哩
    { 0x54EA, 0xC4, 0xC4 },  // 哪
    { 0x54EB, 0x86, 0x58 },  // 哫
    { 0x54EC, 0x86, 0x59 },  // 哬
    { 0x54ED, 0xBF, 0xDE },  // 哭
    { 0x54EE, 0xCF, 0xF8 },  // 哮
    { 0x54EF, 0x86, 0x5A },  // 哯
    { 0x54F0, 0x86, 0x5B },  // 哰
    { 0x54F1, 0x86, 0x5C },  // 哱
    { 0x54F2, 0xD5, 0xDC },  // 哲
    { 0x54F3, 0xDF, 0xEE },  // 哳
    { 0x54F4, 0x86, 0x5D },  // 哴
    { 0x54F5, 0x86, 0x5E },  // 哵
    { 0x54F6, 0x86, 0x5F },  // 哶
    { 0x54F7, 0x86, 0x60 },  // 哷
    { 0x54F8, 0x86, 0x61 },  // 哸
    { 0x54F9, 0x86, 0x62 },  // 哹
    { 0x54FA, 0xB2, 0xB8 },  // 哺
    { 0x54FB, 0x86, 0x63 },  // 哻
    { 0x54FC, 0xBA, 0xDF },  // 哼
    { 0x54FD, 0xDF, 0xEC },  // 哽
    { 0x54FE, 0x86, 0x64 },  // 哾
    { 0x54FF, 0xDB, 0xC1 },  // 哿
    { 0x5500, 0x86, 0x65 },  // 唀
    { 0x5501, 0xD1, 0xE4 },  // 唁
    { 0x5502, 0x86, 0x66 },  // 唂
    { 0x5503, 0x86, 0x67 },  // 唃
    { 0x5504, 0x86, 0x68 },  // 唄
    { 0x5505, 0x86, 0x69 },  // 唅
    { 0x5506, 0xCB, 0xF4 },  // 唆
    { 0x5507, 0xB4, 0xBD },  // 唇
    { 0x5508, 0x86, 0x6A },  // 唈
    { 0x5509, 0xB0, 0xA6 },  // 唉
    { 0x550A, 0x86, 0x6B },  // 唊
    { 0x550B, 0x86, 0x6C },  // 唋
    { 0x550C, 0x86, 0x6D },  // 唌
    { 0x550D, 0x86, 0x6E },  // 唍
    { 0x550E, 0x86, 0x6F },  // 唎
    { 0x550F, 0xDF, 0xF1 },  // 唏
    { 0x5510, 0xCC, 0xC6 },  // 唐
    { 0x5511, 0xDF, 0xF2 },  // 唑
    { 0x5512, 0x86, 0x70 },  // 唒
    { 0x5513, 0x86, 0x71 },  // 唓
    { 0x5514, 0xDF, 0xED },  // 唔
    { 0x5515, 0x86, 0x72 },  // 唕
    { 0x5516, 0x86, 0x73 },  // 唖
    { 0x5517, 0x86, 0x74 },  // 唗
    { 0x5518, 0x86, 0x75 },  // 唘
    { 0x5519, 0x86, 0x76 },  // 唙
    { 0x551A, 0x86, 0x77 },  // 唚
    { 0x551B, 0xDF, 0xE9 },  // 唛
    { 0x551C, 0x86, 0x78 },  // 唜
    { 0x551D, 0x86, 0x79 },  // 唝
    { 0x551E, 0x86, 0x7A },  // 唞
    { 0x551F, 0x86, 0x7B },  // 唟
    { 0x5520, 0xDF, 0xEB },  // 唠
    { 0x5521, 0x86, 0x7C },  // 唡
    { 0x5522, 0xDF, 0xEF },  // 唢
    { 0x5523, 0xDF, 0xF0 },  // 唣
    { 0x5524, 0xBB, 0xBD },  // 唤
    { 0x5525, 0x86, 0x7D },  // 唥
    { 0x5526, 0x86, 0x7E },  // 唦
    { 0x5527, 0xDF, 0xF3 },  // 唧
    { 0x5528, 0x86, 0x80 },  // 唨
    { 0x5529, 0x86, 0x81 },  // 唩
    { 0x552A, 0xDF, 0xF4 },  // 唪
    { 0x552B, 0x86, 0x82 },  // 唫
    { 0x552C, 0xBB, 0xA3 },  // 唬
    { 0x552D, 0x86, 0x83 },  // 唭
    { 0x552E, 0xCA, 0xDB },  // 售
    { 0x552F, 0xCE, 0xA8 },  // 唯
    { 0x5530, 0xE0, 0xA7 },  // 唰
    { 0x5531, 0xB3, 0xAA },  // 唱
    { 0x5532, 0x86, 0x84 },  // 唲
    { 0x5533, 0xE0, 0xA6 },  // 唳
    { 0x5534, 0x86, 0x85 },  // 唴
    { 0x5535, 0x86, 0x86 },  // 唵
    { 0x5536, 0x86, 0x87 },  // 唶
    { 0x5537, 0xE0, 0xA1 },  // 唷
    { 0x5538, 0x86, 0x88 },  // 唸
    { 0x5539, 0x86, 0x89 },  // 唹
    { 0x553A, 0x86, 0x8A },  // 唺
    { 0x553B, 0x86, 0x8B },  // 唻
    { 0x553C, 0xDF, 0xFE },  // 唼
    { 0x553D, 0x86, 0x8C },  // 唽
    { 0x553E, 0xCD, 0xD9 },  // 唾
    { 0x553F, 0xDF, 0xFC },  // 唿
    { 0x5540, 0x86, 0x8D },  // 啀
    { 0x5541, 0xDF, 0xFA },  // 啁
    { 0x5542, 0x86, 0x8E },  // 啂
    { 0x5543, 0xBF, 0xD0 },  // 啃
    { 0x5544, 0xD7, 0xC4 },  // 啄
    { 0x5545, 0x86, 0x8F },  // 啅
    { 0x5546, 0xC9, 0xCC },  // 商
    { 0x5547, 0x86, 0x90 },  // 啇
    { 0x5548, 0x86, 0x91 },  // 啈
    { 0x5549, 0xDF, 0xF8 },  // 啉
    { 0x554A, 0xB0, 0xA1 },  // 啊
    { 0x554B, 0x86, 0x92 },  // 啋
    { 0x554C, 0x86, 0x93 },  // 啌
    { 0x554D, 0x86, 0x94 },  // 啍
    { 0x554E, 0x86, 0x95 },  // 啎
    { 0x554F, 0x86, 0x96 },  // 問
    { 0x5550, 0xDF, 0xFD },  // 啐
    { 0x5551, 0x86, 0x97 },  // 啑
    { 0x5552, 0x86, 0x98 },  // 啒
    { 0x5553, 0x86, 0x99 },  // 啓
    { 0x5554, 0x86, 0x9A },  // 啔
    { 0x5555, 0xDF, 0xFB },  // 啕
    { 0x5556, 0xE0, 0xA2 },  // 啖
    { 0x5557, 0x86, 0x9B },  // 啗
    { 0x5558, 0x86, 0x9C },  // 啘
    { 0x5559, 0x86, 0x9D },  // 啙
    { 0x555A, 0x86, 0x9E },  // 啚
    { 0x555B, 0x86, 0x9F },  // 啛
    { 0x555C, 0xE0, 0xA8 },  // 啜
    { 0x555D, 0x86, 0xA0 },  // 啝
    { 0x555E, 0x86, 0xA1 },  // 啞
    { 0x555F, 0x86, 0xA2 },  // 啟
    { 0x5560, 0x86, 0xA3 },  // 啠
    { 0x5561, 0xB7, 0xC8 },  // 啡
    { 0x5562, 0x86, 0xA4 },  // 啢
    { 0x5563, 0x86, 0xA5 },  // 啣
    { 0x5564, 0xC6, 0xA1 },  // 啤
    { 0x5565, 0xC9, 0xB6 },  // 啥
    { 0x5566, 0xC0, 0xB2 },  // 啦
    { 0x5567, 0xDF, 0xF5 },  // 啧
    { 0x5568, 0x86, 0xA6 },  // 啨
    { 0x5569, 0x86, 0xA7 },  // 啩
    { 0x556A, 0xC5, 0xBE },  // 啪
    { 0x556B, 0x86, 0xA8 },  // 啫
    { 0x556C, 0xD8, 0xC4 },  // 啬
    { 0x556D, 0xDF, 0xF9 },  // 啭
    { 0x556E, 0xC4, 0xF6 },  // 啮
    { 0x556F, 0x86, 0xA9 },  // 啯
    { 0x5570, 0x86, 0xAA },  // 啰
    { 0x5571, 0x86, 0xAB },  // 啱
    { 0x5572, 0x86, 0xAC },  // 啲
    { 0x5573, 0x86, 0xAD },  // 啳
    { 0x5574, 0x86, 0xAE },  // 啴
    { 0x5575, 0xE0, 0xA3 },  // 啵
    { 0x5576, 0xE0, 0xA4 },  // 啶
    { 0x5577, 0xE0, 0xA5 },  // 啷
    { 0x5578, 0xD0, 0xA5 },  // 啸
    { 0x5579, 0x86, 0xAF },  // 啹
    { 0x557A, 0x86, 0xB0 },  // 啺
    { 0x557B, 0xE0, 0xB4 },  // 啻
    { 0x557C, 0xCC, 0xE4 },  // 啼
    { 0x557D, 0x86, 0xB1 },  // 啽
    { 0x557E, 0xE0, 0xB1 },  // 啾
    { 0x557F, 0x86, 0xB2 },  // 啿
    { 0x5580, 0xBF, 0xA6 },  // 喀
    { 0x5581, 0xE0, 0xAF },  // 喁
    { 0x5582, 0xCE, 0xB9 },  // 喂
    { 0x5583, 0xE0, 0xAB },  // 喃
    { 0x5584, 0xC9, 0xC6 },  // 善
    { 0x5585, 0x86, 0xB3 },  // 喅
    { 0x5586, 0x86, 0xB4 },  // 喆
    { 0x5587, 0xC0, 0xAE },  // 喇
    { 0x5588, 0xE0, 0xAE },  // 喈
    { 0x5589, 0xBA, 0xED },  // 喉
    { 0x558A, 0xBA, 0xB0 },  // 喊
    { 0x558B, 0xE0, 0xA9 },  // 喋
    { 0x558C, 0x86, 0xB5 },  // 喌
    { 0x558D, 0x86, 0xB6 },  // 喍
    { 0x558E, 0x86, 0xB7 },  // 喎
    { 0x558F, 0xDF, 0xF6 },  // 喏
    { 0x5590, 0x86, 0xB8 },  // 喐
    { 0x5591, 0xE0, 0xB3 },  // 喑
    { 0x5592, 0x86, 0xB9 },  // 喒
    { 0x5593, 0x86, 0xBA },  // 喓
    { 0x5594, 0xE0, 0xB8 },  // 喔
    { 0x5595, 0x86, 0xBB },  // 喕
    { 0x5596, 0x86, 0xBC },  // 喖
    { 0x5597, 0x86, 0xBD },  // 喗
    { 0x5598, 0xB4, 0xAD },  // 喘
    { 0x5599, 0xE0, 0xB9 },  // 喙
    { 0x559A, 0x86, 0xBE },  // 喚
    { 0x559B, 0x86, 0xBF },  // 喛
    { 0x559C, 0xCF, 0xB2 },  // 喜
    { 0x559D, 0xBA, 0xC8 },  // 喝
    { 0x559E, 0x86, 0xC0 },  // 喞
    { 0x559F, 0xE0, 0xB0 },  // 喟
    { 0x55A0, 0x86, 0xC1 },  // 喠
    { 0x55A1, 0x86, 0xC2 },  // 喡
    { 0x55A2, 0x86, 0xC3 },  // 喢
    { 0x55A3, 0x86, 0xC4 },  // 喣
    { 0x55A4, 0x86, 0xC5 },  // 喤
    { 0x55A5, 0x86, 0xC6 },  // 喥
    { 0x55A6, 0x86, 0xC7 },  // 喦
    { 0x55A7, 0xD0, 0xFA },  // 喧
    { 0x55A8, 0x86, 0xC8 },  // 喨
    { 0x55A9, 0x86, 0xC9 },  // 喩
    { 0x55AA, 0x86, 0xCA },  // 喪
    { 0x55AB, 0x86, 0xCB },  // 喫
    { 0x55AC, 0x86, 0xCC },  // 喬
    { 0x55AD, 0x86, 0xCD },  // 喭
    { 0x55AE, 0x86, 0xCE },  // 單
    { 0x55AF, 0x86, 0xCF },  // 喯
    { 0x55B0, 0x86, 0xD0 },  // 喰
    { 0x55B1, 0xE0, 0xAC },  // 喱
    { 0x55B2, 0x86, 0xD1 },  // 喲
    { 0x55B3, 0xD4, 0xFB },  // 喳
    { 0x55B4, 0x86, 0xD2 },  // 喴
    { 0x55B5, 0xDF, 0xF7 },  // 喵
    { 0x55B6, 0x86, 0xD3 },  // 営
    { 0x55B7, 0xC5, 0xE7 },  // 喷
    { 0x55B8, 0x86, 0xD4 },  // 喸
    { 0x55B9, 0xE0, 0xAD },  // 喹
    { 0x55BA, 0x86, 0xD5 },  // 喺
    { 0x55BB, 0xD3, 0xF7 },  // 喻
    { 0x55BC, 0x86, 0xD6 },  // 喼
    { 0x55BD, 0xE0, 0xB6 },  // 喽
    { 0x55BE, 0xE0, 0xB7 },  // 喾
    { 0x55BF, 0x86, 0xD7 },  // 喿
    { 0x55C0, 0x86, 0xD8 },  // 嗀
    { 0x55C1, 0x86, 0xD9 },  // 嗁
    { 0x55C2, 0x86, 0xDA },  // 嗂
    { 0x55C3, 0x86, 0xDB },  // 嗃
    { 0x55C4, 0xE0, 0xC4 },  // 嗄
    { 0x55C5, 0xD0, 0xE1 },  // 嗅
    { 0x55C6, 0x86, 0xDC },  // 嗆
    { 0x55C7, 0x86, 0xDD },  // 嗇
    { 0x55C8, 0x86, 0xDE },  // 嗈
    { 0x55C9, 0xE0, 0xBC },  // 嗉
    { 0x55CA, 0x86, 0xDF },  // 嗊
    { 0x55CB, 0x86, 0xE0 },  // 嗋
    { 0x55CC, 0xE0, 0xC9 },  // 嗌
    { 0x55CD, 0xE0, 0xCA },  // 嗍
    { 0x55CE, 0x86, 0xE1 },  // 嗎
    { 0x55CF, 0x86, 0xE2 },  // 嗏
    { 0x55D0, 0x86, 0xE3 },  // 嗐
    { 0x55D1, 0xE0, 0xBE },  // 嗑
    { 0x55D2, 0xE0, 0xAA },  // 嗒
    { 0x55D3, 0xC9, 0xA4 },  // 嗓
    { 0x55D4, 0xE0, 0xC1 },  // 嗔
    { 0x55D5, 0x86, 0xE4 },  // 嗕
    { 0x55D6, 0xE0, 0xB2 },  // 嗖
    { 0x55D7, 0x86, 0xE5 },  // 嗗
    { 0x55D8, 0x86, 0xE6 },  // 嗘
    { 0x55D9, 0x86, 0xE7 },  // 嗙
    { 0x55DA, 0x86, 0xE8 },  // 嗚
    { 0x55DB, 0x86, 0xE9 },  // 嗛
    { 0x55DC, 0xCA, 0xC8 },  // 嗜
    { 0x55DD, 0xE0, 0xC3 },  // 嗝
    { 0x55DE, 0x86, 0xEA },  // 嗞
    { 0x55DF, 0xE0, 0xB5 },  // 嗟
    { 0x55E0, 0x86, 0xEB },  // 嗠
    { 0x55E1, 0xCE, 0xCB },  // 嗡
    { 0x55E2, 0x86, 0xEC },  // 嗢
    { 0x55E3, 0xCB, 0xC3 },  // 嗣
    { 0x55E4, 0xE0, 0xCD },  // 嗤
    { 0x55E5, 0xE0, 0xC6 },  // 嗥
    { 0x55E6, 0xE0, 0xC2 },  // 嗦
    { 0x55E7, 0x86, 0xED },  // 嗧
    { 0x55E8, 0xE0, 0xCB },  // 嗨
    { 0x55E9, 0x86, 0xEE },  // 嗩
    { 0x55EA, 0xE0, 0xBA },  // 嗪
    { 0x55EB, 0xE0, 0xBF },  // 嗫
    { 0x55EC, 0xE0, 0xC0 },  // 嗬
    { 0x55ED, 0x86, 0xEF },  // 嗭
    { 0x55EE, 0x86, 0xF0 },  // 嗮
    { 0x55EF, 0xE0, 0xC5 },  // 嗯
    { 0x55F0, 0x86, 0xF1 },  // 嗰
    { 0x55F1, 0x86, 0xF2 },  // 嗱
    { 0x55F2, 0xE0, 0xC7 },  // 嗲
    { 0x55F3, 0xE0, 0xC8 },  // 嗳
    { 0x55F4, 0x86, 0xF3 },  // 嗴
    { 0x55F5, 0xE0, 0xCC },  // 嗵
    { 0x55F6, 0x86, 0xF4 },  // 嗶
    { 0x55F7, 0xE0, 0xBB },  // 嗷
    { 0x55F8, 0x86, 0xF5 },  // 嗸
    { 0x55F9, 0x86, 0xF6 },  // 嗹
    { 0x55FA, 0x86, 0xF7 },  // 嗺
    { 0x55FB, 0x86, 0xF8 },  // 嗻
    { 0x55FC, 0x86, 0xF9 },  // 嗼
    { 0x55FD, 0xCB, 0xD4 },  // 嗽
    { 0x55FE, 0xE0, 0xD5 },  // 嗾
    { 0x55FF, 0x86, 0xFA },  // 嗿
    { 0x5600, 0xE0, 0xD6 },  // 嘀
    { 0x5601, 0xE0, 0xD2 },  // 嘁
    { 0x5602, 0x86, 0xFB },  // 嘂
    { 0x5603, 0x86, 0xFC },  // 嘃
    { 0x5604, 0x86, 0xFD },  // 嘄
    { 0x5605, 0x86, 0xFE },  // 嘅
    { 0x5606, 0x87, 0x40 },  // 嘆
    { 0x5607, 0x87, 0x41 },  // 嘇
    { 0x5608, 0xE0, 0xD0 },  // 嘈
    { 0x5609, 0xBC, 0xCE },  // 嘉
    { 0x560A, 0x87, 0x42 },  // 嘊
    { 0x560B, 0x87, 0x43 },  // 嘋
    { 0x560C, 0xE0, 0xD1 },  // 嘌
    { 0x560D, 0x87, 0x44 },  // 嘍
    { 0x560E, 0xB8, 0xC2 },  // 嘎
    { 0x560F, 0xD8, 0xC5 },  // 嘏
    { 0x5610, 0x87, 0x45 },  // 嘐
    { 0x5611, 0x87, 0x46 },  // 嘑
    { 0x5612, 0x87, 0x47 },  // 嘒
    { 0x5613, 0x87, 0x48 },  // 嘓
    { 0x5614, 0x87, 0x49 },  // 嘔
    { 0x5615, 0x87, 0x4A },  // 嘕
    { 0x5616, 0x87, 0x4B },  // 嘖
    { 0x5617, 0x87, 0x4C },  // 嘗
    { 0x5618, 0xD0, 0xEA },  // 嘘
    { 0x5619, 0x87, 0x4D },  // 嘙
    { 0x561A, 0x87, 0x4E },  // 嘚
    { 0x561B, 0xC2, 0xEF },  // 嘛
    { 0x561C, 0x87, 0x4F },  // 嘜
    { 0x561D, 0x87, 0x50 },  // 嘝
    { 0x561E, 0xE0, 0xCF },  // 嘞
    { 0x561F, 0xE0, 0xBD },  // 嘟
    { 0x5620, 0x87, 0x51 },  // 嘠
    { 0x5621, 0x87, 0x52 },  // 嘡
    { 0x5622, 0x87, 0x53 },  // 嘢
    { 0x5623, 0xE0, 0xD4 },  // 嘣
    { 0x5624, 0xE0, 0xD3 },  // 嘤
    { 0x5625, 0x87, 0x54 },  // 嘥
    { 0x5626, 0x87, 0x55 },  // 嘦
    { 0x5627, 0xE0, 0xD7 },  // 嘧
    { 0x5628, 0x87, 0x56 },  // 嘨
    { 0x5629, 0x87, 0x57 },  // 嘩
    { 0x562A, 0x87, 0x58 },  // 嘪
    { 0x562B, 0x87, 0x59 },  // 嘫
    { 0x562C, 0xE0, 0xDC },  // 嘬
    { 0x562D, 0xE0, 0xD8 },  // 嘭
    { 0x562E, 0x87, 0x5A },  // 嘮
    { 0x562F, 0x87, 0x5B },  // 嘯
    { 0x5630, 0x87, 0x5C },  // 嘰
    { 0x5631, 0xD6, 0xF6 },  // 嘱
    { 0x5632, 0xB3, 0xB0 },  // 嘲
    { 0x5633, 0x87, 0x5D },  // 嘳
    { 0x5634, 0xD7, 0xEC },  // 嘴
    { 0x5635, 0x87, 0x5E },  // 嘵
    { 0x5636, 0xCB, 0xBB },  // 嘶
    { 0x5637, 0x87, 0x5F },  // 嘷
    { 0x5638, 0x87, 0x60 },  // 嘸
    { 0x5639, 0xE0, 0xDA },  // 嘹
    { 0x563A, 0x87, 0x61 },  // 嘺
    { 0x563B, 0xCE, 0xFB },  // 嘻
    { 0x563C, 0x87, 0x62 },  // 嘼
    { 0x563D, 0x87, 0x63 },  // 嘽
    { 0x563E, 0x87, 0x64 },  // 嘾
    { 0x563F, 0xBA, 0xD9 },  // 嘿
    { 0x5640, 0x87, 0x65 },  // 噀
    { 0x5641, 0x87, 0x66 },  // 噁
    { 0x5642, 0x87, 0x67 },  // 噂
    { 0x5643, 0x87, 0x68 },  // 噃
    { 0x5644, 0x87, 0x69 },  // 噄
    { 0x5645, 0x87, 0x6A },  // 噅
    { 0x5646, 0x87, 0x6B },  // 噆
    { 0x5647, 0x87, 0x6C },  // 噇
    { 0x5648, 0x87, 0x6D },  // 噈
    { 0x5649, 0x87, 0x6E },  // 噉
    { 0x564A, 0x87, 0x6F },  // 噊
    { 0x564B, 0x87, 0x70 },  // 噋
    { 0x564C, 0xE0, 0xE1 },  // 噌
    { 0x564D, 0xE0, 0xDD },  // 噍
    { 0x564E, 0xD2, 0xAD },  // 噎
    { 0x564F, 0x87, 0x71 },  // 噏
    { 0x5650, 0x87, 0x72 },  // 噐
    { 0x5651, 0x87, 0x73 },  // 噑
    { 0x5652, 0x87, 0x74 },  // 噒
    { 0x5653, 0x87, 0x75 },  // 噓
    { 0x5654, 0xE0, 0xE2 },  // 噔
    { 0x5655, 0x87, 0x76 },  // 噕
    { 0x5656, 0x87, 0x77 },  // 噖
    { 0x5657, 0xE0, 0xDB },  // 噗
    { 0x5658, 0xE0, 0xD9 },  // 噘
    { 0x5659, 0xE0, 0xDF },  // 噙
    { 0x565A, 0x87, 0x78 },  // 噚
    { 0x565B, 0x87, 0x79 },  // 噛
    { 0x565C, 0xE0, 0xE0 },  // 噜
    { 0x565D, 0x87, 0x7A },  // 噝
    { 0x565E, 0x87, 0x7B },  // 噞
    { 0x565F, 0x87, 0x7C },  // 噟
    { 0x5660, 0x87, 0x7D },  // 噠
    { 0x5661, 0x87, 0x7E },  // 噡
    { 0x5662, 0xE0, 0xDE },  // 噢
    { 0x5663, 0x87, 0x80 },  // 噣
    { 0x5664, 0xE0, 0xE4 },  // 噤
    { 0x5665, 0x87, 0x81 },  // 噥
    { 0x5666, 0x87, 0x82 },  // 噦
    { 0x5667, 0x87, 0x83 },  // 噧
    { 0x5668, 0xC6, 0xF7 },  // 器
    { 0x5669, 0xD8, 0xAC },  // 噩
    { 0x566A, 0xD4, 0xEB },  // 噪
    { 0x566B, 0xE0, 0xE6 },  // 噫
    { 0x566C, 0xCA, 0xC9 },  // 噬
    { 0x566D, 0x87, 0x84 },  // 噭
    { 0x566E, 0x87, 0x85 },  // 噮
    { 0x566F, 0x87, 0x86 },  // 噯
    { 0x5670, 0x87, 0x87 },  // 噰
    { 0x5671, 0xE0, 0xE5 },  // 噱
    { 0x5672, 0x87, 0x88 },  // 噲
    { 0x5673, 0x87, 0x89 },  // 噳
    { 0x5674, 0x87, 0x8A },  // 噴
    { 0x5675, 0x87, 0x8B },  // 噵
    { 0x5676, 0xB8, 0xC1 },  // 噶
    { 0x5677, 0x87, 0x8C },  // 噷
    { 0x5678, 0x87, 0x8D },  // 噸
    { 0x5679, 0x87, 0x8E },  // 噹
    { 0x567A, 0x87, 0x8F },  // 噺
    { 0x567B, 0xE0, 0xE7 },  // 噻
    { 0x567C, 0xE0, 0xE8 },  // 噼
    { 0x567D, 0x87, 0x90 },  // 噽
    { 0x567E, 0x87, 0x91 },  // 噾
    { 0x567F, 0x87, 0x92 },  // 噿
    { 0x5680, 0x87, 0x93 },  // 嚀
    { 0x5681, 0x87, 0x94 },  // 嚁
    { 0x5682, 0x87, 0x95 },  // 嚂
    { 0x5683, 0x87, 0x96 },  // 嚃
    { 0x5684, 0x87, 0x97 },  // 嚄
    { 0x5685, 0xE0, 0xE9 },  // 嚅
    { 0x5686, 0xE0, 0xE3 },  // 嚆
    { 0x5687, 0x87, 0x98 },  // 嚇
    { 0x5688, 0x87, 0x99 },  // 嚈
    { 0x5689, 0x87, 0x9A },  // 嚉
    { 0x568A, 0x87, 0x9B },  // 嚊
    { 0x568B, 0x87, 0x9C },  // 嚋
    { 0x568C, 0x87, 0x9D },  // 嚌
    { 0x568D, 0x87, 0x9E },  // 嚍
    { 0x568E, 0xBA, 0xBF },  // 嚎
    { 0x568F, 0xCC, 0xE7 },  // 嚏
    { 0x5690, 0x87, 0x9F },  // 嚐
    { 0x5691, 0x87, 0xA0 },  // 嚑
    { 0x5692, 0x87, 0xA1 },  // 嚒
    { 0x5693, 0xE0, 0xEA },  // 嚓
    { 0x5694, 0x87, 0xA2 },  // 嚔
    { 0x5695, 0x87, 0xA3 },  // 嚕
    { 0x5696, 0x87, 0xA4 },  // 嚖
    { 0x5697, 0x87, 0xA5 },  // 嚗
    { 0x5698, 0x87, 0xA6 },  // 嚘
    { 0x5699, 0x87, 0xA7 },  // 嚙
    { 0x569A, 0x87, 0xA8 },  // 嚚
    { 0x569B, 0x87, 0xA9 },  // 嚛
    { 0x569C, 0x87, 0xAA },  // 嚜
    { 0x569D, 0x87, 0xAB },  // 嚝
    { 0x569E, 0x87, 0xAC },  // 嚞
    { 0x569F, 0x87, 0xAD },  // 嚟
    { 0x56A0, 0x87, 0xAE },  // 嚠
    { 0x56A1, 0x87, 0xAF },  // 嚡
    { 0x56A2, 0x87, 0xB0 },  // 嚢
    { 0x56A3, 0xCF, 0xF9 },  // 嚣
    { 0x56A4, 0x87, 0xB1 },  // 嚤
    { 0x56A5, 0x87, 0xB2 },  // 嚥
    { 0x56A6, 0x87, 0xB3 },  // 嚦
    { 0x56A7, 0x87, 0xB4 },  // 嚧
    { 0x56A8, 0x87, 0xB5 },  // 嚨
    { 0x56A9, 0x87, 0xB6 },  // 嚩
    { 0x56AA, 0x87, 0xB7 },  // 嚪
    { 0x56AB, 0x87, 0xB8 },  // 嚫
    { 0x56AC, 0x87, 0xB9 },  // 嚬
    { 0x56AD, 0x87, 0xBA },  // 嚭
    { 0x56AE, 0x87, 0xBB },  // 嚮
    { 0x56AF, 0xE0, 0xEB },  // 嚯
    { 0x56B0, 0x87, 0xBC },  // 嚰
    { 0x56B1, 0x87, 0xBD },  // 嚱
    { 0x56B2, 0x87, 0xBE },  // 嚲
    { 0x56B3, 0x87, 0xBF },  // 嚳
    { 0x56B4, 0x87, 0xC0 },  // 嚴
    { 0x56B5, 0x87, 0xC1 },  // 嚵
    { 0x56B6, 0x87, 0xC2 },  // 嚶
    { 0x56B7, 0xC8, 0xC2 },  // 嚷
    { 0x56B8, 0x87, 0xC3 },  // 嚸
    { 0x56B9, 0x87, 0xC4 },  // 嚹
    { 0x56BA, 0x87, 0xC5 },  // 嚺
    { 0x56BB, 0x87, 0xC6 },  // 嚻
    { 0x56BC, 0xBD, 0xC0 },  // 嚼
    { 0x56BD, 0x87, 0xC7 },  // 嚽
    { 0x56BE, 0x87, 0xC8 },  // 嚾
    { 0x56BF, 0x87, 0xC9 },  // 嚿
    { 0x56C0, 0x87, 0xCA },  // 囀
    { 0x56C1, 0x87, 0xCB },  // 囁
    { 0x56C2, 0x87, 0xCC },  // 囂
    { 0x56C3, 0x87, 0xCD },  // 囃
    { 0x56C4, 0x87, 0xCE },  // 囄
    { 0x56C5, 0x87, 0xCF },  // 囅
    { 0x56C6, 0x87, 0xD0 },  // 囆
    { 0x56C7, 0x87, 0xD1 },  // 囇
    { 0x56C8, 0x87, 0xD2 },  // 囈
    { 0x56C9, 0x87, 0xD3 },  // 囉
    { 0x56CA, 0xC4, 0xD2 },  // 囊
    { 0x56CB, 0x87, 0xD4 },  // 囋
    { 0x56CC, 0x87, 0xD5 },  // 囌
    { 0x56CD, 0x87, 0xD6 },  // 囍
    { 0x56CE, 0x87, 0xD7 },  // 囎
    { 0x56CF, 0x87, 0xD8 },  // 囏
    { 0x56D0, 0x87, 0xD9 },  // 囐
    { 0x56D1, 0x87, 0xDA },  // 囑
    { 0x56D2, 0x87, 0xDB },  // 囒
    { 0x56D3, 0x87, 0xDC },  // 囓
    { 0x56D4, 0xE0, 0xEC },  // 囔
    { 0x56D5, 0x87, 0xDD },  // 囕
    { 0x56D6, 0x87, 0xDE },  // 囖
    { 0x56D7, 0xE0, 0xED },  // 囗
    { 0x56D8, 0x87, 0xDF },  // 囘
    { 0x56D9, 0x87, 0xE0 },  // 囙
    { 0x56DA, 0xC7, 0xF4 },  // 囚
    { 0x56DB, 0xCB, 0xC4 },  // 四
    { 0x56DC, 0x87, 0xE1 },  // 囜
    { 0x56DD, 0xE0, 0xEE },  // 囝
    { 0x56DE, 0xBB, 0xD8 },  // 回
    { 0x56DF, 0xD8, 0xB6 },  // 囟
    { 0x56E0, 0xD2, 0xF2 },  // 因
    { 0x56E1, 0xE0, 0xEF },  // 囡
    { 0x56E2, 0xCD, 0xC5 },  // 团
    { 0x56E3, 0x87, 0xE2 },  // 団
    { 0x56E4, 0xB6, 0xDA },  // 囤
    { 0x56E5, 0x87, 0xE3 },  // 囥
    { 0x56E6, 0x87, 0xE4 },  // 囦
    { 0x56E7, 0x87, 0xE5 },  // 囧
    { 0x56E8, 0x87, 0xE6 },  // 囨
    { 0x56E9, 0x87, 0xE7 },  // 囩
    { 0x56EA, 0x87, 0xE8 },  // 囪
    { 0x56EB, 0xE0, 0xF1 },  // 囫
    { 0x56EC, 0x87, 0xE9 },  // 囬
    { 0x56ED, 0xD4, 0xB0 },  // 园
    { 0x56EE, 0x87, 0xEA },  // 囮
    { 0x56EF, 0x87, 0xEB },  // 囯
    { 0x56F0, 0xC0, 0xA7 },  // 困
    { 0x56F1, 0xB4, 0xD1 },  // 囱
    { 0x56F2, 0x87, 0xEC },  // 囲
    { 0x56F3, 0x87, 0xED },  // 図
    { 0x56F4, 0xCE, 0xA7 },  // 围
    { 0x56F5, 0xE0, 0xF0 },  // 囵
    { 0x56F6, 0x87, 0xEE },  // 囶
    { 0x56F7, 0x87, 0xEF },  // 囷
    { 0x56F8, 0x87, 0xF0 },  // 囸
    { 0x56F9, 0xE0, 0xF2 },  // 囹
    { 0x56FA, 0xB9, 0xCC },  // 固
    { 0x56FB, 0x87, 0xF1 },  // 囻
    { 0x56FC, 0x87, 0xF2 },  // 囼
    { 0x56FD, 0xB9, 0xFA },  // 国
    { 0x56FE, 0xCD, 0xBC },  // 图
    { 0x56FF, 0xE0, 0xF3 },  // 囿
    { 0x5700, 0x87, 0xF3 },  // 圀
    { 0x5701, 0x87, 0xF4 },  // 圁
    { 0x5702, 0x87, 0xF5 },  // 圂
    { 0x5703, 0xC6, 0xD4 },  // 圃
    { 0x5704, 0xE0, 0xF4 },  // 圄
    { 0x5705, 0x87, 0xF6 },  // 圅
    { 0x5706, 0xD4, 0xB2 },  // 圆
    { 0x5707, 0x87, 0xF7 },  // 圇
    { 0x5708, 0xC8, 0xA6 },  // 圈
    { 0x5709, 0xE0, 0xF6 },  // 圉
    { 0x570A, 0xE0, 0xF5 },  // 圊
    { 0x570B, 0x87, 0xF8 },  // 國
    { 0x570C, 0x87, 0xF9 },  // 圌
    { 0x570D, 0x87, 0xFA },  // 圍
    { 0x570E, 0x87, 0xFB },  // 圎
    { 0x570F, 0x87, 0xFC },  // 圏
    { 0x5710, 0x87, 0xFD },  // 圐
    { 0x5711, 0x87, 0xFE },  // 圑
    { 0x5712, 0x88, 0x40 },  // 園
    { 0x5713, 0x88, 0x41 },  // 圓
    { 0x5714, 0x88, 0x42 },  // 圔
    { 0x5715, 0x88, 0x43 },  // 圕
    { 0x5716, 0x88, 0x44 },  // 圖
    { 0x5717, 0x88, 0x45 },  // 圗
    { 0x5718, 0x88, 0x46 },  // 團
    { 0x5719, 0x88, 0x47 },  // 圙
    { 0x571A, 0x88, 0x48 },  // 圚
    { 0x571B, 0x88, 0x49 },  // 圛
    { 0x571C, 0xE0, 0xF7 },  // 圜
    { 0x571D, 0x88, 0x4A },  // 圝
    { 0x571E, 0x88, 0x4B },  // 圞
    { 0x571F, 0xCD, 0xC1 },  // 土
    { 0x5720, 0x88, 0x4C },  // 圠
    { 0x5721, 0x88, 0x4D },  // 圡
    { 0x5722, 0x88, 0x4E },  // 圢
    { 0x5723, 0xCA, 0xA5 },  // 圣
    { 0x5724, 0x88, 0x4F },  // 圤
    { 0x5725, 0x88, 0x50 },  // 圥
    { 0x5726, 0x88, 0x51 },  // 圦
    { 0x5727, 0x88, 0x52 },  // 圧
    { 0x5728, 0xD4, 0xDA },  // 在
    { 0x5729, 0xDB, 0xD7 },  // 圩
    { 0x572A, 0xDB, 0xD9 },  // 圪
    { 0x572B, 0x88, 0x53 },  // 圫
    { 0x572C, 0xDB, 0xD8 },  // 圬
    { 0x572D, 0xB9, 0xE7 },  // 圭
    { 0x572E, 0xDB, 0xDC },  // 圮
    { 0x572F, 0xDB, 0xDD },  // 圯
    { 0x5730, 0xB5, 0xD8 },  // 地
    { 0x5731, 0x88, 0x54 },  // 圱
    { 0x5732, 0x88, 0x55 },  // 圲
    { 0x5733, 0xDB, 0xDA },  // 圳
    { 0x5734, 0x88, 0x56 },  // 圴
    { 0x5735, 0x88, 0x57 },  // 圵
    { 0x5736, 0x88, 0x58 },  // 圶
    { 0x5737, 0x88, 0x59 },  // 圷
    { 0x5738, 0x88, 0x5A },  // 圸
    { 0x5739, 0xDB, 0xDB },  // 圹
    { 0x573A, 0xB3, 0xA1 },  // 场
    { 0x573B, 0xDB, 0xDF },  // 圻
    { 0x573C, 0x88, 0x5B },  // 圼
    { 0x573D, 0x88, 0x5C },  // 圽
    { 0x573E, 0xBB, 0xF8 },  // 圾
    { 0x573F, 0x88, 0x5D },  // 圿
    { 0x5740, 0xD6, 0xB7 },  // 址
    { 0x5741, 0x88, 0x5E },  // 坁
    { 0x5742, 0xDB, 0xE0 },  // 坂
    { 0x5743, 0x88, 0x5F },  // 坃
    { 0x5744, 0x88, 0x60 },  // 坄
    { 0x5745, 0x88, 0x61 },  // 坅
    { 0x5746, 0x88, 0x62 },  // 坆
    { 0x5747, 0xBE, 0xF9 },  // 均
    { 0x5748, 0x88, 0x63 },  // 坈
    { 0x5749, 0x88, 0x64 },  // 坉
    { 0x574A, 0xB7, 0xBB },  // 坊
    { 0x574B, 0x88, 0x65 },  // 坋
    { 0x574C, 0xDB, 0xD0 },  // 坌
    { 0x574D, 0xCC, 0xAE },  // 坍
    { 0x574E, 0xBF, 0xB2 },  // 坎
    { 0x574F, 0xBB, 0xB5 },  // 坏
    { 0x5750, 0xD7, 0xF8 },  // 坐
    { 0x5751, 0xBF, 0xD3 },  // 坑
    { 0x5752, 0x88, 0x66 },  // 坒
    { 0x5753, 0x88, 0x67 },  // 坓
    { 0x5754, 0x88, 0x68 },  // 坔
    { 0x5755, 0x88, 0x69 },  // 坕
    { 0x5756, 0x88, 0x6A },  // 坖
    { 0x5757, 0xBF, 0xE9 },  // 块
    { 0x5758, 0x88, 0x6B },  // 坘
    { 0x5759, 0x88, 0x6C },  // 坙
    { 0x575A, 0xBC, 0xE1 },  // 坚
    { 0x575B, 0xCC, 0xB3 },  // 坛
    { 0x575C, 0xDB, 0xDE },  // 坜
    { 0x575D, 0xB0, 0xD3 },  // 坝
    { 0x575E, 0xCE, 0xEB },  // 坞
    { 0x575F, 0xB7, 0xD8 },  // 坟
    { 0x5760, 0xD7, 0xB9 },  // 坠
    { 0x5761, 0xC6, 0xC2 },  // 坡
    { 0x5762, 0x88, 0x6D },  // 坢
    { 0x5763, 0x88, 0x6E },  // 坣
    { 0x5764, 0xC0, 0xA4 },  // 坤
    { 0x5765, 0x88, 0x6F },  // 坥
    { 0x5766, 0xCC, 0xB9 },  // 坦
    { 0x5767, 0x88, 0x70 },  // 坧
    { 0x5768, 0xDB, 0xE7 },  // 坨
    { 0x5769, 0xDB, 0xE1 },  // 坩
    { 0x576A, 0xC6, 0xBA },  // 坪
    { 0x576B, 0xDB, 0xE3 },  // 坫
    { 0x576C, 0x88, 0x71 },  // 坬
    { 0x576D, 0xDB, 0xE8 },  // 坭
    { 0x576E, 0x88, 0x72 },  // 坮
    { 0x576F, 0xC5, 0xF7 },  // 坯
    { 0x5770, 0x88, 0x73 },  // 坰
    { 0x5771, 0x88, 0x74 },  // 坱
    { 0x5772, 0x88, 0x75 },  // 坲
    { 0x5773, 0xDB, 0xEA },  // 坳
    { 0x5774, 0x88, 0x76 },  // 坴
    { 0x5775, 0x88, 0x77 },  // 坵
    { 0x5776, 0xDB, 0xE9 },  // 坶
    { 0x5777, 0xBF, 0xC0 },  // 坷
    { 0x5778, 0x88, 0x78 },  // 坸
    { 0x5779, 0x88, 0x79 },  // 坹
    { 0x577A, 0x88, 0x7A },  // 坺
    { 0x577B, 0xDB, 0xE6 },  // 坻
    { 0x577C, 0xDB, 0xE5 },  // 坼
    { 0x577D, 0x88, 0x7B },  // 坽
    { 0x577E, 0x88, 0x7C },  // 坾
    { 0x577F, 0x88, 0x7D },  // 坿
    { 0x5780, 0x88, 0x7E },  // 垀
    { 0x5781, 0x88, 0x80 },  // 垁
    { 0x5782, 0xB4, 0xB9 },  // 垂
    { 0x5783, 0xC0, 0xAC },  // 垃
    { 0x5784, 0xC2, 0xA2 },  // 垄
    { 0x5785, 0xDB, 0xE2 },  // 垅
    { 0x5786, 0xDB, 0xE4 },  // 垆
    { 0x5787, 0x88, 0x81 },  // 垇
    { 0x5788, 0x88, 0x82 },  // 垈
    { 0x5789, 0x88, 0x83 },  // 垉
    { 0x578A, 0x88, 0x84 },  // 垊
    { 0x578B, 0xD0, 0xCD },  // 型
    { 0x578C, 0xDB, 0xED },  // 垌
    { 0x578D, 0x88, 0x85 },  // 垍
    { 0x578E, 0x88, 0x86 },  // 垎
    { 0x578F, 0x88, 0x87 },  // 垏
    { 0x5790, 0x88, 0x88 },  // 垐
    { 0x5791, 0x88, 0x89 },  // 垑
    { 0x5792, 0xC0, 0xDD },  // 垒
    { 0x5793, 0xDB, 0xF2 },  // 垓
    { 0x5794, 0x88, 0x8A },  // 垔
    { 0x5795, 0x88, 0x8B },  // 垕
    { 0x5796, 0x88, 0x8C },  // 垖
    { 0x5797, 0x88, 0x8D },  // 垗
    { 0x5798, 0x88, 0x8E },  // 垘
    { 0x5799, 0x88, 0x8F },  // 垙
    { 0x579A, 0x88, 0x90 },  // 垚
    { 0x579B, 0xB6, 0xE2 },  // 垛
    { 0x579C, 0x88, 0x91 },  // 垜
    { 0x579D, 0x88, 0x92 },  // 垝
    { 0x579E, 0x88, 0x93 },  // 垞
    { 0x579F, 0x88, 0x94 },  // 垟
    { 0x57A0, 0xDB, 0xF3 },  // 垠
    { 0x57A1, 0xDB, 0xD2 },  // 垡
    { 0x57A2, 0xB9, 0xB8 },  // 垢
    { 0x57A3, 0xD4, 0xAB },  // 垣
    { 0x57A4, 0xDB, 0xEC },  // 垤
    { 0x57A5, 0x88, 0x95 },  // 垥
    { 0x57A6, 0xBF, 0xD1 },  // 垦
    { 0x57A7, 0xDB, 0xF0 },  // 垧
    { 0x57A8, 0x88, 0x96 },  // 垨
    { 0x57A9, 0xDB, 0xD1 },  // 垩
    { 0x57AA, 0x88, 0x97 },  // 垪
    { 0x57AB, 0xB5, 0xE6 },  // 垫
    { 0x57AC, 0x88, 0x98 },  // 垬
    { 0x57AD, 0xDB, 0xEB },  // 垭
    { 0x57AE, 0xBF, 0xE5 },  // 垮
    { 0x57AF, 0x88, 0x99 },  // 垯
    { 0x57B0, 0x88, 0x9A },  // 垰
    { 0x57B1, 0x88, 0x9B },  // 垱
    { 0x57B2, 0xDB, 0xEE },  // 垲
    { 0x57B3, 0x88, 0x9C },  // 垳
    { 0x57B4, 0xDB, 0xF1 },  // 垴
    { 0x57B5, 0x88, 0x9D },  // 垵
    { 0x57B6, 0x88, 0x9E },  // 垶
    { 0x57B7, 0x88, 0x9F },  // 垷
    { 0x57B8, 0xDB, 0xF9 },  // 垸
    { 0x57B9, 0x88, 0xA0 },  // 垹
    { 0x57BA, 0x88, 0xA1 },  // 垺
    { 0x57BB, 0x88, 0xA2 },  // 垻
    { 0x57BC, 0x88, 0xA3 },  // 垼
    { 0x57BD, 0x88, 0xA4 },  // 垽
    { 0x57BE, 0x88, 0xA5 },  // 垾
    { 0x57BF, 0x88, 0xA6 },  // 垿
    { 0x57C0, 0x88, 0xA7 },  // 埀
    { 0x57C1, 0x88, 0xA8 },  // 埁
    { 0x57C2, 0xB9, 0xA1 },  // 埂
    { 0x57C3, 0xB0, 0xA3 },  // 埃
    { 0x57C4, 0x88, 0xA9 },  // 埄
    { 0x57C5, 0x88, 0xAA },  // 埅
    { 0x57C6, 0x88, 0xAB },  // 埆
    { 0x57C7, 0x88, 0xAC },  // 埇
    { 0x57C8, 0x88, 0xAD },  // 埈
    { 0x57C9, 0x88, 0xAE },  // 埉
    { 0x57CA, 0x88, 0xAF },  // 埊
    { 0x57CB, 0xC2, 0xF1 },  // 埋
    { 0x57CC, 0x88, 0xB0 },  // 埌
    { 0x57CD, 0x88, 0xB1 },  // 埍
    { 0x57CE, 0xB3, 0xC7 },  // 城
    { 0x57CF, 0xDB, 0xEF },  // 埏
    { 0x57D0, 0x88, 0xB2 },  // 埐
    { 0x57D1, 0x88, 0xB3 },  // 埑
    { 0x57D2, 0xDB, 0xF8 },  // 埒
    { 0x57D3, 0x88, 0xB4 },  // 埓
    { 0x57D4, 0xC6, 0xD2 },  // 埔
    { 0x57D5, 0xDB, 0xF4 },  // 埕
    { 0x57D6, 0x88, 0xB5 },  // 埖
    { 0x57D7, 0x88, 0xB6 },  // 埗
    { 0x57D8, 0xDB, 0xF5 },  // 埘
    { 0x57D9, 0xDB, 0xF7 },  // 埙
    { 0x57DA, 0xDB, 0xF6 },  // 埚
    { 0x57DB, 0x88, 0xB7 },  // 埛
    { 0x57DC, 0x88, 0xB8 },  // 埜
    { 0x57DD, 0xDB, 0xFE },  // 埝
    { 0x57DE, 0x88, 0xB9 },  // 埞
    { 0x57DF, 0xD3, 0xF2 },  // 域
    { 0x57E0, 0xB2, 0xBA },  // 埠
    { 0x57E1, 0x88, 0xBA },  // 埡
    { 0x57E2, 0x88, 0xBB },  // 埢
    { 0x57E3, 0x88, 0xBC },  // 埣
    { 0x57E4, 0xDB, 0xFD },  // 埤
    { 0x57E5, 0x88, 0xBD },  // 埥
    { 0x57E6, 0x88, 0xBE },  // 埦
    { 0x57E7, 0x88, 0xBF },  // 埧
    { 0x57E8, 0x88, 0xC0 },  // 埨
    { 0x57E9, 0x88, 0xC1 },  // 埩
    { 0x57EA, 0x88, 0xC2 },  // 埪
    { 0x57EB, 0x88, 0xC3 },  // 埫
    { 0x57EC, 0x88, 0xC4 },  // 埬
    { 0x57ED, 0xDC, 0xA4 },  // 埭
    { 0x57EE, 0x88, 0xC5 },  // 埮
    { 0x57EF, 0xDB, 0xFB },  // 埯
    { 0x57F0, 0x88, 0xC6 },  // 埰
    { 0x57F1, 0x88, 0xC7 },  // 埱
    { 0x57F2, 0x88, 0xC8 },  // 埲
    { 0x57F3, 0x88, 0xC9 },  // 埳
    { 0x57F4, 0xDB, 0xFA },  // 埴
    { 0x57F5, 0x88, 0xCA },  // 埵
    { 0x57F6, 0x88, 0xCB },  // 埶
    { 0x57F7, 0x88, 0xCC },  // 執
    { 0x57F8, 0xDB, 0xFC },  // 埸
    { 0x57F9, 0xC5, 0xE0 },  // 培
    { 0x57FA, 0xBB, 0xF9 },  // 基
    { 0x57FB, 0x88, 0xCD },  // 埻
    { 0x57FC, 0x88, 0xCE },  // 埼
    { 0x57FD, 0xDC, 0xA3 },  // 埽
    { 0x57FE, 0x88, 0xCF },  // 埾
    { 0x57FF, 0x88, 0xD0 },  // 埿
    { 0x5800, 0xDC, 0xA5 },  // 堀
    { 0x5801, 0x88, 0xD1 },  // 堁
    { 0x5802, 0xCC, 0xC3 },  // 堂
    { 0x5803, 0x88, 0xD2 },  // 堃
    { 0x5804, 0x88, 0xD3 },  // 堄
    { 0x5805, 0x88, 0xD4 },  // 堅
    { 0x5806, 0xB6, 0xD1 },  // 堆
    { 0x5807, 0xDD, 0xC0 },  // 堇
    { 0x5808, 0x88, 0xD5 },  // 堈
    { 0x5809, 0x88, 0xD6 },  // 堉
    { 0x580A, 0x88, 0xD7 },  // 堊
    { 0x580B, 0xDC, 0xA1 },  // 堋
    { 0x580C, 0x88, 0xD8 },  // 堌
    { 0x580D, 0xDC, 0xA2 },  // 堍
    { 0x580E, 0x88, 0xD9 },  // 堎
    { 0x580F, 0x88, 0xDA },  // 堏
    { 0x5810, 0x88, 0xDB },  // 堐
    { 0x5811, 0xC7, 0xB5 },  // 堑
    { 0x5812, 0x88, 0xDC },  // 堒
    { 0x5813, 0x88, 0xDD },  // 堓
    { 0x5814, 0x88, 0xDE },  // 堔
    { 0x5815, 0xB6, 0xE9 },  // 堕
    { 0x5816, 0x88, 0xDF },  // 堖
    { 0x5817, 0x88, 0xE0 },  // 堗
    { 0x5818, 0x88, 0xE1 },  // 堘
    { 0x5819, 0xDC, 0xA7 },  // 堙
    { 0x581A, 0x88, 0xE2 },  // 堚
    { 0x581B, 0x88, 0xE3 },  // 堛
    { 0x581C, 0x88, 0xE4 },  // 堜
    { 0x581D, 0x88, 0xE5 },  // 堝
    { 0x581E, 0xDC, 0xA6 },  // 堞
    { 0x581F, 0x88, 0xE6 },  // 堟
    { 0x5820, 0xDC, 0xA9 },  // 堠
    { 0x5821, 0xB1, 0xA4 },  // 堡
    { 0x5822, 0x88, 0xE7 },  // 堢
    { 0x5823, 0x88, 0xE8 },  // 堣
    { 0x5824, 0xB5, 0xCC },  // 堤
    { 0x5825, 0x88, 0xE9 },  // 堥
    { 0x5826, 0x88, 0xEA },  // 堦
    { 0x5827, 0x88, 0xEB },  // 堧
    { 0x5828, 0x88, 0xEC },  // 堨
    { 0x5829, 0x88, 0xED },  // 堩
    { 0x582A, 0xBF, 0xB0 },  // 堪
    { 0x582B, 0x88, 0xEE },  // 堫
    { 0x582C, 0x88, 0xEF },  // 堬
    { 0x582D, 0x88, 0xF0 },  // 堭
    { 0x582E, 0x88, 0xF1 },  // 堮
    { 0x582F, 0x88, 0xF2 },  // 堯
    { 0x5830, 0xD1, 0xDF },  // 堰
    { 0x5831, 0x88, 0xF3 },  // 報
    { 0x5832, 0x88, 0xF4 },  // 堲
    { 0x5833, 0x88, 0xF5 },  // 堳
    { 0x5834, 0x88, 0xF6 },  // 場
    { 0x5835, 0xB6, 0xC2 },  // 堵
    { 0x5836, 0x88, 0xF7 },  // 堶
    { 0x5837, 0x88, 0xF8 },  // 堷
    { 0x5838, 0x88, 0xF9 },  // 堸
    { 0x5839, 0x88, 0xFA },  // 堹
    { 0x583A, 0x88, 0xFB },  // 堺
    { 0x583B, 0x88, 0xFC },  // 堻
    { 0x583C, 0x88, 0xFD },  // 堼
    { 0x583D, 0x88, 0xFE },  // 堽
    { 0x583E, 0x89, 0x40 },  // 堾
    { 0x583F, 0x89, 0x41 },  // 堿
    { 0x5840, 0x89, 0x42 },  // 塀
    { 0x5841, 0x89, 0x43 },  // 塁
    { 0x5842, 0x89, 0x44 },  // 塂
    { 0x5843, 0x89, 0x45 },  // 塃
    { 0x5844, 0xDC, 0xA8 },  // 塄
    { 0x5845, 0x89, 0x46 },  // 塅
    { 0x5846, 0x89, 0x47 },  // 塆
    { 0x5847, 0x89, 0x48 },  // 塇
    { 0x5848, 0x89, 0x49 },  // 塈
    { 0x5849, 0x89, 0x4A },  // 塉
    { 0x584A, 0x89, 0x4B },  // 塊
    { 0x584B, 0x89, 0x4C },  // 塋
    { 0x584C, 0xCB, 0xFA },  // 塌
    { 0x584D, 0xEB, 0xF3 },  // 塍
    { 0x584E, 0x89, 0x4D },  // 塎
    { 0x584F, 0x89, 0x4E },  // 塏
    { 0x5850, 0x89, 0x4F },  // 塐
    { 0x5851, 0xCB, 0xDC },  // 塑
    { 0x5852, 0x89, 0x50 },  // 塒
    { 0x5853, 0x89, 0x51 },  // 塓
    { 0x5854, 0xCB, 0xFE },  // 塔
    { 0x5855, 0x89, 0x52 },  // 塕
    { 0x5856, 0x89, 0x53 },  // 塖
    { 0x5857, 0x89, 0x54 },  // 塗
    { 0x5858, 0xCC, 0xC1 },  // 塘
    { 0x5859, 0x89, 0x55 },  // 塙
    { 0x585A, 0x89, 0x56 },  // 塚
    { 0x585B, 0x89, 0x57 },  // 塛
    { 0x585C, 0x89, 0x58 },  // 塜
    { 0x585D, 0x89, 0x59 },  // 塝
    { 0x585E, 0xC8, 0xFB },  // 塞
    { 0x585F, 0x89, 0x5A },  // 塟
    { 0x5860, 0x89, 0x5B },  // 塠
    { 0x5861, 0x89, 0x5C },  // 塡
    { 0x5862, 0x89, 0x5D },  // 塢
    { 0x5863, 0x89, 0x5E },  // 塣
    { 0x5864, 0x89, 0x5F },  // 塤
    { 0x5865, 0xDC, 0xAA },  // 塥
    { 0x5866, 0x89, 0x60 },  // 塦
    { 0x5867, 0x89, 0x61 },  // 塧
    { 0x5868, 0x89, 0x62 },  // 塨
    { 0x5869, 0x89, 0x63 },  // 塩
    { 0x586A, 0x89, 0x64 },  // 塪
    { 0x586B, 0xCC, 0xEE },  // 填
    { 0x586C, 0xDC, 0xAB },  // 塬
    { 0x586D, 0x89, 0x65 },  // 塭
    { 0x586E, 0x89, 0x66 },  // 塮
    { 0x586F, 0x89, 0x67 },  // 塯
    { 0x5870, 0x89, 0x68 },  // 塰
    { 0x5871, 0x89, 0x69 },  // 塱
    { 0x5872, 0x89, 0x6A },  // 塲
    { 0x5873, 0x89, 0x6B },  // 塳
    { 0x5874, 0x89, 0x6C },  // 塴
    { 0x5875, 0x89, 0x6D },  // 塵
    { 0x5876, 0x89, 0x6E },  // 塶
    { 0x5877, 0x89, 0x6F },  // 塷
    { 0x5878, 0x89, 0x70 },  // 塸
    { 0x5879, 0x89, 0x71 },  // 塹
    { 0x587A, 0x89, 0x72 },  // 塺
    { 0x587B, 0x89, 0x73 },  // 塻
    { 0x587C, 0x89, 0x74 },  // 塼
    { 0x587D, 0x89, 0x75 },  // 塽
    { 0x587E, 0xDB, 0xD3 },  // 塾
    { 0x587F, 0x89, 0x76 },  // 塿
    { 0x5880, 0xDC, 0xAF },  // 墀
    { 0x5881, 0xDC, 0xAC },  // 墁
    { 0x5882, 0x89, 0x77 },  // 墂
    { 0x5883, 0xBE, 0xB3 },  // 境
    { 0x5884, 0x89, 0x78 },  // 墄
    { 0x5885, 0xCA, 0xFB },  // 墅
    { 0x5886, 0x89, 0x79 },  // 墆
    { 0x5887, 0x89, 0x7A },  // 墇
    { 0x5888, 0x89, 0x7B },  // 墈
    { 0x5889, 0xDC, 0xAD },  // 墉
    { 0x588A, 0x89, 0x7C },  // 墊
    { 0x588B, 0x89, 0x7D },  // 墋
    { 0x588C, 0x89, 0x7E },  // 墌
    { 0x588D, 0x89, 0x80 },  // 墍
    { 0x588E, 0x89, 0x81 },  // 墎
    { 0x588F, 0x89, 0x82 },  // 墏
    { 0x5890, 0x89, 0x83 },  // 墐
    { 0x5891, 0x89, 0x84 },  // 墑
    { 0x5892, 0xC9, 0xCA },  // 墒
    { 0x5893, 0xC4, 0xB9 },  // 墓
    { 0x5894, 0x89, 0x85 },  // 墔
    { 0x5895, 0x89, 0x86 },  // 墕
    { 0x5896, 0x89, 0x87 },  // 墖
    { 0x5897, 0x89, 0x88 },  // 増
    { 0x5898, 0x89, 0x89 },  // 墘
    { 0x5899, 0xC7, 0xBD },  // 墙
    { 0x589A, 0xDC, 0xAE },  // 墚
    { 0x589B, 0x89, 0x8A },  // 墛
    { 0x589C, 0x89, 0x8B },  // 墜
    { 0x589D, 0x89, 0x8C },  // 墝
    { 0x589E, 0xD4, 0xF6 },  // 增
    { 0x589F, 0xD0, 0xE6 },  // 墟
    { 0x58A0, 0x89, 0x8D },  // 墠
    { 0x58A1, 0x89, 0x8E },  // 墡
    { 0x58A2, 0x89, 0x8F },  // 墢
    { 0x58A3, 0x89, 0x90 },  // 墣
    { 0x58A4, 0x89, 0x91 },  // 墤
    { 0x58A5, 0x89, 0x92 },  // 墥
    { 0x58A6, 0x89, 0x93 },  // 墦
    { 0x58A7, 0x89, 0x94 },  // 墧
    { 0x58A8, 0xC4, 0xAB },  // 墨
    { 0x58A9, 0xB6, 0xD5 },  // 墩
    { 0x58AA, 0x89, 0x95 },  // 墪
    { 0x58AB, 0x89, 0x96 },  // 墫
    { 0x58AC, 0x89, 0x97 },  // 墬
    { 0x58AD, 0x89, 0x98 },  // 墭
    { 0x58AE, 0x89, 0x99 },  // 墮
    { 0x58AF, 0x89, 0x9A },  // 墯
    { 0x58B0, 0x89, 0x9B },  // 墰
    { 0x58B1, 0x89, 0x9C },  // 墱
    { 0x58B2, 0x89, 0x9D },  // 墲
    { 0x58B3, 0x89, 0x9E },  // 墳
    { 0x58B4, 0x89, 0x9F },  // 墴
    { 0x58B5, 0x89, 0xA0 },  // 墵
    { 0x58B6, 0x89, 0xA1 },  // 墶
    { 0x58B7, 0x89, 0xA2 },  // 墷
    { 0x58B8, 0x89, 0xA3 },  // 墸
    { 0x58B9, 0x89, 0xA4 },  // 墹
    { 0x58BA, 0x89, 0xA5 },  // 墺
    { 0x58BB, 0x89, 0xA6 },  // 墻
    { 0x58BC, 0xDB, 0xD4 },  // 墼
    { 0x58BD, 0x89, 0xA7 },  // 墽
    { 0x58BE, 0x89, 0xA8 },  // 墾
    { 0x58BF, 0x89, 0xA9 },  // 墿
    { 0x58C0, 0x89, 0xAA },  // 壀
    { 0x58C1, 0xB1, 0xDA },  // 壁
    { 0x58C2, 0x89, 0xAB },  // 壂
    { 0x58C3, 0x89, 0xAC },  // 壃
    { 0x58C4, 0x89, 0xAD },  // 壄
    { 0x58C5, 0xDB, 0xD5 },  // 壅
    { 0x58C6, 0x89, 0xAE },  // 壆
    { 0x58C7, 0x89, 0xAF },  // 壇
    { 0x58C8, 0x89, 0xB0 },  // 壈
    { 0x58C9, 0x89, 0xB1 },  // 壉
    { 0x58CA, 0x89, 0xB2 },  // 壊
    { 0x58CB, 0x89, 0xB3 },  // 壋
    { 0x58CC, 0x89, 0xB4 },  // 壌
    { 0x58CD, 0x89, 0xB5 },  // 壍
    { 0x58CE, 0x89, 0xB6 },  // 壎
    { 0x58CF, 0x89, 0xB7 },  // 壏
    { 0x58D0, 0x89, 0xB8 },  // 壐
    { 0x58D1, 0xDB, 0xD6 },  // 壑
    { 0x58D2, 0x89, 0xB9 },  // 壒
    { 0x58D3, 0x89, 0xBA },  // 壓
    { 0x58D4, 0x89, 0xBB },  // 壔
    { 0x58D5, 0xBA, 0xBE },  // 壕
    { 0x58D6, 0x89, 0xBC },  // 壖
    { 0x58D7, 0x89, 0xBD },  // 壗
    { 0x58D8, 0x89, 0xBE },  // 壘
    { 0x58D9, 0x89, 0xBF },  // 壙
    { 0x58DA, 0x89, 0xC0 },  // 壚
    { 0x58DB, 0x89, 0xC1 },  // 壛
    { 0x58DC, 0x89, 0xC2 },  // 壜
    { 0x58DD, 0x89, 0xC3 },  // 壝
    { 0x58DE, 0x89, 0xC4 },  // 壞
    { 0x58DF, 0x89, 0xC5 },  // 壟
    { 0x58E0, 0x89, 0xC6 },  // 壠
    { 0x58E1, 0x89, 0xC7 },  // 壡
    { 0x58E2, 0x89, 0xC8 },  // 壢
    { 0x58E3, 0x89, 0xC9 },  // 壣
    { 0x58E4, 0xC8, 0xC0 },  // 壤
    { 0x58E5, 0x89, 0xCA },  // 壥
    { 0x58E6, 0x89, 0xCB },  // 壦
    { 0x58E7, 0x89, 0xCC },  // 壧
    { 0x58E8, 0x89, 0xCD },  // 壨
    { 0x58E9, 0x89, 0xCE },  // 壩
    { 0x58EA, 0x89, 0xCF },  // 壪
    { 0x58EB, 0xCA, 0xBF },  // 士
    { 0x58EC, 0xC8, 0xC9 },  // 壬
    { 0x58ED, 0x89, 0xD0 },  // 壭
    { 0x58EE, 0xD7, 0xB3 },  // 壮
    { 0x58EF, 0x89, 0xD1 },  // 壯
    { 0x58F0, 0xC9, 0xF9 },  // 声
    { 0x58F1, 0x89, 0xD2 },  // 壱
    { 0x58F2, 0x89, 0xD3 },  // 売
    { 0x58F3, 0xBF, 0xC7 },  // 壳
    { 0x58F4, 0x89, 0xD4 },  // 壴
    { 0x58F5, 0x89, 0xD5 },  // 壵
    { 0x58F6, 0xBA, 0xF8 },  // 壶
    { 0x58F7, 0x89, 0xD6 },  // 壷
    { 0x58F8, 0x89, 0xD7 },  // 壸
    { 0x58F9, 0xD2, 0xBC },  // 壹
    { 0x58FA, 0x89, 0xD8 },  // 壺
    { 0x58FB, 0x89, 0xD9 },  // 壻
    { 0x58FC, 0x89, 0xDA },  // 壼
    { 0x58FD, 0x89, 0xDB },  // 壽
    { 0x58FE, 0x89, 0xDC },  // 壾
    { 0x58FF, 0x89, 0xDD },  // 壿
    { 0x5900, 0x89, 0xDE },  // 夀
    { 0x5901, 0x89, 0xDF },  // 夁
    { 0x5902, 0xE2, 0xBA },  // 夂
    { 0x5903, 0x89, 0xE0 },  // 夃
    { 0x5904, 0xB4, 0xA6 },  // 处
    { 0x5905, 0x89, 0xE1 },  // 夅
    { 0x5906, 0x89, 0xE2 },  // 夆
    { 0x5907, 0xB1, 0xB8 },  // 备
    { 0x5908, 0x89, 0xE3 },  // 夈
    { 0x5909, 0x89, 0xE4 },  // 変
    { 0x590A, 0x89, 0xE5 },  // 夊
    { 0x590B, 0x89, 0xE6 },  // 夋
    { 0x590C, 0x89, 0xE7 },  // 夌
    { 0x590D, 0xB8, 0xB4 },  // 复
    { 0x590E, 0x89, 0xE8 },  // 夎
    { 0x590F, 0xCF, 0xC4 },  // 夏
    { 0x5910, 0x89, 0xE9 },  // 夐
    { 0x5911, 0x89, 0xEA },  // 夑
    { 0x5912, 0x89, 0xEB },  // 夒
    { 0x5913, 0x89, 0xEC },  // 夓
    { 0x5914, 0xD9, 0xE7 },  // 夔
    { 0x5915, 0xCF, 0xA6 },  // 夕
    { 0x5916, 0xCD, 0xE2 },  // 外
    { 0x5917, 0x89, 0xED },  // 夗
    { 0x5918, 0x89, 0xEE },  // 夘
    { 0x5919, 0xD9, 0xED },  // 夙
    { 0x591A, 0xB6, 0xE0 },  // 多
    { 0x591B, 0x89, 0xEF },  // 夛
    { 0x591C, 0xD2, 0xB9 },  // 夜
    { 0x591D, 0x89, 0xF0 },  // 夝
    { 0x591E, 0x89, 0xF1 },  // 夞
    { 0x591F, 0xB9, 0xBB },  // 够
    { 0x5920, 0x89, 0xF2 },  // 夠
    { 0x5921, 0x89, 0xF3 },  // 夡
    { 0x5922, 0x89, 0xF4 },  // 夢
    { 0x5923, 0x89, 0xF5 },  // 夣
    { 0x5924, 0xE2, 0xB9 },  // 夤
    { 0x5925, 0xE2, 0xB7 },  // 夥
    { 0x5926, 0x89, 0xF6 },  // 夦
    { 0x5927, 0xB4, 0xF3 },  // 大
    { 0x5928, 0x89, 0xF7 },  // 夨
    { 0x5929, 0xCC, 0xEC },  // 天
    { 0x592A, 0xCC, 0xAB },  // 太
    { 0x592B, 0xB7, 0xF2 },  // 夫
    { 0x592C, 0x89, 0xF8 },  // 夬
    { 0x592D, 0xD8, 0xB2 },  // 夭
    { 0x592E, 0xD1, 0xEB },  // 央
    { 0x592F, 0xBA, 0xBB },  // 夯
    { 0x5930, 0x89, 0xF9 },  // 夰
    { 0x5931, 0xCA, 0xA7 },  // 失
    { 0x5932, 0x89, 0xFA },  // 夲
    { 0x5933, 0x89, 0xFB },  // 夳
    { 0x5934, 0xCD, 0xB7 },  // 头
    { 0x5935, 0x89, 0xFC },  // 夵
    { 0x5936, 0x89, 0xFD },  // 夶
    { 0x5937, 0xD2, 0xC4 },  // 夷
    { 0x5938, 0xBF, 0xE4 },  // 夸
    { 0x5939, 0xBC, 0xD0 },  // 夹
    { 0x593A, 0xB6, 0xE1 },  // 夺
    { 0x593B, 0x89, 0xFE },  // 夻
    { 0x593C, 0xDE, 0xC5 },  // 夼
    { 0x593D, 0x8A, 0x40 },  // 夽
    { 0x593E, 0x8A, 0x41 },  // 夾
    { 0x593F, 0x8A, 0x42 },  // 夿
    { 0x5940, 0x8A, 0x43 },  // 奀
    { 0x5941, 0xDE, 0xC6 },  // 奁
    { 0x5942, 0xDB, 0xBC },  // 奂
    { 0x5943, 0x8A, 0x44 },  // 奃
    { 0x5944, 0xD1, 0xD9 },  // 奄
    { 0x5945, 0x8A, 0x45 },  // 奅
    { 0x5946, 0x8A, 0x46 },  // 奆
    { 0x5947, 0xC6, 0xE6 },  // 奇
    { 0x5948, 0xC4, 0xCE },  // 奈
    { 0x5949, 0xB7, 0xEE },  // 奉
    { 0x594A, 0x8A, 0x47 },  // 奊
    { 0x594B, 0xB7, 0xDC },  // 奋
    { 0x594C, 0x8A, 0x48 },  // 奌
    { 0x594D, 0x8A, 0x49 },  // 奍
    { 0x594E, 0xBF, 0xFC },  // 奎
    { 0x594F, 0xD7, 0xE0 },  // 奏
    { 0x5950, 0x8A, 0x4A },  // 奐
    { 0x5951, 0xC6, 0xF5 },  // 契
    { 0x5952, 0x8A, 0x4B },  // 奒
    { 0x5953, 0x8A, 0x4C },  // 奓
    { 0x5954, 0xB1, 0xBC },  // 奔
    { 0x5955, 0xDE, 0xC8 },  // 奕
    { 0x5956, 0xBD, 0xB1 },  // 奖
    { 0x5957, 0xCC, 0xD7 },  // 套
    { 0x5958, 0xDE, 0xCA },  // 奘
    { 0x5959, 0x8A, 0x4D },  // 奙
    { 0x595A, 0xDE, 0xC9 },  // 奚
    { 0x595B, 0x8A, 0x4E },  // 奛
    { 0x595C, 0x8A, 0x4F },  // 奜
    { 0x595D, 0x8A, 0x50 },  // 奝
    { 0x595E, 0x8A, 0x51 },  // 奞
    { 0x595F, 0x8A, 0x52 },  // 奟
    { 0x5960, 0xB5, 0xEC },  // 奠
    { 0x5961, 0x8A, 0x53 },  // 奡
    { 0x5962, 0xC9, 0xDD },  // 奢
    { 0x5963, 0x8A, 0x54 },  // 奣
    { 0x5964, 0x8A, 0x55 },  // 奤
    { 0x5965, 0xB0, 0xC2 },  // 奥
    { 0x5966, 0x8A, 0x56 },  // 奦
    { 0x5967, 0x8A, 0x57 },  // 奧
    { 0x5968, 0x8A, 0x58 },  // 奨
    { 0x5969, 0x8A, 0x59 },  // 奩
    { 0x596A, 0x8A, 0x5A },  // 奪
    { 0x596B, 0x8A, 0x5B },  // 奫
    { 0x596C, 0x8A, 0x5C },  // 奬
    { 0x596D, 0x8A, 0x5D },  // 奭
    { 0x596E, 0x8A, 0x5E },  // 奮
    { 0x596F, 0x8A, 0x5F },  // 奯
    { 0x5970, 0x8A, 0x60 },  // 奰
    { 0x5971, 0x8A, 0x61 },  // 奱
    { 0x5972, 0x8A, 0x62 },  // 奲
    { 0x5973, 0xC5, 0xAE },  // 女
    { 0x5974, 0xC5, 0xAB },  // 奴
    { 0x5975, 0x8A, 0x63 },  // 奵
    { 0x5976, 0xC4, 0xCC },  // 奶
    { 0x5977, 0x8A, 0x64 },  // 奷
    { 0x5978, 0xBC, 0xE9 },  // 奸
    { 0x5979, 0xCB, 0xFD },  // 她
    { 0x597A, 0x8A, 0x65 },  // 奺
    { 0x597B, 0x8A, 0x66 },  // 奻
    { 0x597C, 0x8A, 0x67 },  // 奼
    { 0x597D, 0xBA, 0xC3 },  // 好
    { 0x597E, 0x8A, 0x68 },  // 奾
    { 0x597F, 0x8A, 0x69 },  // 奿
    { 0x5980, 0x8A, 0x6A },  // 妀
    { 0x5981, 0xE5, 0xF9 },  // 妁
    { 0x5982, 0xC8, 0xE7 },  // 如
    { 0x5983, 0xE5, 0xFA },  // 妃
    { 0x5984, 0xCD, 0xFD },  // 妄
    { 0x5985, 0x8A, 0x6B },  // 妅
    { 0x5986, 0xD7, 0xB1 },  // 妆
    { 0x5987, 0xB8, 0xBE },  // 妇
    { 0x5988, 0xC2, 0xE8 },  // 妈
    { 0x5989, 0x8A, 0x6C },  // 妉
    { 0x598A, 0xC8, 0xD1 },  // 妊
    { 0x598B, 0x8A, 0x6D },  // 妋
    { 0x598C, 0x8A, 0x6E },  // 妌
    { 0x598D, 0xE5, 0xFB },  // 妍
    { 0x598E, 0x8A, 0x6F },  // 妎
    { 0x598F, 0x8A, 0x70 },  // 妏
    { 0x5990, 0x8A, 0x71 },  // 妐
    { 0x5991, 0x8A, 0x72 },  // 妑
    { 0x5992, 0xB6, 0xCA },  // 妒
    { 0x5993, 0xBC, 0xCB },  // 妓
    { 0x5994, 0x8A, 0x73 },  // 妔
    { 0x5995, 0x8A, 0x74 },  // 妕
    { 0x5996, 0xD1, 0xFD },  // 妖
    { 0x5997, 0xE6, 0xA1 },  // 妗
    { 0x5998, 0x8A, 0x75 },  // 妘
    { 0x5999, 0xC3, 0xEE },  // 妙
    { 0x599A, 0x8A, 0x76 },  // 妚
    { 0x599B, 0x8A, 0x77 },  // 妛
    { 0x599C, 0x8A, 0x78 },  // 妜
    { 0x599D, 0x8A, 0x79 },  // 妝
    { 0x599E, 0xE6, 0xA4 },  // 妞
    { 0x599F, 0x8A, 0x7A },  // 妟
    { 0x59A0, 0x8A, 0x7B },  // 妠
    { 0x59A1, 0x8A, 0x7C },  // 妡
    { 0x59A2, 0x8A, 0x7D },  // 妢
    { 0x59A3, 0xE5, 0xFE },  // 妣
    { 0x59A4, 0xE6, 0xA5 },  // 妤
    { 0x59A5, 0xCD, 0xD7 },  // 妥
    { 0x59A6, 0x8A, 0x7E },  // 妦
    { 0x59A7, 0x8A, 0x80 },  // 妧
    { 0x59A8, 0xB7, 0xC1 },  // 妨
    { 0x59A9, 0xE5, 0xFC },  // 妩
    { 0x59AA, 0xE5, 0xFD },  // 妪
    { 0x59AB, 0xE6, 0xA3 },  // 妫
    { 0x59AC, 0x8A, 0x81 },  // 妬
    { 0x59AD, 0x8A, 0x82 },  // 妭
    { 0x59AE, 0xC4, 0xDD },  // 妮
    { 0x59AF, 0xE6, 0xA8 },  // 妯
    { 0x59B0, 0x8A, 0x83 },  // 妰
    { 0x59B1, 0x8A, 0x84 },  // 妱
    { 0x59B2, 0xE6, 0xA7 },  // 妲
    { 0x59B3, 0x8A, 0x85 },  // 妳
    { 0x59B4, 0x8A, 0x86 },  // 妴
    { 0x59B5, 0x8A, 0x87 },  // 妵
    { 0x59B6, 0x8A, 0x88 },  // 妶
    { 0x59B7, 0x8A, 0x89 },  // 妷
    { 0x59B8, 0x8A, 0x8A },  // 妸
    { 0x59B9, 0xC3, 0xC3 },  // 妹
    { 0x59BA, 0x8A, 0x8B },  // 妺
    { 0x59BB, 0xC6, 0xDE },  // 妻
    { 0x59BC, 0x8A, 0x8C },  // 妼
    { 0x59BD, 0x8A, 0x8D },  // 妽
    { 0x59BE, 0xE6, 0xAA },  // 妾
    { 0x59BF, 0x8A, 0x8E },  // 妿
    { 0x59C0, 0x8A, 0x8F },  // 姀
    { 0x59C1, 0x8A, 0x90 },  // 姁
    { 0x59C2, 0x8A, 0x91 },  // 姂
    { 0x59C3, 0x8A, 0x92 },  // 姃
    { 0x59C4, 0x8A, 0x93 },  // 姄
    { 0x59C5, 0x8A, 0x94 },  // 姅
    { 0x59C6, 0xC4, 0xB7 },  // 姆
    { 0x59C7, 0x8A, 0x95 },  // 姇
    { 0x59C8, 0x8A, 0x96 },  // 姈
    { 0x59C9, 0x8A, 0x97 },  // 姉
    { 0x59CA, 0xE6, 0xA2 },  // 姊
    { 0x59CB, 0xCA, 0xBC },  // 始
    { 0x59CC, 0x8A, 0x98 },  // 姌
    { 0x59CD, 0x8A, 0x99 },  // 姍
    { 0x59CE, 0x8A, 0x9A },  // 姎
    { 0x59CF, 0x8A, 0x9B },  // 姏
    { 0x59D0, 0xBD, 0xE3 },  // 姐
    { 0x59D1, 0xB9, 0xC3 },  // 姑
    { 0x59D2, 0xE6, 0xA6 },  // 姒
    { 0x59D3, 0xD0, 0xD5 },  // 姓
    { 0x59D4, 0xCE, 0xAF },  // 委
    { 0x59D5, 0x8A, 0x9C },  // 姕
    { 0x59D6, 0x8A, 0x9D },  // 姖
    { 0x59D7, 0xE6, 0xA9 },  // 姗
    { 0x59D8, 0xE6, 0xB0 },  // 姘
    { 0x59D9, 0x8A, 0x9E },  // 姙
    { 0x59DA, 0xD2, 0xA6 },  // 姚
    { 0x59DB, 0x8A, 0x9F },  // 姛
    { 0x59DC, 0xBD, 0xAA },  // 姜
    { 0x59DD, 0xE6, 0xAD },  // 姝
    { 0x59DE, 0x8A, 0xA0 },  // 姞
    { 0x59DF, 0x8A, 0xA1 },  // 姟
    { 0x59E0, 0x8A, 0xA2 },  // 姠
    { 0x59E1, 0x8A, 0xA3 },  // 姡
    { 0x59E2, 0x8A, 0xA4 },  // 姢
    { 0x59E3, 0xE6, 0xAF },  // 姣
    { 0x59E4, 0x8A, 0xA5 },  // 姤
    { 0x59E5, 0xC0, 0xD1 },  // 姥
    { 0x59E6, 0x8A, 0xA6 },  // 姦
    { 0x59E7, 0x8A, 0xA7 },  // 姧
    { 0x59E8, 0xD2, 0xCC },  // 姨
    { 0x59E9, 0x8A, 0xA8 },  // 姩
    { 0x59EA, 0x8A, 0xA9 },  // 姪
    { 0x59EB, 0x8A, 0xAA },  // 姫
    { 0x59EC, 0xBC, 0xA7 },  // 姬
    { 0x59ED, 0x8A, 0xAB },  // 姭
    { 0x59EE, 0x8A, 0xAC },  // 姮
    { 0x59EF, 0x8A, 0xAD },  // 姯
    { 0x59F0, 0x8A, 0xAE },  // 姰
    { 0x59F1, 0x8A, 0xAF },  // 姱
    { 0x59F2, 0x8A, 0xB0 },  // 姲
    { 0x59F3, 0x8A, 0xB1 },  // 姳
    { 0x59F4, 0x8A, 0xB2 },  // 姴
    { 0x59F5, 0x8A, 0xB3 },  // 姵
    { 0x59F6, 0x8A, 0xB4 },  // 姶
    { 0x59F7, 0x8A, 0xB5 },  // 姷
    { 0x59F8, 0x8A, 0xB6 },  // 姸
    { 0x59F9, 0xE6, 0xB1 },  // 姹
    { 0x59FA, 0x8A, 0xB7 },  // 姺
    { 0x59FB, 0xD2, 0xF6 },  // 姻
    { 0x59FC, 0x8A, 0xB8 },  // 姼
    { 0x59FD, 0x8A, 0xB9 },  // 姽
    { 0x59FE, 0x8A, 0xBA },  // 姾
    { 0x59FF, 0xD7, 0xCB },  // 姿
    { 0x5A00, 0x8A, 0xBB },  // 娀
    { 0x5A01, 0xCD, 0xFE },  // 威
    { 0x5A02, 0x8A, 0xBC },  // 娂
    { 0x5A03, 0xCD, 0xDE },  // 娃
    { 0x5A04, 0xC2, 0xA6 },  // 娄
    { 0x5A05, 0xE6, 0xAB },  // 娅
    { 0x5A06, 0xE6, 0xAC },  // 娆
    { 0x5A07, 0xBD, 0xBF },  // 娇
    { 0x5A08, 0xE6, 0xAE },  // 娈
    { 0x5A09, 0xE6, 0xB3 },  // 娉
    { 0x5A0A, 0x8A, 0xBD },  // 娊
    { 0x5A0B, 0x8A, 0xBE },  // 娋
    { 0x5A0C, 0xE6, 0xB2 },  // 娌
    { 0x5A0D, 0x8A, 0xBF },  // 娍
    { 0x5A0E, 0x8A, 0xC0 },  // 娎
    { 0x5A0F, 0x8A, 0xC1 },  // 娏
    { 0x5A10, 0x8A, 0xC2 },  // 娐
    { 0x5A11, 0xE6, 0xB6 },  // 娑
    { 0x5A12, 0x8A, 0xC3 },  // 娒
    { 0x5A13, 0xE6, 0xB8 },  // 娓
    { 0x5A14, 0x8A, 0xC4 },  // 娔
    { 0x5A15, 0x8A, 0xC5 },  // 娕
    { 0x5A16, 0x8A, 0xC6 },  // 娖
    { 0x5A17, 0x8A, 0xC7 },  // 娗
    { 0x5A18, 0xC4, 0xEF },  // 娘
    { 0x5A19, 0x8A, 0xC8 },  // 娙
    { 0x5A1A, 0x8A, 0xC9 },  // 娚
    { 0x5A1B, 0x8A, 0xCA },  // 娛
    { 0x5A1C, 0xC4, 0xC8 },  // 娜
    { 0x5A1D, 0x8A, 0xCB },  // 娝
    { 0x5A1E, 0x8A, 0xCC },  // 娞
    { 0x5A1F, 0xBE, 0xEA },  // 娟
    { 0x5A20, 0xC9, 0xEF },  // 娠
    { 0x5A21, 0x8A, 0xCD },  // 娡
    { 0x5A22, 0x8A, 0xCE },  // 娢
    { 0x5A23, 0xE6, 0xB7 },  // 娣
    { 0x5A24, 0x8A, 0xCF },  // 娤
    { 0x5A25, 0xB6, 0xF0 },  // 娥
    { 0x5A26, 0x8A, 0xD0 },  // 娦
    { 0x5A27, 0x8A, 0xD1 },  // 娧
    { 0x5A28, 0x8A, 0xD2 },  // 娨
    { 0x5A29, 0xC3, 0xE4 },  // 娩
    { 0x5A2A, 0x8A, 0xD3 },  // 娪
    { 0x5A2B, 0x8A, 0xD4 },  // 娫
    { 0x5A2C, 0x8A, 0xD5 },  // 娬
    { 0x5A2D, 0x8A, 0xD6 },  // 娭
    { 0x5A2E, 0x8A, 0xD7 },  // 娮
    { 0x5A2F, 0x8A, 0xD8 },  // 娯
    { 0x5A30, 0x8A, 0xD9 },  // 娰
    { 0x5A31, 0xD3, 0xE9 },  // 娱
    { 0x5A32, 0xE6, 0xB4 },  // 娲
    { 0x5A33, 0x8A, 0xDA },  // 娳
    { 0x5A34, 0xE6, 0xB5 },  // 娴
    { 0x5A35, 0x8A, 0xDB },  // 娵
    { 0x5A36, 0xC8, 0xA2 },  // 娶
    { 0x5A37, 0x8A, 0xDC },  // 娷
    { 0x5A38, 0x8A, 0xDD },  // 娸
    { 0x5A39, 0x8A, 0xDE },  // 娹
    { 0x5A3A, 0x8A, 0xDF },  // 娺
    { 0x5A3B, 0x8A, 0xE0 },  // 娻
    { 0x5A3C, 0xE6, 0xBD },  // 娼
    { 0x5A3D, 0x8A, 0xE1 },  // 娽
    { 0x5A3E, 0x8A, 0xE2 },  // 娾
    { 0x5A3F, 0x8A, 0xE3 },  // 娿
    { 0x5A40, 0xE6, 0xB9 },  // 婀
    { 0x5A41, 0x8A, 0xE4 },  // 婁
    { 0x5A42, 0x8A, 0xE5 },  // 婂
    { 0x5A43, 0x8A, 0xE6 },  // 婃
    { 0x5A44, 0x8A, 0xE7 },  // 婄
    { 0x5A45, 0x8A, 0xE8 },  // 婅
    { 0x5A46, 0xC6, 0xC5 },  // 婆
    { 0x5A47, 0x8A, 0xE9 },  // 婇
    { 0x5A48, 0x8A, 0xEA },  // 婈
    { 0x5A49, 0xCD, 0xF1 },  // 婉
    { 0x5A4A, 0xE6, 0xBB },  // 婊
    { 0x5A4B, 0x8A, 0xEB },  // 婋
    { 0x5A4C, 0x8A, 0xEC },  // 婌
    { 0x5A4D, 0x8A, 0xED },  // 婍
    { 0x5A4E, 0x8A, 0xEE },  // 婎
    { 0x5A4F, 0x8A, 0xEF },  // 婏
    { 0x5A50, 0x8A, 0xF0 },  // 婐
    { 0x5A51, 0x8A, 0xF1 },  // 婑
    { 0x5A52, 0x8A, 0xF2 },  // 婒
    { 0x5A53, 0x8A, 0xF3 },  // 婓
    { 0x5A54, 0x8A, 0xF4 },  // 婔
    { 0x5A55, 0xE6, 0xBC },  // 婕
    { 0x5A56, 0x8A, 0xF5 },  // 婖
    { 0x5A57, 0x8A, 0xF6 },  // 婗
    { 0x5A58, 0x8A, 0xF7 },  // 婘
    { 0x5A59, 0x8A, 0xF8 },  // 婙
    { 0x5A5A, 0xBB, 0xE9 },  // 婚
    { 0x5A5B, 0x8A, 0xF9 },  // 婛
    { 0x5A5C, 0x8A, 0xFA },  // 婜
    { 0x5A5D, 0x8A, 0xFB },  // 婝
    { 0x5A5E, 0x8A, 0xFC },  // 婞
    { 0x5A5F, 0x8A, 0xFD },  // 婟
    { 0x5A60, 0x8A, 0xFE },  // 婠
    { 0x5A61, 0x8B, 0x40 },  // 婡
    { 0x5A62, 0xE6, 0xBE },  // 婢
    { 0x5A63, 0x8B, 0x41 },  // 婣
    { 0x5A64, 0x8B, 0x42 },  // 婤
    { 0x5A65, 0x8B, 0x43 },  // 婥
    { 0x5A66, 0x8B, 0x44 },  // 婦
    { 0x5A67, 0xE6, 0xBA },  // 婧
    { 0x5A68, 0x8B, 0x45 },  // 婨
    { 0x5A69, 0x8B, 0x46 },  // 婩
    { 0x5A6A, 0xC0, 0xB7 },  // 婪
    { 0x5A6B, 0x8B, 0x47 },  // 婫
    { 0x5A6C, 0x8B, 0x48 },  // 婬
    { 0x5A6D, 0x8B, 0x49 },  // 婭
    { 0x5A6E, 0x8B, 0x4A },  // 婮
    { 0x5A6F, 0x8B, 0x4B },  // 婯
    { 0x5A70, 0x8B, 0x4C },  // 婰
    { 0x5A71, 0x8B, 0x4D },  // 婱
    { 0x5A72, 0x8B, 0x4E },  // 婲
    { 0x5A73, 0x8B, 0x4F },  // 婳
    { 0x5A74, 0xD3, 0xA4 },  // 婴
    { 0x5A75, 0xE6, 0xBF },  // 婵
    { 0x5A76, 0xC9, 0xF4 },  // 婶
    { 0x5A77, 0xE6, 0xC3 },  // 婷
    { 0x5A78, 0x8B, 0x50 },  // 婸
    { 0x5A79, 0x8B, 0x51 },  // 婹
    { 0x5A7A, 0xE6, 0xC4 },  // 婺
    { 0x5A7B, 0x8B, 0x52 },  // 婻
    { 0x5A7C, 0x8B, 0x53 },  // 婼
    { 0x5A7D, 0x8B, 0x54 },  // 婽
    { 0x5A7E, 0x8B, 0x55 },  // 婾
    { 0x5A7F, 0xD0, 0xF6 },  // 婿
    { 0x5A80, 0x8B, 0x56 },  // 媀
    { 0x5A81, 0x8B, 0x57 },  // 媁
    { 0x5A82, 0x8B, 0x58 },  // 媂
    { 0x5A83, 0x8B, 0x59 },  // 媃
    { 0x5A84, 0x8B, 0x5A },  // 媄
    { 0x5A85, 0x8B, 0x5B },  // 媅
    { 0x5A86, 0x8B, 0x5C },  // 媆
    { 0x5A87, 0x8B, 0x5D },  // 媇
    { 0x5A88, 0x8B, 0x5E },  // 媈
    { 0x5A89, 0x8B, 0x5F },  // 媉
    { 0x5A8A, 0x8B, 0x60 },  // 媊
    { 0x5A8B, 0x8B, 0x61 },  // 媋
    { 0x5A8C, 0x8B, 0x62 },  // 媌
    { 0x5A8D, 0x8B, 0x63 },  // 媍
    { 0x5A8E, 0x8B, 0x64 },  // 媎
    { 0x5A8F, 0x8B, 0x65 },  // 媏
    { 0x5A90, 0x8B, 0x66 },  // 媐
    { 0x5A91, 0x8B, 0x67 },  // 媑
    { 0x5A92, 0xC3, 0xBD },  // 媒
    { 0x5A93, 0x8B, 0x68 },  // 媓
    { 0x5A94, 0x8B, 0x69 },  // 媔
    { 0x5A95, 0x8B, 0x6A },  // 媕
    { 0x5A96, 0x8B, 0x6B },  // 媖
    { 0x5A97, 0x8B, 0x6C },  // 媗
    { 0x5A98, 0x8B, 0x6D },  // 媘
    { 0x5A99, 0x8B, 0x6E },  // 媙
    { 0x5A9A, 0xC3, 0xC4 },  // 媚
    { 0x5A9B, 0xE6, 0xC2 },  // 媛
    { 0x5A9C, 0x8B, 0x6F },  // 媜
    { 0x5A9D, 0x8B, 0x70 },  // 媝
    { 0x5A9E, 0x8B, 0x71 },  // 媞
    { 0x5A9F, 0x8B, 0x72 },  // 媟
    { 0x5AA0, 0x8B, 0x73 },  // 媠
    { 0x5AA1, 0x8B, 0x74 },  // 媡
    { 0x5AA2, 0x8B, 0x75 },  // 媢
    { 0x5AA3, 0x8B, 0x76 },  // 媣
    { 0x5AA4, 0x8B, 0x77 },  // 媤
    { 0x5AA5, 0x8B, 0x78 },  // 媥
    { 0x5AA6, 0x8B, 0x79 },  // 媦
    { 0x5AA7, 0x8B, 0x7A },  // 媧
    { 0x5AA8, 0x8B, 0x7B },  // 媨
    { 0x5AA9, 0x8B, 0x7C },  // 媩
    { 0x5AAA, 0xE6, 0xC1 },  // 媪
    { 0x5AAB, 0x8B, 0x7D },  // 媫
    { 0x5AAC, 0x8B, 0x7E },  // 媬
    { 0x5AAD, 0x8B, 0x80 },  // 媭
    { 0x5AAE, 0x8B, 0x81 },  // 媮
    { 0x5AAF, 0x8B, 0x82 },  // 媯
    { 0x5AB0, 0x8B, 0x83 },  // 媰
    { 0x5AB1, 0x8B, 0x84 },  // 媱
    { 0x5AB2, 0xE6, 0xC7 },  // 媲
    { 0x5AB3, 0xCF, 0xB1 },  // 媳
    { 0x5AB4, 0x8B, 0x85 },  // 媴
    { 0x5AB5, 0xEB, 0xF4 },  // 媵
    { 0x5AB6, 0x8B, 0x86 },  // 媶
    { 0x5AB7, 0x8B, 0x87 },  // 媷
    { 0x5AB8, 0xE6, 0xCA },  // 媸
    { 0x5AB9, 0x8B, 0x88 },  // 媹
    { 0x5ABA, 0x8B, 0x89 },  // 媺
    { 0x5ABB, 0x8B, 0x8A },  // 媻
    { 0x5ABC, 0x8B, 0x8B },  // 媼
    { 0x5ABD, 0x8B, 0x8C },  // 媽
    { 0x5ABE, 0xE6, 0xC5 },  // 媾
    { 0x5ABF, 0x8B, 0x8D },  // 媿
    { 0x5AC0, 0x8B, 0x8E },  // 嫀
    { 0x5AC1, 0xBC, 0xDE },  // 嫁
    { 0x5AC2, 0xC9, 0xA9 },  // 嫂
    { 0x5AC3, 0x8B, 0x8F },  // 嫃
    { 0x5AC4, 0x8B, 0x90 },  // 嫄
    { 0x5AC5, 0x8B, 0x91 },  // 嫅
    { 0x5AC6, 0x8B, 0x92 },  // 嫆
    { 0x5AC7, 0x8B, 0x93 },  // 嫇
    { 0x5AC8, 0x8B, 0x94 },  // 嫈
    { 0x5AC9, 0xBC, 0xB5 },  // 嫉
    { 0x5ACA, 0x8B, 0x95 },  // 嫊
    { 0x5ACB, 0x8B, 0x96 },  // 嫋
    { 0x5ACC, 0xCF, 0xD3 },  // 嫌
    { 0x5ACD, 0x8B, 0x97 },  // 嫍
    { 0x5ACE, 0x8B, 0x98 },  // 嫎
    { 0x5ACF, 0x8B, 0x99 },  // 嫏
    { 0x5AD0, 0x8B, 0x9A },  // 嫐
    { 0x5AD1, 0x8B, 0x9B },  // 嫑
    { 0x5AD2, 0xE6, 0xC8 },  // 嫒
    { 0x5AD3, 0x8B, 0x9C },  // 嫓
    { 0x5AD4, 0xE6, 0xC9 },  // 嫔
    { 0x5AD5, 0x8B, 0x9D },  // 嫕
    { 0x5AD6, 0xE6, 0xCE },  // 嫖
    { 0x5AD7, 0x8B, 0x9E },  // 嫗
    { 0x5AD8, 0xE6, 0xD0 },  // 嫘
    { 0x5AD9, 0x8B, 0x9F },  // 嫙
    { 0x5ADA, 0x8B, 0xA0 },  // 嫚
    { 0x5ADB, 0x8B, 0xA1 },  // 嫛
    { 0x5ADC, 0xE6, 0xD1 },  // 嫜
    { 0x5ADD, 0x8B, 0xA2 },  // 嫝
    { 0x5ADE, 0x8B, 0xA3 },  // 嫞
    { 0x5ADF, 0x8B, 0xA4 },  // 嫟
    { 0x5AE0, 0xE6, 0xCB },  // 嫠
    { 0x5AE1, 0xB5, 0xD5 },  // 嫡
    { 0x5AE2, 0x8B, 0xA5 },  // 嫢
    { 0x5AE3, 0xE6, 0xCC },  // 嫣
    { 0x5AE4, 0x8B, 0xA6 },  // 嫤
    { 0x5AE5, 0x8B, 0xA7 },  // 嫥
    { 0x5AE6, 0xE6, 0xCF },  // 嫦
    { 0x5AE7, 0x8B, 0xA8 },  // 嫧
    { 0x5AE8, 0x8B, 0xA9 },  // 嫨
    { 0x5AE9, 0xC4, 0xDB },  // 嫩
    { 0x5AEA, 0x8B, 0xAA },  // 嫪
    { 0x5AEB, 0xE6, 0xC6 },  // 嫫
    { 0x5AEC, 0x8B, 0xAB },  // 嫬
    { 0x5AED, 0x8B, 0xAC },  // 嫭
    { 0x5AEE, 0x8B, 0xAD },  // 嫮
    { 0x5AEF, 0x8B, 0xAE },  // 嫯
    { 0x5AF0, 0x8B, 0xAF },  // 嫰
    { 0x5AF1, 0xE6, 0xCD },  // 嫱
    { 0x5AF2, 0x8B, 0xB0 },  // 嫲
    { 0x5AF3, 0x8B, 0xB1 },  // 嫳
    { 0x5AF4, 0x8B, 0xB2 },  // 嫴
    { 0x5AF5, 0x8B, 0xB3 },  // 嫵
    { 0x5AF6, 0x8B, 0xB4 },  // 嫶
    { 0x5AF7, 0x8B, 0xB5 },  // 嫷
    { 0x5AF8, 0x8B, 0xB6 },  // 嫸
    { 0x5AF9, 0x8B, 0xB7 },  // 嫹
    { 0x5AFA, 0x8B, 0xB8 },  // 嫺
    { 0x5AFB, 0x8B, 0xB9 },  // 嫻
    { 0x5AFC, 0x8B, 0xBA },  // 嫼
    { 0x5AFD, 0x8B, 0xBB },  // 嫽
    { 0x5AFE, 0x8B, 0xBC },  // 嫾
    { 0x5AFF, 0x8B, 0xBD },  // 嫿
    { 0x5B00, 0x8B, 0xBE },  // 嬀
    { 0x5B01, 0x8B, 0xBF },  // 嬁
    { 0x5B02, 0x8B, 0xC0 },  // 嬂
    { 0x5B03, 0x8B, 0xC1 },  // 嬃
    { 0x5B04, 0x8B, 0xC2 },  // 嬄
    { 0x5B05, 0x8B, 0xC3 },  // 嬅
    { 0x5B06, 0x8B, 0xC4 },  // 嬆
    { 0x5B07, 0x8B, 0xC5 },  // 嬇
    { 0x5B08, 0x8B, 0xC6 },  // 嬈
    { 0x5B09, 0xE6, 0xD2 },  // 嬉
    { 0x5B0A, 0x8B, 0xC7 },  // 嬊
    { 0x5B0B, 0x8B, 0xC8 },  // 嬋
    { 0x5B0C, 0x8B, 0xC9 },  // 嬌
    { 0x5B0D, 0x8B, 0xCA },  // 嬍
    { 0x5B0E, 0x8B, 0xCB },  // 嬎
    { 0x5B0F, 0x8B, 0xCC },  // 嬏
    { 0x5B10, 0x8B, 0xCD },  // 嬐
    { 0x5B11, 0x8B, 0xCE },  // 嬑
    { 0x5B12, 0x8B, 0xCF },  // 嬒
    { 0x5B13, 0x8B, 0xD0 },  // 嬓
    { 0x5B14, 0x8B, 0xD1 },  // 嬔
    { 0x5B15, 0x8B, 0xD2 },  // 嬕
    { 0x5B16, 0xE6, 0xD4 },  // 嬖
    { 0x5B17, 0xE6, 0xD3 },  // 嬗
    { 0x5B18, 0x8B, 0xD3 },  // 嬘
    { 0x5B19, 0x8B, 0xD4 },  // 嬙
    { 0x5B1A, 0x8B, 0xD5 },  // 嬚
    { 0x5B1B, 0x8B, 0xD6 },  // 嬛
    { 0x5B1C, 0x8B, 0xD7 },  // 嬜
    { 0x5B1D, 0x8B, 0xD8 },  // 嬝
    { 0x5B1E, 0x8B, 0xD9 },  // 嬞
    { 0x5B1F, 0x8B, 0xDA },  // 嬟
    { 0x5B20, 0x8B, 0xDB },  // 嬠
    { 0x5B21, 0x8B, 0xDC },  // 嬡
    { 0x5B22, 0x8B, 0xDD },  // 嬢
    { 0x5B23, 0x8B, 0xDE },  // 嬣
    { 0x5B24, 0x8B, 0xDF },  // 嬤
    { 0x5B25, 0x8B, 0xE0 },  // 嬥
    { 0x5B26, 0x8B, 0xE1 },  // 嬦
    { 0x5B27, 0x8B, 0xE2 },  // 嬧
    { 0x5B28, 0x8B, 0xE3 },  // 嬨
    { 0x5B29, 0x8B, 0xE4 },  // 嬩
    { 0x5B2A, 0x8B, 0xE5 },  // 嬪
    { 0x5B2B, 0x8B, 0xE6 },  // 嬫
    { 0x5B2C, 0x8B, 0xE7 },  // 嬬
    { 0x5B2D, 0x8B, 0xE8 },  // 嬭
    { 0x5B2E, 0x8B, 0xE9 },  // 嬮
    { 0x5B2F, 0x8B, 0xEA },  // 嬯
    { 0x5B30, 0x8B, 0xEB },  // 嬰
    { 0x5B31, 0x8B, 0xEC },  // 嬱
    { 0x5B32, 0xE6, 0xD5 },  // 嬲
    { 0x5B33, 0x8B, 0xED },  // 嬳
    { 0x5B34, 0xD9, 0xF8 },  // 嬴
    { 0x5B35, 0x8B, 0xEE },  // 嬵
    { 0x5B36, 0x8B, 0xEF },  // 嬶
    { 0x5B37, 0xE6, 0xD6 },  // 嬷
    { 0x5B38, 0x8B, 0xF0 },  // 嬸
    { 0x5B39, 0x8B, 0xF1 },  // 嬹
    { 0x5B3A, 0x8B, 0xF2 },  // 嬺
    { 0x5B3B, 0x8B, 0xF3 },  // 嬻
    { 0x5B3C, 0x8B, 0xF4 },  // 嬼
    { 0x5B3D, 0x8B, 0xF5 },  // 嬽
    { 0x5B3E, 0x8B, 0xF6 },  // 嬾
    { 0x5B3F, 0x8B, 0xF7 },  // 嬿
    { 0x5B40, 0xE6, 0xD7 },  // 孀
    { 0x5B41, 0x8B, 0xF8 },  // 孁
    { 0x5B42, 0x8B, 0xF9 },  // 孂
    { 0x5B43, 0x8B, 0xFA },  // 孃
    { 0x5B44, 0x8B, 0xFB },  // 孄
    { 0x5B45, 0x8B, 0xFC },  // 孅
    { 0x5B46, 0x8B, 0xFD },  // 孆
    { 0x5B47, 0x8B, 0xFE },  // 孇
    { 0x5B48, 0x8C, 0x40 },  // 孈
    { 0x5B49, 0x8C, 0x41 },  // 孉
    { 0x5B4A, 0x8C, 0x42 },  // 孊
    { 0x5B4B, 0x8C, 0x43 },  // 孋
    { 0x5B4C, 0x8C, 0x44 },  // 孌
    { 0x5B4D, 0x8C, 0x45 },  // 孍
    { 0x5B4E, 0x8C, 0x46 },  // 孎
    { 0x5B4F, 0x8C, 0x47 },  // 孏
    { 0x5B50, 0xD7, 0xD3 },  // 子
    { 0x5B51, 0xE6, 0xDD },  // 孑
    { 0x5B52, 0x8C, 0x48 },  // 孒
    { 0x5B53, 0xE6, 0xDE },  // 孓
    { 0x5B54, 0xBF, 0xD7 },  // 孔
    { 0x5B55, 0xD4, 0xD0 },  // 孕
    { 0x5B56, 0x8C, 0x49 },  // 孖
    { 0x5B57, 0xD7, 0xD6 },  // 字
    { 0x5B58, 0xB4, 0xE6 },  // 存
    { 0x5B59, 0xCB, 0xEF },  // 孙
    { 0x5B5A, 0xE6, 0xDA },  // 孚
    { 0x5B5B, 0xD8, 0xC3 },  // 孛
    { 0x5B5C, 0xD7, 0xCE },  // 孜
    { 0x5B5D, 0xD0, 0xA2 },  // 孝
    { 0x5B5E, 0x8C, 0x4A },  // 孞
    { 0x5B5F, 0xC3, 0xCF },  // 孟
    { 0x5B60, 0x8C, 0x4B },  // 孠
    { 0x5B61, 0x8C, 0x4C },  // 孡
    { 0x5B62, 0xE6, 0xDF },  // 孢
    { 0x5B63, 0xBC, 0xBE },  // 季
    { 0x5B64, 0xB9, 0xC2 },  // 孤
    { 0x5B65, 0xE6, 0xDB },  // 孥
    { 0x5B66, 0xD1, 0xA7 },  // 学
    { 0x5B67, 0x8C, 0x4D },  // 孧
    { 0x5B68, 0x8C, 0x4E },  // 孨
    { 0x5B69, 0xBA, 0xA2 },  // 孩
    { 0x5B6A, 0xC2, 0xCF },  // 孪
    { 0x5B6B, 0x8C, 0x4F },  // 孫
    { 0x5B6C, 0xD8, 0xAB },  // 孬
    { 0x5B6D, 0x8C, 0x50 },  // 孭
    { 0x5B6E, 0x8C, 0x51 },  // 孮
    { 0x5B6F, 0x8C, 0x52 },  // 孯
    { 0x5B70, 0xCA, 0xEB },  // 孰
    { 0x5B71, 0xE5, 0xEE },  // 孱
    { 0x5B72, 0x8C, 0x53 },  // 孲
    { 0x5B73, 0xE6, 0xDC },  // 孳
    { 0x5B74, 0x8C, 0x54 },  // 孴
    { 0x5B75, 0xB7, 0xF5 },  // 孵
    { 0x5B76, 0x8C, 0x55 },  // 孶
    { 0x5B77, 0x8C, 0x56 },  // 孷
    { 0x5B78, 0x8C, 0x57 },  // 學
    { 0x5B79, 0x8C, 0x58 },  // 孹
    { 0x5B7A, 0xC8, 0xE6 },  // 孺
    { 0x5B7B, 0x8C, 0x59 },  // 孻
    { 0x5B7C, 0x8C, 0x5A },  // 孼
    { 0x5B7D, 0xC4, 0xF5 },  // 孽
    { 0x5B7E, 0x8C, 0x5B },  // 孾
    { 0x5B7F, 0x8C, 0x5C },  // 孿
    { 0x5B80, 0xE5, 0xB2 },  // 宀
    { 0x5B81, 0xC4, 0xFE },  // 宁
    { 0x5B82, 0x8C, 0x5D },  // 宂
    { 0x5B83, 0xCB, 0xFC },  // 它
    { 0x5B84, 0xE5, 0xB3 },  // 宄
    { 0x5B85, 0xD5, 0xAC },  // 宅
    { 0x5B86, 0x8C, 0x5E },  // 宆
    { 0x5B87, 0xD3, 0xEE },  // 宇
    { 0x5B88, 0xCA, 0xD8 },  // 守
    { 0x5B89, 0xB0, 0xB2 },  // 安
    { 0x5B8A, 0x8C, 0x5F },  // 宊
    { 0x5B8B, 0xCB, 0xCE },  // 宋
    { 0x5B8C, 0xCD, 0xEA },  // 完
    { 0x5B8D, 0x8C, 0x60 },  // 宍
    { 0x5B8E, 0x8C, 0x61 },  // 宎
    { 0x5B8F, 0xBA, 0xEA },  // 宏
    { 0x5B90, 0x8C, 0x62 },  // 宐
    { 0x5B91, 0x8C, 0x63 },  // 宑
    { 0x5B92, 0x8C, 0x64 },  // 宒
    { 0x5B93, 0xE5, 0xB5 },  // 宓
    { 0x5B94, 0x8C, 0x65 },  // 宔
    { 0x5B95, 0xE5, 0xB4 },  // 宕
    { 0x5B96, 0x8C, 0x66 },  // 宖
    { 0x5B97, 0xD7, 0xDA },  // 宗
    { 0x5B98, 0xB9, 0xD9 },  // 官
    { 0x5B99, 0xD6, 0xE6 },  // 宙
    { 0x5B9A, 0xB6, 0xA8 },  // 定
    { 0x5B9B, 0xCD, 0xF0 },  // 宛
    { 0x5B9C, 0xD2, 0xCB },  // 宜
    { 0x5B9D, 0xB1, 0xA6 },  // 宝
    { 0x5B9E, 0xCA, 0xB5 },  // 实
    { 0x5B9F, 0x8C, 0x67 },  // 実
    { 0x5BA0, 0xB3, 0xE8 },  // 宠
    { 0x5BA1, 0xC9, 0xF3 },  // 审
    { 0x5BA2, 0xBF, 0xCD },  // 客
    { 0x5BA3, 0xD0, 0xFB },  // 宣
    { 0x5BA4, 0xCA, 0xD2 },  // 室
    { 0x5BA5, 0xE5, 0xB6 },  // 宥
    { 0x5BA6, 0xBB, 0xC2 },  // 宦
    { 0x5BA7, 0x8C, 0x68 },  // 宧
    { 0x5BA8, 0x8C, 0x69 },  // 宨
    { 0x5BA9, 0x8C, 0x6A },  // 宩
    { 0x5BAA, 0xCF, 0xDC },  // 宪
    { 0x5BAB, 0xB9, 0xAC },  // 宫
    { 0x5BAC, 0x8C, 0x6B },  // 宬
    { 0x5BAD, 0x8C, 0x6C },  // 宭
    { 0x5BAE, 0x8C, 0x6D },  // 宮
    { 0x5BAF, 0x8C, 0x6E },  // 宯
    { 0x5BB0, 0xD4, 0xD7 },  // 宰
    { 0x5BB1, 0x8C, 0x6F },  // 宱
    { 0x5BB2, 0x8C, 0x70 },  // 宲
    { 0x5BB3, 0xBA, 0xA6 },  // 害
    { 0x5BB4, 0xD1, 0xE7 },  // 宴
    { 0x5BB5, 0xCF, 0xFC },  // 宵
    { 0x5BB6, 0xBC, 0xD2 },  // 家
    { 0x5BB7, 0x8C, 0x71 },  // 宷
    { 0x5BB8, 0xE5, 0xB7 },  // 宸
    { 0x5BB9, 0xC8, 0xDD },  // 容
    { 0x5BBA, 0x8C, 0x72 },  // 宺
    { 0x5BBB, 0x8C, 0x73 },  // 宻
    { 0x5BBC, 0x8C, 0x74 },  // 宼
    { 0x5BBD, 0xBF, 0xED },  // 宽
    { 0x5BBE, 0xB1, 0xF6 },  // 宾
    { 0x5BBF, 0xCB, 0xDE },  // 宿
    { 0x5BC0, 0x8C, 0x75 },  // 寀
    { 0x5BC1, 0x8C, 0x76 },  // 寁
    { 0x5BC2, 0xBC, 0xC5 },  // 寂
    { 0x5BC3, 0x8C, 0x77 },  // 寃
    { 0x5BC4, 0xBC, 0xC4 },  // 寄
    { 0x5BC5, 0xD2, 0xFA },  // 寅
    { 0x5BC6, 0xC3, 0xDC },  // 密
    { 0x5BC7, 0xBF, 0xDC },  // 寇
    { 0x5BC8, 0x8C, 0x78 },  // 寈
    { 0x5BC9, 0x8C, 0x79 },  // 寉
    { 0x5BCA, 0x8C, 0x7A },  // 寊
    { 0x5BCB, 0x8C, 0x7B },  // 寋
    { 0x5BCC, 0xB8, 0xBB },  // 富
    { 0x5BCD, 0x8C, 0x7C },  // 寍
    { 0x5BCE, 0x8C, 0x7D },  // 寎
    { 0x5BCF, 0x8C, 0x7E },  // 寏
    { 0x5BD0, 0xC3, 0xC2 },  // 寐
    { 0x5BD1, 0x8C, 0x80 },  // 寑
    { 0x5BD2, 0xBA, 0xAE },  // 寒
    { 0x5BD3, 0xD4, 0xA2 },  // 寓
    { 0x5BD4, 0x8C, 0x81 },  // 寔
    { 0x5BD5, 0x8C, 0x82 },  // 寕
    { 0x5BD6, 0x8C, 0x83 },  // 寖
    { 0x5BD7, 0x8C, 0x84 },  // 寗
    { 0x5BD8, 0x8C, 0x85 },  // 寘
    { 0x5BD9, 0x8C, 0x86 },  // 寙
    { 0x5BDA, 0x8C, 0x87 },  // 寚
    { 0x5BDB, 0x8C, 0x88 },  // 寛
    { 0x5BDC, 0x8C, 0x89 },  // 寜
    { 0x5BDD, 0xC7, 0xDE },  // 寝
    { 0x5BDE, 0xC4, 0xAF },  // 寞
    { 0x5BDF, 0xB2, 0xEC },  // 察
    { 0x5BE0, 0x8C, 0x8A },  // 寠
    { 0x5BE1, 0xB9, 0xD1 },  // 寡
    { 0x5BE2, 0x8C, 0x8B },  // 寢
    { 0x5BE3, 0x8C, 0x8C },  // 寣
    { 0x5BE4, 0xE5, 0xBB },  // 寤
    { 0x5BE5, 0xC1, 0xC8 },  // 寥
    { 0x5BE6, 0x8C, 0x8D },  // 實
    { 0x5BE7, 0x8C, 0x8E },  // 寧
    { 0x5BE8, 0xD5, 0xAF },  // 寨
    { 0x5BE9, 0x8C, 0x8F },  // 審
    { 0x5BEA, 0x8C, 0x90 },  // 寪
    { 0x5BEB, 0x8C, 0x91 },  // 寫
    { 0x5BEC, 0x8C, 0x92 },  // 寬
    { 0x5BED, 0x8C, 0x93 },  // 寭
    { 0x5BEE, 0xE5, 0xBC },  // 寮
    { 0x5BEF, 0x8C, 0x94 },  // 寯
    { 0x5BF0, 0xE5, 0xBE },  // 寰
    { 0x5BF1, 0x8C, 0x95 },  // 寱
    { 0x5BF2, 0x8C, 0x96 },  // 寲
    { 0x5BF3, 0x8C, 0x97 },  // 寳
    { 0x5BF4, 0x8C, 0x98 },  // 寴
    { 0x5BF5, 0x8C, 0x99 },  // 寵
    { 0x5BF6, 0x8C, 0x9A },  // 寶
    { 0x5BF7, 0x8C, 0x9B },  // 寷
    { 0x5BF8, 0xB4, 0xE7 },  // 寸
    { 0x5BF9, 0xB6, 0xD4 },  // 对
    { 0x5BFA, 0xCB, 0xC2 },  // 寺
    { 0x5BFB, 0xD1, 0xB0 },  // 寻
    { 0x5BFC, 0xB5, 0xBC },  // 导
    { 0x5BFD, 0x8C, 0x9C },  // 寽
    { 0x5BFE, 0x8C, 0x9D },  // 対
    { 0x5BFF, 0xCA, 0xD9 },  // 寿
    { 0x5C00, 0x8C, 0x9E },  // 尀
    { 0x5C01, 0xB7, 0xE2 },  // 封
    { 0x5C02, 0x8C, 0x9F },  // 専
    { 0x5C03, 0x8C, 0xA0 },  // 尃
    { 0x5C04, 0xC9, 0xE4 },  // 射
    { 0x5C05, 0x8C, 0xA1 },  // 尅
    { 0x5C06, 0xBD, 0xAB },  // 将
    { 0x5C07, 0x8C, 0xA2 },  // 將
    { 0x5C08, 0x8C, 0xA3 },  // 專
    { 0x5C09, 0xCE, 0xBE },  // 尉
    { 0x5C0A, 0xD7, 0xF0 },  // 尊
    { 0x5C0B, 0x8C, 0xA4 },  // 尋
    { 0x5C0C, 0x8C, 0xA5 },  // 尌
    { 0x5C0D, 0x8C, 0xA6 },  // 對
    { 0x5C0E, 0x8C, 0xA7 },  // 導
    { 0x5C0F, 0xD0, 0xA1 },  // 小
    { 0x5C10, 0x8C, 0xA8 },  // 尐
    { 0x5C11, 0xC9, 0xD9 },  // 少
    { 0x5C12, 0x8C, 0xA9 },  // 尒
    { 0x5C13, 0x8C, 0xAA },  // 尓
    { 0x5C14, 0xB6, 0xFB },  // 尔
    { 0x5C15, 0xE6, 0xD8 },  // 尕
    { 0x5C16, 0xBC, 0xE2 },  // 尖
    { 0x5C17, 0x8C, 0xAB },  // 尗
    { 0x5C18, 0xB3, 0xBE },  // 尘
    { 0x5C19, 0x8C, 0xAC },  // 尙
    { 0x5C1A, 0xC9, 0xD0 },  // 尚
    { 0x5C1B, 0x8C, 0xAD },  // 尛
    { 0x5C1C, 0xE6, 0xD9 },  // 尜
    { 0x5C1D, 0xB3, 0xA2 },  // 尝
    { 0x5C1E, 0x8C, 0xAE },  // 尞
    { 0x5C1F, 0x8C, 0xAF },  // 尟
    { 0x5C20, 0x8C, 0xB0 },  // 尠
    { 0x5C21, 0x8C, 0xB1 },  // 尡
    { 0x5C22, 0xDE, 0xCC },  // 尢
    { 0x5C23, 0x8C, 0xB2 },  // 尣
    { 0x5C24, 0xD3, 0xC8 },  // 尤
    { 0x5C25, 0xDE, 0xCD },  // 尥
    { 0x5C26, 0x8C, 0xB3 },  // 尦
    { 0x5C27, 0xD2, 0xA2 },  // 尧
    { 0x5C28, 0x8C, 0xB4 },  // 尨
    { 0x5C29, 0x8C, 0xB5 },  // 尩
    { 0x5C2A, 0x8C, 0xB6 },  // 尪
    { 0x5C2B, 0x8C, 0xB7 },  // 尫
    { 0x5C2C, 0xDE, 0xCE },  // 尬
    { 0x5C2D, 0x8C, 0xB8 },  // 尭
    { 0x5C2E, 0x8C, 0xB9 },  // 尮
    { 0x5C2F, 0x8C, 0xBA },  // 尯
    { 0x5C30, 0x8C, 0xBB },  // 尰
    { 0x5C31, 0xBE, 0xCD },  // 就
    { 0x5C32, 0x8C, 0xBC },  // 尲
    { 0x5C33, 0x8C, 0xBD },  // 尳
    { 0x5C34, 0xDE, 0xCF },  // 尴
    { 0x5C35, 0x8C, 0xBE },  // 尵
    { 0x5C36, 0x8C, 0xBF },  // 尶
    { 0x5C37, 0x8C, 0xC0 },  // 尷
    { 0x5C38, 0xCA, 0xAC },  // 尸
    { 0x5C39, 0xD2, 0xFC },  // 尹
    { 0x5C3A, 0xB3, 0xDF },  // 尺
    { 0x5C3B, 0xE5, 0xEA },  // 尻
    { 0x5C3C, 0xC4, 0xE1 },  // 尼
    { 0x5C3D, 0xBE, 0xA1 },  // 尽
    { 0x5C3E, 0xCE, 0xB2 },  // 尾
    { 0x5C3F, 0xC4, 0xF2 },  // 尿
    { 0x5C40, 0xBE, 0xD6 },  // 局
    { 0x5C41, 0xC6, 0xA8 },  // 屁
    { 0x5C42, 0xB2, 0xE3 },  // 层
    { 0x5C43, 0x8C, 0xC1 },  // 屃
    { 0x5C44, 0x8C, 0xC2 },  // 屄
    { 0x5C45, 0xBE, 0xD3 },  // 居
    { 0x5C46, 0x8C, 0xC3 },  // 屆
    { 0x5C47, 0x8C, 0xC4 },  // 屇
    { 0x5C48, 0xC7, 0xFC },  // 屈
    { 0x5C49, 0xCC, 0xEB },  // 屉
    { 0x5C4A, 0xBD, 0xEC },  // 届
    { 0x5C4B, 0xCE, 0xDD },  // 屋
    { 0x5C4C, 0x8C, 0xC5 },  // 屌
    { 0x5C4D, 0x8C, 0xC6 },  // 屍
    { 0x5C4E, 0xCA, 0xBA },  // 屎
    { 0x5C4F, 0xC6, 0xC1 },  // 屏
    { 0x5C50, 0xE5, 0xEC },  // 屐
    { 0x5C51, 0xD0, 0xBC },  // 屑
    { 0x5C52, 0x8C, 0xC7 },  // 屒
    { 0x5C53, 0x8C, 0xC8 },  // 屓
    { 0x5C54, 0x8C, 0xC9 },  // 屔
    { 0x5C55, 0xD5, 0xB9 },  // 展
    { 0x5C56, 0x8C, 0xCA },  // 屖
    { 0x5C57, 0x8C, 0xCB },  // 屗
    { 0x5C58, 0x8C, 0xCC },  // 屘
    { 0x5C59, 0xE5, 0xED },  // 屙
    { 0x5C5A, 0x8C, 0xCD },  // 屚
    { 0x5C5B, 0x8C, 0xCE },  // 屛
    { 0x5C5C, 0x8C, 0xCF },  // 屜
    { 0x5C5D, 0x8C, 0xD0 },  // 屝
    { 0x5C5E, 0xCA, 0xF4 },  // 属
    { 0x5C5F, 0x8C, 0xD1 },  // 屟
    { 0x5C60, 0xCD, 0xC0 },  // 屠
    { 0x5C61, 0xC2, 0xC5 },  // 屡
    { 0x5C62, 0x8C, 0xD2 },  // 屢
    { 0x5C63, 0xE5, 0xEF },  // 屣
    { 0x5C64, 0x8C, 0xD3 },  // 層
    { 0x5C65, 0xC2, 0xC4 },  // 履
    { 0x5C66, 0xE5, 0xF0 },  // 屦
    { 0x5C67, 0x8C, 0xD4 },  // 屧
    { 0x5C68, 0x8C, 0xD5 },  // 屨
    { 0x5C69, 0x8C, 0xD6 },  // 屩
    { 0x5C6A, 0x8C, 0xD7 },  // 屪
    { 0x5C6B, 0x8C, 0xD8 },  // 屫
    { 0x5C6C, 0x8C, 0xD9 },  // 屬
    { 0x5C6D, 0x8C, 0xDA },  // 屭
    { 0x5C6E, 0xE5, 0xF8 },  // 屮
    { 0x5C6F, 0xCD, 0xCD },  // 屯
    { 0x5C70, 0x8C, 0xDB },  // 屰
    { 0x5C71, 0xC9, 0xBD },  // 山
    { 0x5C72, 0x8C, 0xDC },  // 屲
    { 0x5C73, 0x8C, 0xDD },  // 屳
    { 0x5C74, 0x8C, 0xDE },  // 屴
    { 0x5C75, 0x8C, 0xDF },  // 屵
    { 0x5C76, 0x8C, 0xE0 },  // 屶
    { 0x5C77, 0x8C, 0xE1 },  // 屷
    { 0x5C78, 0x8C, 0xE2 },  // 屸
    { 0x5C79, 0xD2, 0xD9 },  // 屹
    { 0x5C7A, 0xE1, 0xA8 },  // 屺
    { 0x5C7B, 0x8C, 0xE3 },  // 屻
    { 0x5C7C, 0x8C, 0xE4 },  // 屼
    { 0x5C7D, 0x8C, 0xE5 },  // 屽
    { 0x5C7E, 0x8C, 0xE6 },  // 屾
    { 0x5C7F, 0xD3, 0xEC },  // 屿
    { 0x5C80, 0x8C, 0xE7 },  // 岀
    { 0x5C81, 0xCB, 0xEA },  // 岁
    { 0x5C82, 0xC6, 0xF1 },  // 岂
    { 0x5C83, 0x8C, 0xE8 },  // 岃
    { 0x5C84, 0x8C, 0xE9 },  // 岄
    { 0x5C85, 0x8C, 0xEA },  // 岅
    { 0x5C86, 0x8C, 0xEB },  // 岆
    { 0x5C87, 0x8C, 0xEC },  // 岇
    { 0x5C88, 0xE1, 0xAC },  // 岈
    { 0x5C89, 0x8C, 0xED },  // 岉
    { 0x5C8A, 0x8C, 0xEE },  // 岊
    { 0x5C8B, 0x8C, 0xEF },  // 岋
    { 0x5C8C, 0xE1, 0xA7 },  // 岌
    { 0x5C8D, 0xE1, 0xA9 },  // 岍
    { 0x5C8E, 0x8C, 0xF0 },  // 岎
    { 0x5C8F, 0x8C, 0xF1 },  // 岏
    { 0x5C90, 0xE1, 0xAA },  // 岐
    { 0x5C91, 0xE1, 0xAF },  // 岑
    { 0x5C92, 0x8C, 0xF2 },  // 岒
    { 0x5C93, 0x8C, 0xF3 },  // 岓
    { 0x5C94, 0xB2, 0xED },  // 岔
    { 0x5C95, 0x8C, 0xF4 },  // 岕
    { 0x5C96, 0xE1, 0xAB },  // 岖
    { 0x5C97, 0xB8, 0xDA },  // 岗
    { 0x5C98, 0xE1, 0xAD },  // 岘
    { 0x5C99, 0xE1, 0xAE },  // 岙
    { 0x5C9A, 0xE1, 0xB0 },  // 岚
    { 0x5C9B, 0xB5, 0xBA },  // 岛
    { 0x5C9C, 0xE1, 0xB1 },  // 岜
    { 0x5C9D, 0x8C, 0xF5 },  // 岝
    { 0x5C9E, 0x8C, 0xF6 },  // 岞
    { 0x5C9F, 0x8C, 0xF7 },  // 岟
    { 0x5CA0, 0x8C, 0xF8 },  // 岠
    { 0x5CA1, 0x8C, 0xF9 },  // 岡
    { 0x5CA2, 0xE1, 0xB3 },  // 岢
    { 0x5CA3, 0xE1, 0xB8 },  // 岣
    { 0x5CA4, 0x8C, 0xFA },  // 岤
    { 0x5CA5, 0x8C, 0xFB },  // 岥
    { 0x5CA6, 0x8C, 0xFC },  // 岦
    { 0x5CA7, 0x8C, 0xFD },  // 岧
    { 0x5CA8, 0x8C, 0xFE },  // 岨
    { 0x5CA9, 0xD1, 0xD2 },  // 岩
    { 0x5CAA, 0x8D, 0x40 },  // 岪
    { 0x5CAB, 0xE1, 0xB6 },  // 岫
    { 0x5CAC, 0xE1, 0xB5 },  // 岬
    { 0x5CAD, 0xC1, 0xEB },  // 岭
    { 0x5CAE, 0x8D, 0x41 },  // 岮
    { 0x5CAF, 0x8D, 0x42 },  // 岯
    { 0x5CB0, 0x8D, 0x43 },  // 岰
    { 0x5CB1, 0xE1, 0xB7 },  // 岱
    { 0x5CB2, 0x8D, 0x44 },  // 岲
    { 0x5CB3, 0xD4, 0xC0 },  // 岳
    { 0x5CB4, 0x8D, 0x45 },  // 岴
    { 0x5CB5, 0xE1, 0xB2 },  // 岵
    { 0x5CB6, 0x8D, 0x46 },  // 岶
    { 0x5CB7, 0xE1, 0xBA },  // 岷
    { 0x5CB8, 0xB0, 0xB6 },  // 岸
    { 0x5CB9, 0x8D, 0x47 },  // 岹
    { 0x5CBA, 0x8D, 0x48 },  // 岺
    { 0x5CBB, 0x8D, 0x49 },  // 岻
    { 0x5CBC, 0x8D, 0x4A },  // 岼
    { 0x5CBD, 0xE1, 0xB4 },  // 岽
    { 0x5CBE, 0x8D, 0x4B },  // 岾
    { 0x5CBF, 0xBF, 0xF9 },  // 岿
    { 0x5CC0, 0x8D, 0x4C },  // 峀
    { 0x5CC1, 0xE1, 0xB9 },  // 峁
    { 0x5CC2, 0x8D, 0x4D },  // 峂
    { 0x5CC3, 0x8D, 0x4E },  // 峃
    { 0x5CC4, 0xE1, 0xBB },  // 峄
    { 0x5CC5, 0x8D, 0x4F },  // 峅
    { 0x5CC6, 0x8D, 0x50 },  // 峆
    { 0x5CC7, 0x8D, 0x51 },  // 峇
    { 0x5CC8, 0x8D, 0x52 },  // 峈
    { 0x5CC9, 0x8D, 0x53 },  // 峉
    { 0x5CCA, 0x8D, 0x54 },  // 峊
    { 0x5CCB, 0xE1, 0xBE },  // 峋
    { 0x5CCC, 0x8D, 0x55 },  // 峌
    { 0x5CCD, 0x8D, 0x56 },  // 峍
    { 0x5CCE, 0x8D, 0x57 },  // 峎
    { 0x5CCF, 0x8D, 0x58 },  // 峏
    { 0x5CD0, 0x8D, 0x59 },  // 峐
    { 0x5CD1, 0x8D, 0x5A },  // 峑
    { 0x5CD2, 0xE1, 0xBC },  // 峒
    { 0x5CD3, 0x8D, 0x5B },  // 峓
    { 0x5CD4, 0x8D, 0x5C },  // 峔
    { 0x5CD5, 0x8D, 0x5D },  // 峕
    { 0x5CD6, 0x8D, 0x5E },  // 峖
    { 0x5CD7, 0x8D, 0x5F },  // 峗
    { 0x5CD8, 0x8D, 0x60 },  // 峘
    { 0x5CD9, 0xD6, 0xC5 },  // 峙
    { 0x5CDA, 0x8D, 0x61 },  // 峚
    { 0x5CDB, 0x8D, 0x62 },  // 峛
    { 0x5CDC, 0x8D, 0x63 },  // 峜
    { 0x5CDD, 0x8D, 0x64 },  // 峝
    { 0x5CDE, 0x8D, 0x65 },  // 峞
    { 0x5CDF, 0x8D, 0x66 },  // 峟
    { 0x5CE0, 0x8D, 0x67 },  // 峠
    { 0x5CE1, 0xCF, 0xBF },  // 峡
    { 0x5CE2, 0x8D, 0x68 },  // 峢
    { 0x5CE3, 0x8D, 0x69 },  // 峣
    { 0x5CE4, 0xE1, 0xBD },  // 峤
    { 0x5CE5, 0xE1, 0xBF },  // 峥
    { 0x5CE6, 0xC2, 0xCD },  // 峦
    { 0x5CE7, 0x8D, 0x6A },  // 峧
    { 0x5CE8, 0xB6, 0xEB },  // 峨
    { 0x5CE9, 0x8D, 0x6B },  // 峩
    { 0x5CEA, 0xD3, 0xF8 },  // 峪
    { 0x5CEB, 0x8D, 0x6C },  // 峫
    { 0x5CEC, 0x8D, 0x6D },  // 峬
    { 0x5CED, 0xC7, 0xCD },  // 峭
    { 0x5CEE, 0x8D, 0x6E },  // 峮
    { 0x5CEF, 0x8D, 0x6F },  // 峯
    { 0x5CF0, 0xB7, 0xE5 },  // 峰
    { 0x5CF1, 0x8D, 0x70 },  // 峱
    { 0x5CF2, 0x8D, 0x71 },  // 峲
    { 0x5CF3, 0x8D, 0x72 },  // 峳
    { 0x5CF4, 0x8D, 0x73 },  // 峴
    { 0x5CF5, 0x8D, 0x74 },  // 峵
    { 0x5CF6, 0x8D, 0x75 },  // 島
    { 0x5CF7, 0x8D, 0x76 },  // 峷
    { 0x5CF8, 0x8D, 0x77 },  // 峸
    { 0x5CF9, 0x8D, 0x78 },  // 峹
    { 0x5CFA, 0x8D, 0x79 },  // 峺
    { 0x5CFB, 0xBE, 0xFE },  // 峻
    { 0x5CFC, 0x8D, 0x7A },  // 峼
    { 0x5CFD, 0x8D, 0x7B },  // 峽
    { 0x5CFE, 0x8D, 0x7C },  // 峾
    { 0x5CFF, 0x8D, 0x7D },  // 峿
    { 0x5D00, 0x8D, 0x7E },  // 崀
    { 0x5D01, 0x8D, 0x80 },  // 崁
    { 0x5D02, 0xE1, 0xC0 },  // 崂
    { 0x5D03, 0xE1, 0xC1 },  // 崃
    { 0x5D04, 0x8D, 0x81 },  // 崄
    { 0x5D05, 0x8D, 0x82 },  // 崅
    { 0x5D06, 0xE1, 0xC7 },  // 崆
    { 0x5D07, 0xB3, 0xE7 },  // 崇
    { 0x5D08, 0x8D, 0x83 },  // 崈
    { 0x5D09, 0x8D, 0x84 },  // 崉
    { 0x5D0A, 0x8D, 0x85 },  // 崊
    { 0x5D0B, 0x8D, 0x86 },  // 崋
    { 0x5D0C, 0x8D, 0x87 },  // 崌
    { 0x5D0D, 0x8D, 0x88 },  // 崍
    { 0x5D0E, 0xC6, 0xE9 },  // 崎
    { 0x5D0F, 0x8D, 0x89 },  // 崏
    { 0x5D10, 0x8D, 0x8A },  // 崐
    { 0x5D11, 0x8D, 0x8B },  // 崑
    { 0x5D12, 0x8D, 0x8C },  // 崒
    { 0x5D13, 0x8D, 0x8D },  // 崓
    { 0x5D14, 0xB4, 0xDE },  // 崔
    { 0x5D15, 0x8D, 0x8E },  // 崕
    { 0x5D16, 0xD1, 0xC2 },  // 崖
    { 0x5D17, 0x8D, 0x8F },  // 崗
    { 0x5D18, 0x8D, 0x90 },  // 崘
    { 0x5D19, 0x8D, 0x91 },  // 崙
    { 0x5D1A, 0x8D, 0x92 },  // 崚
    { 0x5D1B, 0xE1, 0xC8 },  // 崛
    { 0x5D1C, 0x8D, 0x93 },  // 崜
    { 0x5D1D, 0x8D, 0x94 },  // 崝
    { 0x5D1E, 0xE1, 0xC6 },  // 崞
    { 0x5D1F, 0x8D, 0x95 },  // 崟
    { 0x5D20, 0x8D, 0x96 },  // 崠
    { 0x5D21, 0x8D, 0x97 },  // 崡
    { 0x5D22, 0x8D, 0x98 },  // 崢
    { 0x5D23, 0x8D, 0x99 },  // 崣
    { 0x5D24, 0xE1, 0xC5 },  // 崤
    { 0x5D25, 0x8D, 0x9A },  // 崥
    { 0x5D26, 0xE1, 0xC3 },  // 崦
    { 0x5D27, 0xE1, 0xC2 },  // 崧
    { 0x5D28, 0x8D, 0x9B },  // 崨
    { 0x5D29, 0xB1, 0xC0 },  // 崩
    { 0x5D2A, 0x8D, 0x9C },  // 崪
    { 0x5D2B, 0x8D, 0x9D },  // 崫
    { 0x5D2C, 0x8D, 0x9E },  // 崬
    { 0x5D2D, 0xD5, 0xB8 },  // 崭
    { 0x5D2E, 0xE1, 0xC4 },  // 崮
    { 0x5D2F, 0x8D, 0x9F },  // 崯
    { 0x5D30, 0x8D, 0xA0 },  // 崰
    { 0x5D31, 0x8D, 0xA1 },  // 崱
    { 0x5D32, 0x8D, 0xA2 },  // 崲
    { 0x5D33, 0x8D, 0xA3 },  // 崳
    { 0x5D34, 0xE1, 0xCB },  // 崴
    { 0x5D35, 0x8D, 0xA4 },  // 崵
    { 0x5D36, 0x8D, 0xA5 },  // 崶
    { 0x5D37, 0x8D, 0xA6 },  // 崷
    { 0x5D38, 0x8D, 0xA7 },  // 崸
    { 0x5D39, 0x8D, 0xA8 },  // 崹
    { 0x5D3A, 0x8D, 0xA9 },  // 崺
    { 0x5D3B, 0x8D, 0xAA },  // 崻
    { 0x5D3C, 0x8D, 0xAB },  // 崼
    { 0x5D3D, 0xE1, 0xCC },  // 崽
    { 0x5D3E, 0xE1, 0xCA },  // 崾
    { 0x5D3F, 0x8D, 0xAC },  // 崿
    { 0x5D40, 0x8D, 0xAD },  // 嵀
    { 0x5D41, 0x8D, 0xAE },  // 嵁
    { 0x5D42, 0x8D, 0xAF },  // 嵂
    { 0x5D43, 0x8D, 0xB0 },  // 嵃
    { 0x5D44, 0x8D, 0xB1 },  // 嵄
    { 0x5D45, 0x8D, 0xB2 },  // 嵅
    { 0x5D46, 0x8D, 0xB3 },  // 嵆
    { 0x5D47, 0xEF, 0xFA },  // 嵇
    { 0x5D48, 0x8D, 0xB4 },  // 嵈
    { 0x5D49, 0x8D, 0xB5 },  // 嵉
    { 0x5D4A, 0xE1, 0xD3 },  // 嵊
    { 0x5D4B, 0xE1, 0xD2 },  // 嵋
    { 0x5D4C, 0xC7, 0xB6 },  // 嵌
    { 0x5D4D, 0x8D, 0xB6 },  // 嵍
    { 0x5D4E, 0x8D, 0xB7 },  // 嵎
    { 0x5D4F, 0x8D, 0xB8 },  // 嵏
    { 0x5D50, 0x8D, 0xB9 },  // 嵐
    { 0x5D51, 0x8D, 0xBA },  // 嵑
    { 0x5D52, 0x8D, 0xBB },  // 嵒
    { 0x5D53, 0x8D, 0xBC },  // 嵓
    { 0x5D54, 0x8D, 0xBD },  // 嵔
    { 0x5D55, 0x8D, 0xBE },  // 嵕
    { 0x5D56, 0x8D, 0xBF },  // 嵖
    { 0x5D57, 0x8D, 0xC0 },  // 嵗
    { 0x5D58, 0xE1, 0xC9 },  // 嵘
    { 0x5D59, 0x8D, 0xC1 },  // 嵙
    { 0x5D5A, 0x8D, 0xC2 },  // 嵚
    { 0x5D5B, 0xE1, 0xCE },  // 嵛
    { 0x5D5C, 0x8D, 0xC3 },  // 嵜
    { 0x5D5D, 0xE1, 0xD0 },  // 嵝
    { 0x5D5E, 0x8D, 0xC4 },  // 嵞
    { 0x5D5F, 0x8D, 0xC5 },  // 嵟
    { 0x5D60, 0x8D, 0xC6 },  // 嵠
    { 0x5D61, 0x8D, 0xC7 },  // 嵡
    { 0x5D62, 0x8D, 0xC8 },  // 嵢
    { 0x5D63, 0x8D, 0xC9 },  // 嵣
    { 0x5D64, 0x8D, 0xCA },  // 嵤
    { 0x5D65, 0x8D, 0xCB },  // 嵥
    { 0x5D66, 0x8D, 0xCC },  // 嵦
    { 0x5D67, 0x8D, 0xCD },  // 嵧
    { 0x5D68, 0x8D, 0xCE },  // 嵨
    { 0x5D69, 0xE1, 0xD4 },  // 嵩
    { 0x5D6A, 0x8D, 0xCF },  // 嵪
    { 0x5D6B, 0xE1, 0xD1 },  // 嵫
    { 0x5D6C, 0xE1, 0xCD },  // 嵬
    { 0x5D6D, 0x8D, 0xD0 },  // 嵭
    { 0x5D6E, 0x8D, 0xD1 },  // 嵮
    { 0x5D6F, 0xE1, 0xCF },  // 嵯
    { 0x5D70, 0x8D, 0xD2 },  // 嵰
    { 0x5D71, 0x8D, 0xD3 },  // 嵱
    { 0x5D72, 0x8D, 0xD4 },  // 嵲
    { 0x5D73, 0x8D, 0xD5 },  // 嵳
    { 0x5D74, 0xE1, 0xD5 },  // 嵴
    { 0x5D75, 0x8D, 0xD6 },  // 嵵
    { 0x5D76, 0x8D, 0xD7 },  // 嵶
    { 0x5D77, 0x8D, 0xD8 },  // 嵷
    { 0x5D78, 0x8D, 0xD9 },  // 嵸
    { 0x5D79, 0x8D, 0xDA },  // 嵹
    { 0x5D7A, 0x8D, 0xDB },  // 嵺
    { 0x5D7B, 0x8D, 0xDC },  // 嵻
    { 0x5D7C, 0x8D, 0xDD },  // 嵼
    { 0x5D7D, 0x8D, 0xDE },  // 嵽
    { 0x5D7E, 0x8D, 0xDF },  // 嵾
    { 0x5D7F, 0x8D, 0xE0 },  // 嵿
    { 0x5D80, 0x8D, 0xE1 },  // 嶀
    { 0x5D81, 0x8D, 0xE2 },  // 嶁
    { 0x5D82, 0xE1, 0xD6 },  // 嶂
    { 0x5D83, 0x8D, 0xE3 },  // 嶃
    { 0x5D84, 0x8D, 0xE4 },  // 嶄
    { 0x5D85, 0x8D, 0xE5 },  // 嶅
    { 0x5D86, 0x8D, 0xE6 },  // 嶆
    { 0x5D87, 0x8D, 0xE7 },  // 嶇
    { 0x5D88, 0x8D, 0xE8 },  // 嶈
    { 0x5D89, 0x8D, 0xE9 },  // 嶉
    { 0x5D8A, 0x8D, 0xEA },  // 嶊
    { 0x5D8B, 0x8D, 0xEB },  // 嶋
    { 0x5D8C, 0x8D, 0xEC },  // 嶌
    { 0x5D8D, 0x8D, 0xED },  // 嶍
    { 0x5D8E, 0x8D, 0xEE },  // 嶎
    { 0x5D8F, 0x8D, 0xEF },  // 嶏
    { 0x5D90, 0x8D, 0xF0 },  // 嶐
    { 0x5D91, 0x8D, 0xF1 },  // 嶑
    { 0x5D92, 0x8D, 0xF2 },  // 嶒
    { 0x5D93, 0x8D, 0xF3 },  // 嶓
    { 0x5D94, 0x8D, 0xF4 },  // 嶔
    { 0x5D95, 0x8D, 0xF5 },  // 嶕
    { 0x5D96, 0x8D, 0xF6 },  // 嶖
    { 0x5D97, 0x8D, 0xF7 },  // 嶗
    { 0x5D98, 0x8D, 0xF8 },  // 嶘
    { 0x5D99, 0xE1, 0xD7 },  // 嶙
    { 0x5D9A, 0x8D, 0xF9 },  // 嶚
    { 0x5D9B, 0x8D, 0xFA },  // 嶛
    { 0x5D9C, 0x8D, 0xFB },  // 嶜
    { 0x5D9D, 0xE1, 0xD8 },  // 嶝
    { 0x5D9E, 0x8D, 0xFC },  // 嶞
    { 0x5D9F, 0x8D, 0xFD },  // 嶟
    { 0x5DA0, 0x8D, 0xFE },  // 嶠
    { 0x5DA1, 0x8E, 0x40 },  // 嶡
    { 0x5DA2, 0x8E, 0x41 },  // 嶢
    { 0x5DA3, 0x8E, 0x42 },  // 嶣
    { 0x5DA4, 0x8E, 0x43 },  // 嶤
    { 0x5DA5, 0x8E, 0x44 },  // 嶥
    { 0x5DA6, 0x8E, 0x45 },  // 嶦
    { 0x5DA7, 0x8E, 0x46 },  // 嶧
    { 0x5DA8, 0x8E, 0x47 },  // 嶨
    { 0x5DA9, 0x8E, 0x48 },  // 嶩
    { 0x5DAA, 0x8E, 0x49 },  // 嶪
    { 0x5DAB, 0x8E, 0x4A },  // 嶫
    { 0x5DAC, 0x8E, 0x4B },  // 嶬
    { 0x5DAD, 0x8E, 0x4C },  // 嶭
    { 0x5DAE, 0x8E, 0x4D },  // 嶮
    { 0x5DAF, 0x8E, 0x4E },  // 嶯
    { 0x5DB0, 0x8E, 0x4F },  // 嶰
    { 0x5DB1, 0x8E, 0x50 },  // 嶱
    { 0x5DB2, 0x8E, 0x51 },  // 嶲
    { 0x5DB3, 0x8E, 0x52 },  // 嶳
    { 0x5DB4, 0x8E, 0x53 },  // 嶴
    { 0x5DB5, 0x8E, 0x54 },  // 嶵
    { 0x5DB6, 0x8E, 0x55 },  // 嶶
    { 0x5DB7, 0xE1, 0xDA },  // 嶷
    { 0x5DB8, 0x8E, 0x56 },  // 嶸
    { 0x5DB9, 0x8E, 0x57 },  // 嶹
    { 0x5DBA, 0x8E, 0x58 },  // 嶺
    { 0x5DBB, 0x8E, 0x59 },  // 嶻
    { 0x5DBC, 0x8E, 0x5A },  // 嶼
    { 0x5DBD, 0x8E, 0x5B },  // 嶽
    { 0x5DBE, 0x8E, 0x5C },  // 嶾
    { 0x5DBF, 0x8E, 0x5D },  // 嶿
    { 0x5DC0, 0x8E, 0x5E },  // 巀
    { 0x5DC1, 0x8E, 0x5F },  // 巁
    { 0x5DC2, 0x8E, 0x60 },  // 巂
    { 0x5DC3, 0x8E, 0x61 },  // 巃
    { 0x5DC4, 0x8E, 0x62 },  // 巄
    { 0x5DC5, 0xE1, 0xDB },  // 巅
    { 0x5DC6, 0x8E, 0x63 },  // 巆
    { 0x5DC7, 0x8E, 0x64 },  // 巇
    { 0x5DC8, 0x8E, 0x65 },  // 巈
    { 0x5DC9, 0x8E, 0x66 },  // 巉
    { 0x5DCA, 0x8E, 0x67 },  // 巊
    { 0x5DCB, 0x8E, 0x68 },  // 巋
    { 0x5DCC, 0x8E, 0x69 },  // 巌
    { 0x5DCD, 0xCE, 0xA1 },  // 巍
    { 0x5DCE, 0x8E, 0x6A },  // 巎
    { 0x5DCF, 0x8E, 0x6B },  // 巏
    { 0x5DD0, 0x8E, 0x6C },  // 巐
    { 0x5DD1, 0x8E, 0x6D },  // 巑
    { 0x5DD2, 0x8E, 0x6E },  // 巒
    { 0x5DD3, 0x8E, 0x6F },  // 巓
    { 0x5DD4, 0x8E, 0x70 },  // 巔
    { 0x5DD5, 0x8E, 0x71 },  // 巕
    { 0x5DD6, 0x8E, 0x72 },  // 巖
    { 0x5DD7, 0x8E, 0x73 },  // 巗
    { 0x5DD8, 0x8E, 0x74 },  // 巘
    { 0x5DD9, 0x8E, 0x75 },  // 巙
    { 0x5DDA, 0x8E, 0x76 },  // 巚
    { 0x5DDB, 0xE7, 0xDD },  // 巛
    { 0x5DDC, 0x8E, 0x77 },  // 巜
    { 0x5DDD, 0xB4, 0xA8 },  // 川
    { 0x5DDE, 0xD6, 0xDD },  // 州
    { 0x5DDF, 0x8E, 0x78 },  // 巟
    { 0x5DE0, 0x8E, 0x79 },  // 巠
    { 0x5DE1, 0xD1, 0xB2 },  // 巡
    { 0x5DE2, 0xB3, 0xB2 },  // 巢
    { 0x5DE3, 0x8E, 0x7A },  // 巣
    { 0x5DE4, 0x8E, 0x7B },  // 巤
    { 0x5DE5, 0xB9, 0xA4 },  // 工
    { 0x5DE6, 0xD7, 0xF3 },  // 左
    { 0x5DE7, 0xC7, 0xC9 },  // 巧
    { 0x5DE8, 0xBE, 0xDE },  // 巨
    { 0x5DE9, 0xB9, 0xAE },  // 巩
    { 0x5DEA, 0x8E, 0x7C },  // 巪
    { 0x5DEB, 0xCE, 0xD7 },  // 巫
    { 0x5DEC, 0x8E, 0x7D },  // 巬
    { 0x5DED, 0x8E, 0x7E },  // 巭
    { 0x5DEE, 0xB2, 0xEE },  // 差
    { 0x5DEF, 0xDB, 0xCF },  // 巯
    { 0x5DF0, 0x8E, 0x80 },  // 巰
    { 0x5DF1, 0xBC, 0xBA },  // 己
    { 0x5DF2, 0xD2, 0xD1 },  // 已
    { 0x5DF3, 0xCB, 0xC8 },  // 巳
    { 0x5DF4, 0xB0, 0xCD },  // 巴
    { 0x5DF5, 0x8E, 0x81 },  // 巵
    { 0x5DF6, 0x8E, 0x82 },  // 巶
    { 0x5DF7, 0xCF, 0xEF },  // 巷
    { 0x5DF8, 0x8E, 0x83 },  // 巸
    { 0x5DF9, 0x8E, 0x84 },  // 巹
    { 0x5DFA, 0x8E, 0x85 },  // 巺
    { 0x5DFB, 0x8E, 0x86 },  // 巻
    { 0x5DFC, 0x8E, 0x87 },  // 巼
    { 0x5DFD, 0xD9, 0xE3 },  // 巽
    { 0x5DFE, 0xBD, 0xED },  // 巾
    { 0x5DFF, 0x8E, 0x88 },  // 巿
    { 0x5E00, 0x8E, 0x89 },  // 帀
    { 0x5E01, 0xB1, 0xD2 },  // 币
    { 0x5E02, 0xCA, 0xD0 },  // 市
    { 0x5E03, 0xB2, 0xBC },  // 布
    { 0x5E04, 0x8E, 0x8A },  // 帄
    { 0x5E05, 0xCB, 0xA7 },  // 帅
    { 0x5E06, 0xB7, 0xAB },  // 帆
    { 0x5E07, 0x8E, 0x8B },  // 帇
    { 0x5E08, 0xCA, 0xA6 },  // 师
    { 0x5E09, 0x8E, 0x8C },  // 帉
    { 0x5E0A, 0x8E, 0x8D },  // 帊
    { 0x5E0B, 0x8E, 0x8E },  // 帋
    { 0x5E0C, 0xCF, 0xA3 },  // 希
    { 0x5E0D, 0x8E, 0x8F },  // 帍
    { 0x5E0E, 0x8E, 0x90 },  // 帎
    { 0x5E0F, 0xE0, 0xF8 },  // 帏
    { 0x5E10, 0xD5, 0xCA },  // 帐
    { 0x5E11, 0xE0, 0xFB },  // 帑
    { 0x5E12, 0x8E, 0x91 },  // 帒
    { 0x5E13, 0x8E, 0x92 },  // 帓
    { 0x5E14, 0xE0, 0xFA },  // 帔
    { 0x5E15, 0xC5, 0xC1 },  // 帕
    { 0x5E16, 0xCC, 0xFB },  // 帖
    { 0x5E17, 0x8E, 0x93 },  // 帗
    { 0x5E18, 0xC1, 0xB1 },  // 帘
    { 0x5E19, 0xE0, 0xF9 },  // 帙
    { 0x5E1A, 0xD6, 0xE3 },  // 帚
    { 0x5E1B, 0xB2, 0xAF },  // 帛
    { 0x5E1C, 0xD6, 0xC4 },  // 帜
    { 0x5E1D, 0xB5, 0xDB },  // 帝
    { 0x5E1E, 0x8E, 0x94 },  // 帞
    { 0x5E1F, 0x8E, 0x95 },  // 帟
    { 0x5E20, 0x8E, 0x96 },  // 帠
    { 0x5E21, 0x8E, 0x97 },  // 帡
    { 0x5E22, 0x8E, 0x98 },  // 帢
    { 0x5E23, 0x8E, 0x99 },  // 帣
    { 0x5E24, 0x8E, 0x9A },  // 帤
    { 0x5E25, 0x8E, 0x9B },  // 帥
    { 0x5E26, 0xB4, 0xF8 },  // 带
    { 0x5E27, 0xD6, 0xA1 },  // 帧
    { 0x5E28, 0x8E, 0x9C },  // 帨
    { 0x5E29, 0x8E, 0x9D },  // 帩
    { 0x5E2A, 0x8E, 0x9E },  // 帪
    { 0x5E2B, 0x8E, 0x9F },  // 師
    { 0x5E2C, 0x8E, 0xA0 },  // 帬
    { 0x5E2D, 0xCF, 0xAF },  // 席
    { 0x5E2E, 0xB0, 0xEF },  // 帮
    { 0x5E2F, 0x8E, 0xA1 },  // 帯
    { 0x5E30, 0x8E, 0xA2 },  // 帰
    { 0x5E31, 0xE0, 0xFC },  // 帱
    { 0x5E32, 0x8E, 0xA3 },  // 帲
    { 0x5E33, 0x8E, 0xA4 },  // 帳
    { 0x5E34, 0x8E, 0xA5 },  // 帴
    { 0x5E35, 0x8E, 0xA6 },  // 帵
    { 0x5E36, 0x8E, 0xA7 },  // 帶
    { 0x5E37, 0xE1, 0xA1 },  // 帷
    { 0x5E38, 0xB3, 0xA3 },  // 常
    { 0x5E39, 0x8E, 0xA8 },  // 帹
    { 0x5E3A, 0x8E, 0xA9 },  // 帺
    { 0x5E3B, 0xE0, 0xFD },  // 帻
    { 0x5E3C, 0xE0, 0xFE },  // 帼
    { 0x5E3D, 0xC3, 0xB1 },  // 帽
    { 0x5E3E, 0x8E, 0xAA },  // 帾
    { 0x5E3F, 0x8E, 0xAB },  // 帿
    { 0x5E40, 0x8E, 0xAC },  // 幀
    { 0x5E41, 0x8E, 0xAD },  // 幁
    { 0x5E42, 0xC3, 0xDD },  // 幂
    { 0x5E43, 0x8E, 0xAE },  // 幃
    { 0x5E44, 0xE1, 0xA2 },  // 幄
    { 0x5E45, 0xB7, 0xF9 },  // 幅
    { 0x5E46, 0x8E, 0xAF },  // 幆
    { 0x5E47, 0x8E, 0xB0 },  // 幇
    { 0x5E48, 0x8E, 0xB1 },  // 幈
    { 0x5E49, 0x8E, 0xB2 },  // 幉
    { 0x5E4A, 0x8E, 0xB3 },  // 幊
    { 0x5E4B, 0x8E, 0xB4 },  // 幋
    { 0x5E4C, 0xBB, 0xCF },  // 幌
    { 0x5E4D, 0x8E, 0xB5 },  // 幍
    { 0x5E4E, 0x8E, 0xB6 },  // 幎
    { 0x5E4F, 0x8E, 0xB7 },  // 幏
    { 0x5E50, 0x8E, 0xB8 },  // 幐
    { 0x5E51, 0x8E, 0xB9 },  // 幑
    { 0x5E52, 0x8E, 0xBA },  // 幒
    { 0x5E53, 0x8E, 0xBB },  // 幓
    { 0x5E54, 0xE1, 0xA3 },  // 幔
    { 0x5E55, 0xC4, 0xBB },  // 幕
    { 0x5E56, 0x8E, 0xBC },  // 幖
    { 0x5E57, 0x8E, 0xBD },  // 幗
    { 0x5E58, 0x8E, 0xBE },  // 幘
    { 0x5E59, 0x8E, 0xBF },  // 幙
    { 0x5E5A, 0x8E, 0xC0 },  // 幚
    { 0x5E5B, 0xE1, 0xA4 },  // 幛
    { 0x5E5C, 0x8E, 0xC1 },  // 幜
    { 0x5E5D, 0x8E, 0xC2 },  // 幝
    { 0x5E5E, 0xE1, 0xA5 },  // 幞
    { 0x5E5F, 0x8E, 0xC3 },  // 幟
    { 0x5E60, 0x8E, 0xC4 },  // 幠
    { 0x5E61, 0xE1, 0xA6 },  // 幡
    { 0x5E62, 0xB4, 0xB1 },  // 幢
    { 0x5E63, 0x8E, 0xC5 },  // 幣
    { 0x5E64, 0x8E, 0xC6 },  // 幤
    { 0x5E65, 0x8E, 0xC7 },  // 幥
    { 0x5E66, 0x8E, 0xC8 },  // 幦
    { 0x5E67, 0x8E, 0xC9 },  // 幧
    { 0x5E68, 0x8E, 0xCA },  // 幨
    { 0x5E69, 0x8E, 0xCB },  // 幩
    { 0x5E6A, 0x8E, 0xCC },  // 幪
    { 0x5E6B, 0x8E, 0xCD },  // 幫
    { 0x5E6C, 0x8E, 0xCE },  // 幬
    { 0x5E6D, 0x8E, 0xCF },  // 幭
    { 0x5E6E, 0x8E, 0xD0 },  // 幮
    { 0x5E6F, 0x8E, 0xD1 },  // 幯
    { 0x5E70, 0x8E, 0xD2 },  // 幰
    { 0x5E71, 0x8E, 0xD3 },  // 幱
    { 0x5E72, 0xB8, 0xC9 },  // 干
    { 0x5E73, 0xC6, 0xBD },  // 平
    { 0x5E74, 0xC4, 0xEA },  // 年
    { 0x5E75, 0x8E, 0xD4 },  // 幵
    { 0x5E76, 0xB2, 0xA2 },  // 并
    { 0x5E77, 0x8E, 0xD5 },  // 幷
    { 0x5E78, 0xD0, 0xD2 },  // 幸
    { 0x5E79, 0x8E, 0xD6 },  // 幹
    { 0x5E7A, 0xE7, 0xDB },  // 幺
    { 0x5E7B, 0xBB, 0xC3 },  // 幻
    { 0x5E7C, 0xD3, 0xD7 },  // 幼
    { 0x5E7D, 0xD3, 0xC4 },  // 幽
    { 0x5E7E, 0x8E, 0xD7 },  // 幾
    { 0x5E7F, 0xB9, 0xE3 },  // 广
    { 0x5E80, 0xE2, 0xCF },  // 庀
    { 0x5E81, 0x8E, 0xD8 },  // 庁
    { 0x5E82, 0x8E, 0xD9 },  // 庂
    { 0x5E83, 0x8E, 0xDA },  // 広
    { 0x5E84, 0xD7, 0xAF },  // 庄
    { 0x5E85, 0x8E, 0xDB },  // 庅
    { 0x5E86, 0xC7, 0xEC },  // 庆
    { 0x5E87, 0xB1, 0xD3 },  // 庇
    { 0x5E88, 0x8E, 0xDC },  // 庈
    { 0x5E89, 0x8E, 0xDD },  // 庉
    { 0x5E8A, 0xB4, 0xB2 },  // 床
    { 0x5E8B, 0xE2, 0xD1 },  // 庋
    { 0x5E8C, 0x8E, 0xDE },  // 庌
    { 0x5E8D, 0x8E, 0xDF },  // 庍
    { 0x5E8E, 0x8E, 0xE0 },  // 庎
    { 0x5E8F, 0xD0, 0xF2 },  // 序
    { 0x5E90, 0xC2, 0xAE },  // 庐
    { 0x5E91, 0xE2, 0xD0 },  // 庑
    { 0x5E92, 0x8E, 0xE1 },  // 庒
    { 0x5E93, 0xBF, 0xE2 },  // 库
    { 0x5E94, 0xD3, 0xA6 },  // 应
    { 0x5E95, 0xB5, 0xD7 },  // 底
    { 0x5E96, 0xE2, 0xD2 },  // 庖
    { 0x5E97, 0xB5, 0xEA },  // 店
    { 0x5E98, 0x8E, 0xE2 },  // 庘
    { 0x5E99, 0xC3, 0xED },  // 庙
    { 0x5E9A, 0xB8, 0xFD },  // 庚
    { 0x5E9B, 0x8E, 0xE3 },  // 庛
    { 0x5E9C, 0xB8, 0xAE },  // 府
    { 0x5E9D, 0x8E, 0xE4 },  // 庝
    { 0x5E9E, 0xC5, 0xD3 },  // 庞
    { 0x5E9F, 0xB7, 0xCF },  // 废
    { 0x5EA0, 0xE2, 0xD4 },  // 庠
    { 0x5EA1, 0x8E, 0xE5 },  // 庡
    { 0x5EA2, 0x8E, 0xE6 },  // 庢
    { 0x5EA3, 0x8E, 0xE7 },  // 庣
    { 0x5EA4, 0x8E, 0xE8 },  // 庤
    { 0x5EA5, 0xE2, 0xD3 },  // 庥
    { 0x5EA6, 0xB6, 0xC8 },  // 度
    { 0x5EA7, 0xD7, 0xF9 },  // 座
    { 0x5EA8, 0x8E, 0xE9 },  // 庨
    { 0x5EA9, 0x8E, 0xEA },  // 庩
    { 0x5EAA, 0x8E, 0xEB },  // 庪
    { 0x5EAB, 0x8E, 0xEC },  // 庫
    { 0x5EAC, 0x8E, 0xED },  // 庬
    { 0x5EAD, 0xCD, 0xA5 },  // 庭
    { 0x5EAE, 0x8E, 0xEE },  // 庮
    { 0x5EAF, 0x8E, 0xEF },  // 庯
    { 0x5EB0, 0x8E, 0xF0 },  // 庰
    { 0x5EB1, 0x8E, 0xF1 },  // 庱
    { 0x5EB2, 0x8E, 0xF2 },  // 庲
    { 0x5EB3, 0xE2, 0xD8 },  // 庳
    { 0x5EB4, 0x8E, 0xF3 },  // 庴
    { 0x5EB5, 0xE2, 0xD6 },  // 庵
    { 0x5EB6, 0xCA, 0xFC },  // 庶
    { 0x5EB7, 0xBF, 0xB5 },  // 康
    { 0x5EB8, 0xD3, 0xB9 },  // 庸
    { 0x5EB9, 0xE2, 0xD5 },  // 庹
    { 0x5EBA, 0x8E, 0xF4 },  // 庺
    { 0x5EBB, 0x8E, 0xF5 },  // 庻
    { 0x5EBC, 0x8E, 0xF6 },  // 庼
    { 0x5EBD, 0x8E, 0xF7 },  // 庽
    { 0x5EBE, 0xE2, 0xD7 },  // 庾
    { 0x5EBF, 0x8E, 0xF8 },  // 庿
    { 0x5EC0, 0x8E, 0xF9 },  // 廀
    { 0x5EC1, 0x8E, 0xFA },  // 廁
    { 0x5EC2, 0x8E, 0xFB },  // 廂
    { 0x5EC3, 0x8E, 0xFC },  // 廃
    { 0x5EC4, 0x8E, 0xFD },  // 廄
    { 0x5EC5, 0x8E, 0xFE },  // 廅
    { 0x5EC6, 0x8F, 0x40 },  // 廆
    { 0x5EC7, 0x8F, 0x41 },  // 廇
    { 0x5EC8, 0x8F, 0x42 },  // 廈
    { 0x5EC9, 0xC1, 0xAE },  // 廉
    { 0x5ECA, 0xC0, 0xC8 },  // 廊
    { 0x5ECB, 0x8F, 0x43 },  // 廋
    { 0x5ECC, 0x8F, 0x44 },  // 廌
    { 0x5ECD, 0x8F, 0x45 },  // 廍
    { 0x5ECE, 0x8F, 0x46 },  // 廎
    { 0x5ECF, 0x8F, 0x47 },  // 廏
    { 0x5ED0, 0x8F, 0x48 },  // 廐
    { 0x5ED1, 0xE2, 0xDB },  // 廑
    { 0x5ED2, 0xE2, 0xDA },  // 廒
    { 0x5ED3, 0xC0, 0xAA },  // 廓
    { 0x5ED4, 0x8F, 0x49 },  // 廔
    { 0x5ED5, 0x8F, 0x4A },  // 廕
    { 0x5ED6, 0xC1, 0xCE },  // 廖
    { 0x5ED7, 0x8F, 0x4B },  // 廗
    { 0x5ED8, 0x8F, 0x4C },  // 廘
    { 0x5ED9, 0x8F, 0x4D },  // 廙
    { 0x5EDA, 0x8F, 0x4E },  // 廚
    { 0x5EDB, 0xE2, 0xDC },  // 廛
    { 0x5EDC, 0x8F, 0x4F },  // 廜
    { 0x5EDD, 0x8F, 0x50 },  // 廝
    { 0x5EDE, 0x8F, 0x51 },  // 廞
    { 0x5EDF, 0x8F, 0x52 },  // 廟
    { 0x5EE0, 0x8F, 0x53 },  // 廠
    { 0x5EE1, 0x8F, 0x54 },  // 廡
    { 0x5EE2, 0x8F, 0x55 },  // 廢
    { 0x5EE3, 0x8F, 0x56 },  // 廣
    { 0x5EE4, 0x8F, 0x57 },  // 廤
    { 0x5EE5, 0x8F, 0x58 },  // 廥
    { 0x5EE6, 0x8F, 0x59 },  // 廦
    { 0x5EE7, 0x8F, 0x5A },  // 廧
    { 0x5EE8, 0xE2, 0xDD },  // 廨
    { 0x5EE9, 0x8F, 0x5B },  // 廩
    { 0x5EEA, 0xE2, 0xDE },  // 廪
    { 0x5EEB, 0x8F, 0x5C },  // 廫
    { 0x5EEC, 0x8F, 0x5D },  // 廬
    { 0x5EED, 0x8F, 0x5E },  // 廭
    { 0x5EEE, 0x8F, 0x5F },  // 廮
    { 0x5EEF, 0x8F, 0x60 },  // 廯
    { 0x5EF0, 0x8F, 0x61 },  // 廰
    { 0x5EF1, 0x8F, 0x62 },  // 廱
    { 0x5EF2, 0x8F, 0x63 },  // 廲
    { 0x5EF3, 0x8F, 0x64 },  // 廳
    { 0x5EF4, 0xDB, 0xC8 },  // 廴
    { 0x5EF5, 0x8F, 0x65 },  // 廵
    { 0x5EF6, 0xD1, 0xD3 },  // 延
    { 0x5EF7, 0xCD, 0xA2 },  // 廷
    { 0x5EF8, 0x8F, 0x66 },  // 廸
    { 0x5EF9, 0x8F, 0x67 },  // 廹
    { 0x5EFA, 0xBD, 0xA8 },  // 建
    { 0x5EFB, 0x8F, 0x68 },  // 廻
    { 0x5EFC, 0x8F, 0x69 },  // 廼
    { 0x5EFD, 0x8F, 0x6A },  // 廽
    { 0x5EFE, 0xDE, 0xC3 },  // 廾
    { 0x5EFF, 0xD8, 0xA5 },  // 廿
    { 0x5F00, 0xBF, 0xAA },  // 开
    { 0x5F01, 0xDB, 0xCD },  // 弁
    { 0x5F02, 0xD2, 0xEC },  // 异
    { 0x5F03, 0xC6, 0xFA },  // 弃
    { 0x5F04, 0xC5, 0xAA },  // 弄
    { 0x5F05, 0x8F, 0x6B },  // 弅
    { 0x5F06, 0x8F, 0x6C },  // 弆
    { 0x5F07, 0x8F, 0x6D },  // 弇
    { 0x5F08, 0xDE, 0xC4 },  // 弈
    { 0x5F09, 0x8F, 0x6E },  // 弉
    { 0x5F0A, 0xB1, 0xD7 },  // 弊
    { 0x5F0B, 0xDF, 0xAE },  // 弋
    { 0x5F0C, 0x8F, 0x6F },  // 弌
    { 0x5F0D, 0x8F, 0x70 },  // 弍
    { 0x5F0E, 0x8F, 0x71 },  // 弎
    { 0x5F0F, 0xCA, 0xBD },  // 式
    { 0x5F10, 0x8F, 0x72 },  // 弐
    { 0x5F11, 0xDF, 0xB1 },  // 弑
    { 0x5F12, 0x8F, 0x73 },  // 弒
    { 0x5F13, 0xB9, 0xAD },  // 弓
    { 0x5F14, 0x8F, 0x74 },  // 弔
    { 0x5F15, 0xD2, 0xFD },  // 引
    { 0x5F16, 0x8F, 0x75 },  // 弖
    { 0x5F17, 0xB8, 0xA5 },  // 弗
    { 0x5F18, 0xBA, 0xEB },  // 弘
    { 0x5F19, 0x8F, 0x76 },  // 弙
    { 0x5F1A, 0x8F, 0x77 },  // 弚
    { 0x5F1B, 0xB3, 0xDA },  // 弛
    { 0x5F1C, 0x8F, 0x78 },  // 弜
    { 0x5F1D, 0x8F, 0x79 },  // 弝
    { 0x5F1E, 0x8F, 0x7A },  // 弞
    { 0x5F1F, 0xB5, 0xDC },  // 弟
    { 0x5F20, 0xD5, 0xC5 },  // 张
    { 0x5F21, 0x8F, 0x7B },  // 弡
    { 0x5F22, 0x8F, 0x7C },  // 弢
    { 0x5F23, 0x8F, 0x7D },  // 弣
    { 0x5F24, 0x8F, 0x7E },  // 弤
    { 0x5F25, 0xC3, 0xD6 },  // 弥
    { 0x5F26, 0xCF, 0xD2 },  // 弦
    { 0x5F27, 0xBB, 0xA1 },  // 弧
    { 0x5F28, 0x8F, 0x80 },  // 弨
    { 0x5F29, 0xE5, 0xF3 },  // 弩
    { 0x5F2A, 0xE5, 0xF2 },  // 弪
    { 0x5F2B, 0x8F, 0x81 },  // 弫
    { 0x5F2C, 0x8F, 0x82 },  // 弬
    { 0x5F2D, 0xE5, 0xF4 },  // 弭
    { 0x5F2E, 0x8F, 0x83 },  // 弮
    { 0x5F2F, 0xCD, 0xE4 },  // 弯
    { 0x5F30, 0x8F, 0x84 },  // 弰
    { 0x5F31, 0xC8, 0xF5 },  // 弱
    { 0x5F32, 0x8F, 0x85 },  // 弲
    { 0x5F33, 0x8F, 0x86 },  // 弳
    { 0x5F34, 0x8F, 0x87 },  // 弴
    { 0x5F35, 0x8F, 0x88 },  // 張
    { 0x5F36, 0x8F, 0x89 },  // 弶
    { 0x5F37, 0x8F, 0x8A },  // 強
    { 0x5F38, 0x8F, 0x8B },  // 弸
    { 0x5F39, 0xB5, 0xAF },  // 弹
    { 0x5F3A, 0xC7, 0xBF },  // 强
    { 0x5F3B, 0x8F, 0x8C },  // 弻
    { 0x5F3C, 0xE5, 0xF6 },  // 弼
    { 0x5F3D, 0x8F, 0x8D },  // 弽
    { 0x5F3E, 0x8F, 0x8E },  // 弾
    { 0x5F3F, 0x8F, 0x8F },  // 弿
    { 0x5F40, 0xEC, 0xB0 },  // 彀
    { 0x5F41, 0x8F, 0x90 },  // 彁
    { 0x5F42, 0x8F, 0x91 },  // 彂
    { 0x5F43, 0x8F, 0x92 },  // 彃
    { 0x5F44, 0x8F, 0x93 },  // 彄
    { 0x5F45, 0x8F, 0x94 },  // 彅
    { 0x5F46, 0x8F, 0x95 },  // 彆
    { 0x5F47, 0x8F, 0x96 },  // 彇
    { 0x5F48, 0x8F, 0x97 },  // 彈
    { 0x5F49, 0x8F, 0x98 },  // 彉
    { 0x5F4A, 0x8F, 0x99 },  // 彊
    { 0x5F4B, 0x8F, 0x9A },  // 彋
    { 0x5F4C, 0x8F, 0x9B },  // 彌
    { 0x5F4D, 0x8F, 0x9C },  // 彍
    { 0x5F4E, 0x8F, 0x9D },  // 彎
    { 0x5F4F, 0x8F, 0x9E },  // 彏
    { 0x5F50, 0xE5, 0xE6 },  // 彐
    { 0x5F51, 0x8F, 0x9F },  // 彑
    { 0x5F52, 0xB9, 0xE9 },  // 归
    { 0x5F53, 0xB5, 0xB1 },  // 当
    { 0x5F54, 0x8F, 0xA0 },  // 彔
    { 0x5F55, 0xC2, 0xBC },  // 录
    { 0x5F56, 0xE5, 0xE8 },  // 彖
    { 0x5F57, 0xE5, 0xE7 },  // 彗
    { 0x5F58, 0xE5, 0xE9 },  // 彘
    { 0x5F59, 0x8F, 0xA1 },  // 彙
    { 0x5F5A, 0x8F, 0xA2 },  // 彚
    { 0x5F5B, 0x8F, 0xA3 },  // 彛
    { 0x5F5C, 0x8F, 0xA4 },  // 彜
    { 0x5F5D, 0xD2, 0xCD },  // 彝
    { 0x5F5E, 0x8F, 0xA5 },  // 彞
    { 0x5F5F, 0x8F, 0xA6 },  // 彟
    { 0x5F60, 0x8F, 0xA7 },  // 彠
    { 0x5F61, 0xE1, 0xEA },  // 彡
    { 0x5F62, 0xD0, 0xCE },  // 形
    { 0x5F63, 0x8F, 0xA8 },  // 彣
    { 0x5F64, 0xCD, 0xAE },  // 彤
    { 0x5F65, 0x8F, 0xA9 },  // 彥
    { 0x5F66, 0xD1, 0xE5 },  // 彦
    { 0x5F67, 0x8F, 0xAA },  // 彧
    { 0x5F68, 0x8F, 0xAB },  // 彨
    { 0x5F69, 0xB2, 0xCA },  // 彩
    { 0x5F6A, 0xB1, 0xEB },  // 彪
    { 0x5F6B, 0x8F, 0xAC },  // 彫
    { 0x5F6C, 0xB1, 0xF2 },  // 彬
    { 0x5F6D, 0xC5, 0xED },  // 彭
    { 0x5F6E, 0x8F, 0xAD },  // 彮
    { 0x5F6F, 0x8F, 0xAE },  // 彯
    { 0x5F70, 0xD5, 0xC3 },  // 彰
    { 0x5F71, 0xD3, 0xB0 },  // 影
    { 0x5F72, 0x8F, 0xAF },  // 彲
    { 0x5F73, 0xE1, 0xDC },  // 彳
    { 0x5F74, 0x8F, 0xB0 },  // 彴
    { 0x5F75, 0x8F, 0xB1 },  // 彵
    { 0x5F76, 0x8F, 0xB2 },  // 彶
    { 0x5F77, 0xE1, 0xDD },  // 彷
    { 0x5F78, 0x8F, 0xB3 },  // 彸
    { 0x5F79, 0xD2, 0xDB },  // 役
    { 0x5F7A, 0x8F, 0xB4 },  // 彺
    { 0x5F7B, 0xB3, 0xB9 },  // 彻
    { 0x5F7C, 0xB1, 0xCB },  // 彼
    { 0x5F7D, 0x8F, 0xB5 },  // 彽
    { 0x5F7E, 0x8F, 0xB6 },  // 彾
    { 0x5F7F, 0x8F, 0xB7 },  // 彿
    { 0x5F80, 0xCD, 0xF9 },  // 往
    { 0x5F81, 0xD5, 0xF7 },  // 征
    { 0x5F82, 0xE1, 0xDE },  // 徂
    { 0x5F83, 0x8F, 0xB8 },  // 徃
    { 0x5F84, 0xBE, 0xB6 },  // 径
    { 0x5F85, 0xB4, 0xFD },  // 待
    { 0x5F86, 0x8F, 0xB9 },  // 徆
    { 0x5F87, 0xE1, 0xDF },  // 徇
    { 0x5F88, 0xBA, 0xDC },  // 很
    { 0x5F89, 0xE1, 0xE0 },  // 徉
    { 0x5F8A, 0xBB, 0xB2 },  // 徊
    { 0x5F8B, 0xC2, 0xC9 },  // 律
    { 0x5F8C, 0xE1, 0xE1 },  // 後
    { 0x5F8D, 0x8F, 0xBA },  // 徍
    { 0x5F8E, 0x8F, 0xBB },  // 徎
    { 0x5F8F, 0x8F, 0xBC },  // 徏
    { 0x5F90, 0xD0, 0xEC },  // 徐
    { 0x5F91, 0x8F, 0xBD },  // 徑
    { 0x5F92, 0xCD, 0xBD },  // 徒
    { 0x5F93, 0x8F, 0xBE },  // 従
    { 0x5F94, 0x8F, 0xBF },  // 徔
    { 0x5F95, 0xE1, 0xE2 },  // 徕
    { 0x5F96, 0x8F, 0xC0 },  // 徖
    { 0x5F97, 0xB5, 0xC3 },  // 得
    { 0x5F98, 0xC5, 0xC7 },  // 徘
    { 0x5F99, 0xE1, 0xE3 },  // 徙
    { 0x5F9A, 0x8F, 0xC1 },  // 徚
    { 0x5F9B, 0x8F, 0xC2 },  // 徛
    { 0x5F9C, 0xE1, 0xE4 },  // 徜
    { 0x5F9D, 0x8F, 0xC3 },  // 徝
    { 0x5F9E, 0x8F, 0xC4 },  // 從
    { 0x5F9F, 0x8F, 0xC5 },  // 徟
    { 0x5FA0, 0x8F, 0xC6 },  // 徠
    { 0x5FA1, 0xD3, 0xF9 },  // 御
    { 0x5FA2, 0x8F, 0xC7 },  // 徢
    { 0x5FA3, 0x8F, 0xC8 },  // 徣
    { 0x5FA4, 0x8F, 0xC9 },  // 徤
    { 0x5FA5, 0x8F, 0xCA },  // 徥
    { 0x5FA6, 0x8F, 0xCB },  // 徦
    { 0x5FA7, 0x8F, 0xCC },  // 徧
    { 0x5FA8, 0xE1, 0xE5 },  // 徨
    { 0x5FA9, 0x8F, 0xCD },  // 復
    { 0x5FAA, 0xD1, 0xAD },  // 循
    { 0x5FAB, 0x8F, 0xCE },  // 徫
    { 0x5FAC, 0x8F, 0xCF },  // 徬
    { 0x5FAD, 0xE1, 0xE6 },  // 徭
    { 0x5FAE, 0xCE, 0xA2 },  // 微
    { 0x5FAF, 0x8F, 0xD0 },  // 徯
    { 0x5FB0, 0x8F, 0xD1 },  // 徰
    { 0x5FB1, 0x8F, 0xD2 },  // 徱
    { 0x5FB2, 0x8F, 0xD3 },  // 徲
    { 0x5FB3, 0x8F, 0xD4 },  // 徳
    { 0x5FB4, 0x8F, 0xD5 },  // 徴
    { 0x5FB5, 0xE1, 0xE7 },  // 徵
    { 0x5FB6, 0x8F, 0xD6 },  // 徶
    { 0x5FB7, 0xB5, 0xC2 },  // 德
    { 0x5FB8, 0x8F, 0xD7 },  // 徸
    { 0x5FB9, 0x8F, 0xD8 },  // 徹
    { 0x5FBA, 0x8F, 0xD9 },  // 徺
    { 0x5FBB, 0x8F, 0xDA },  // 徻
    { 0x5FBC, 0xE1, 0xE8 },  // 徼
    { 0x5FBD, 0xBB, 0xD5 },  // 徽
    { 0x5FBE, 0x8F, 0xDB },  // 徾
    { 0x5FBF, 0x8F, 0xDC },  // 徿
    { 0x5FC0, 0x8F, 0xDD },  // 忀
    { 0x5FC1, 0x8F, 0xDE },  // 忁
    { 0x5FC2, 0x8F, 0xDF },  // 忂
    { 0x5FC3, 0xD0, 0xC4 },  // 心
    { 0x5FC4, 0xE2, 0xE0 },  // 忄
    { 0x5FC5, 0xB1, 0xD8 },  // 必
    { 0x5FC6, 0xD2, 0xE4 },  // 忆
    { 0x5FC7, 0x8F, 0xE0 },  // 忇
    { 0x5FC8, 0x8F, 0xE1 },  // 忈
    { 0x5FC9, 0xE2, 0xE1 },  // 忉
    { 0x5FCA, 0x8F, 0xE2 },  // 忊
    { 0x5FCB, 0x8F, 0xE3 },  // 忋
    { 0x5FCC, 0xBC, 0xC9 },  // 忌
    { 0x5FCD, 0xC8, 0xCC },  // 忍
    { 0x5FCE, 0x8F, 0xE4 },  // 忎
    { 0x5FCF, 0xE2, 0xE3 },  // 忏
    { 0x5FD0, 0xEC, 0xFE },  // 忐
    { 0x5FD1, 0xEC, 0xFD },  // 忑
    { 0x5FD2, 0xDF, 0xAF },  // 忒
    { 0x5FD3, 0x8F, 0xE5 },  // 忓
    { 0x5FD4, 0x8F, 0xE6 },  // 忔
    { 0x5FD5, 0x8F, 0xE7 },  // 忕
    { 0x5FD6, 0xE2, 0xE2 },  // 忖
    { 0x5FD7, 0xD6, 0xBE },  // 志
    { 0x5FD8, 0xCD, 0xFC },  // 忘
    { 0x5FD9, 0xC3, 0xA6 },  // 忙
    { 0x5FDA, 0x8F, 0xE8 },  // 忚
    { 0x5FDB, 0x8F, 0xE9 },  // 忛
    { 0x5FDC, 0x8F, 0xEA },  // 応
    { 0x5FDD, 0xE3, 0xC3 },  // 忝
    { 0x5FDE, 0x8F, 0xEB },  // 忞
    { 0x5FDF, 0x8F, 0xEC },  // 忟
    { 0x5FE0, 0xD6, 0xD2 },  // 忠
    { 0x5FE1, 0xE2, 0xE7 },  // 忡
    { 0x5FE2, 0x8F, 0xED },  // 忢
    { 0x5FE3, 0x8F, 0xEE },  // 忣
    { 0x5FE4, 0xE2, 0xE8 },  // 忤
    { 0x5FE5, 0x8F, 0xEF },  // 忥
    { 0x5FE6, 0x8F, 0xF0 },  // 忦
    { 0x5FE7, 0xD3, 0xC7 },  // 忧
    { 0x5FE8, 0x8F, 0xF1 },  // 忨
    { 0x5FE9, 0x8F, 0xF2 },  // 忩
    { 0x5FEA, 0xE2, 0xEC },  // 忪
    { 0x5FEB, 0xBF, 0xEC },  // 快
    { 0x5FEC, 0x8F, 0xF3 },  // 忬
    { 0x5FED, 0xE2, 0xED },  // 忭
    { 0x5FEE, 0xE2, 0xE5 },  // 忮
    { 0x5FEF, 0x8F, 0xF4 },  // 忯
    { 0x5FF0, 0x8F, 0xF5 },  // 忰
    { 0x5FF1, 0xB3, 0xC0 },  // 忱
    { 0x5FF2, 0x8F, 0xF6 },  // 忲
    { 0x5FF3, 0x8F, 0xF7 },  // 忳
    { 0x5FF4, 0x8F, 0xF8 },  // 忴
    { 0x5FF5, 0xC4, 0xEE },  // 念
    { 0x5FF6, 0x8F, 0xF9 },  // 忶
    { 0x5FF7, 0x8F, 0xFA },  // 忷
    { 0x5FF8, 0xE2, 0xEE },  // 忸
    { 0x5FF9, 0x8F, 0xFB },  // 忹
    { 0x5FFA, 0x8F, 0xFC },  // 忺
    { 0x5FFB, 0xD0, 0xC3 },  // 忻
    { 0x5FFC, 0x8F, 0xFD },  // 忼
    { 0x5FFD, 0xBA, 0xF6 },  // 忽
    { 0x5FFE, 0xE2, 0xE9 },  // 忾
    { 0x5FFF, 0xB7, 0xDE },  // 忿
    { 0x6000, 0xBB, 0xB3 },  // 怀
    { 0x6001, 0xCC, 0xAC },  // 态
    { 0x6002, 0xCB, 0xCB },  // 怂
    { 0x6003, 0xE2, 0xE4 },  // 怃
    { 0x6004, 0xE2, 0xE6 },  // 怄
    { 0x6005, 0xE2, 0xEA },  // 怅
    { 0x6006, 0xE2, 0xEB },  // 怆
    { 0x6007, 0x8F, 0xFE },  // 怇
    { 0x6008, 0x90, 0x40 },  // 怈
    { 0x6009, 0x90, 0x41 },  // 怉
    { 0x600A, 0xE2, 0xF7 },  // 怊
    { 0x600B, 0x90, 0x42 },  // 怋
    { 0x600C, 0x90, 0x43 },  // 怌
    { 0x600D, 0xE2, 0xF4 },  // 怍
    { 0x600E, 0xD4, 0xF5 },  // 怎
    { 0x600F, 0xE2, 0xF3 },  // 怏
    { 0x6010, 0x90, 0x44 },  // 怐
    { 0x6011, 0x90, 0x45 },  // 怑
    { 0x6012, 0xC5, 0xAD },  // 怒
    { 0x6013, 0x90, 0x46 },  // 怓
    { 0x6014, 0xD5, 0xFA },  // 怔
    { 0x6015, 0xC5, 0xC2 },  // 怕
    { 0x6016, 0xB2, 0xC0 },  // 怖
    { 0x6017, 0x90, 0x47 },  // 怗
    { 0x6018, 0x90, 0x48 },  // 怘
    { 0x6019, 0xE2, 0xEF },  // 怙
    { 0x601A, 0x90, 0x49 },  // 怚
    { 0x601B, 0xE2, 0xF2 },  // 怛
    { 0x601C, 0xC1, 0xAF },  // 怜
    { 0x601D, 0xCB, 0xBC },  // 思
    { 0x601E, 0x90, 0x4A },  // 怞
    { 0x601F, 0x90, 0x4B },  // 怟
    { 0x6020, 0xB5, 0xA1 },  // 怠
    { 0x6021, 0xE2, 0xF9 },  // 怡
    { 0x6022, 0x90, 0x4C },  // 怢
    { 0x6023, 0x90, 0x4D },  // 怣
    { 0x6024, 0x90, 0x4E },  // 怤
    { 0x6025, 0xBC, 0xB1 },  // 急
    { 0x6026, 0xE2, 0xF1 },  // 怦
    { 0x6027, 0xD0, 0xD4 },  // 性
    { 0x6028, 0xD4, 0xB9 },  // 怨
    { 0x6029, 0xE2, 0xF5 },  // 怩
    { 0x602A, 0xB9, 0xD6 },  // 怪
    { 0x602B, 0xE2, 0xF6 },  // 怫
    { 0x602C, 0x90, 0x4F },  // 怬
    { 0x602D, 0x90, 0x50 },  // 怭
    { 0x602E, 0x90, 0x51 },  // 怮
    { 0x602F, 0xC7, 0xD3 },  // 怯
    { 0x6030, 0x90, 0x52 },  // 怰
    { 0x6031, 0x90, 0x53 },  // 怱
    { 0x6032, 0x90, 0x54 },  // 怲
    { 0x6033, 0x90, 0x55 },  // 怳
    { 0x6034, 0x90, 0x56 },  // 怴
    { 0x6035, 0xE2, 0xF0 },  // 怵
    { 0x6036, 0x90, 0x57 },  // 怶
    { 0x6037, 0x90, 0x58 },  // 怷
    { 0x6038, 0x90, 0x59 },  // 怸
    { 0x6039, 0x90, 0x5A },  // 怹
    { 0x603A, 0x90, 0x5B },  // 怺
    { 0x603B, 0xD7, 0xDC },  // 总
    { 0x603C, 0xED, 0xA1 },  // 怼
    { 0x603D, 0x90, 0x5C },  // 怽
    { 0x603E, 0x90, 0x5D },  // 怾
    { 0x603F, 0xE2, 0xF8 },  // 怿
    { 0x6040, 0x90, 0x5E },  // 恀
    { 0x6041, 0xED, 0xA5 },  // 恁
    { 0x6042, 0xE2, 0xFE },  // 恂
    { 0x6043, 0xCA, 0xD1 },  // 恃
    { 0x6044, 0x90, 0x5F },  // 恄
    { 0x6045, 0x90, 0x60 },  // 恅
    { 0x6046, 0x90, 0x61 },  // 恆
    { 0x6047, 0x90, 0x62 },  // 恇
    { 0x6048, 0x90, 0x63 },  // 恈
    { 0x6049, 0x90, 0x64 },  // 恉
    { 0x604A, 0x90, 0x65 },  // 恊
    { 0x604B, 0xC1, 0xB5 },  // 恋
    { 0x604C, 0x90, 0x66 },  // 恌
    { 0x604D, 0xBB, 0xD0 },  // 恍
    { 0x604E, 0x90, 0x67 },  // 恎
    { 0x604F, 0x90, 0x68 },  // 恏
    { 0x6050, 0xBF, 0xD6 },  // 恐
    { 0x6051, 0x90, 0x69 },  // 恑
    { 0x6052, 0xBA, 0xE3 },  // 恒
    { 0x6053, 0x90, 0x6A },  // 恓
    { 0x6054, 0x90, 0x6B },  // 恔
    { 0x6055, 0xCB, 0xA1 },  // 恕
    { 0x6056, 0x90, 0x6C },  // 恖
    { 0x6057, 0x90, 0x6D },  // 恗
    { 0x6058, 0x90, 0x6E },  // 恘
    { 0x6059, 0xED, 0xA6 },  // 恙
    { 0x605A, 0xED, 0xA3 },  // 恚
    { 0x605B, 0x90, 0x6F },  // 恛
    { 0x605C, 0x90, 0x70 },  // 恜
    { 0x605D, 0xED, 0xA2 },  // 恝
    { 0x605E, 0x90, 0x71 },  // 恞
    { 0x605F, 0x90, 0x72 },  // 恟
    { 0x6060, 0x90, 0x73 },  // 恠
    { 0x6061, 0x90, 0x74 },  // 恡
    { 0x6062, 0xBB, 0xD6 },  // 恢
    { 0x6063, 0xED, 0xA7 },  // 恣
    { 0x6064, 0xD0, 0xF4 },  // 恤
    { 0x6065, 0x90, 0x75 },  // 恥
    { 0x6066, 0x90, 0x76 },  // 恦
    { 0x6067, 0xED, 0xA4 },  // 恧
    { 0x6068, 0xBA, 0xDE },  // 恨
    { 0x6069, 0xB6, 0xF7 },  // 恩
    { 0x606A, 0xE3, 0xA1 },  // 恪
    { 0x606B, 0xB6, 0xB2 },  // 恫
    { 0x606C, 0xCC, 0xF1 },  // 恬
    { 0x606D, 0xB9, 0xA7 },  // 恭
    { 0x606E, 0x90, 0x77 },  // 恮
    { 0x606F, 0xCF, 0xA2 },  // 息
    { 0x6070, 0xC7, 0xA1 },  // 恰
    { 0x6071, 0x90, 0x78 },  // 恱
    { 0x6072, 0x90, 0x79 },  // 恲
    { 0x6073, 0xBF, 0xD2 },  // 恳
    { 0x6074, 0x90, 0x7A },  // 恴
    { 0x6075, 0x90, 0x7B },  // 恵
    { 0x6076, 0xB6, 0xF1 },  // 恶
    { 0x6077, 0x90, 0x7C },  // 恷
    { 0x6078, 0xE2, 0xFA },  // 恸
    { 0x6079, 0xE2, 0xFB },  // 恹
    { 0x607A, 0xE2, 0xFD },  // 恺
    { 0x607B, 0xE2, 0xFC },  // 恻
    { 0x607C, 0xC4, 0xD5 },  // 恼
    { 0x607D, 0xE3, 0xA2 },  // 恽
    { 0x607E, 0x90, 0x7D },  // 恾
    { 0x607F, 0xD3, 0xC1 },  // 恿
    { 0x6080, 0x90, 0x7E },  // 悀
    { 0x6081, 0x90, 0x80 },  // 悁
    { 0x6082, 0x90, 0x81 },  // 悂
    { 0x6083, 0xE3, 0xA7 },  // 悃
    { 0x6084, 0xC7, 0xC4 },  // 悄
    { 0x6085, 0x90, 0x82 },  // 悅
    { 0x6086, 0x90, 0x83 },  // 悆
    { 0x6087, 0x90, 0x84 },  // 悇
    { 0x6088, 0x90, 0x85 },  // 悈
    { 0x6089, 0xCF, 0xA4 },  // 悉
    { 0x608A, 0x90, 0x86 },  // 悊
    { 0x608B, 0x90, 0x87 },  // 悋
    { 0x608C, 0xE3, 0xA9 },  // 悌
    { 0x608D, 0xBA, 0xB7 },  // 悍
    { 0x608E, 0x90, 0x88 },  // 悎
    { 0x608F, 0x90, 0x89 },  // 悏
    { 0x6090, 0x90, 0x8A },  // 悐
    { 0x6091, 0x90, 0x8B },  // 悑
    { 0x6092, 0xE3, 0xA8 },  // 悒
    { 0x6093, 0x90, 0x8C },  // 悓
    { 0x6094, 0xBB, 0xDA },  // 悔
    { 0x6095, 0x90, 0x8D },  // 悕
    { 0x6096, 0xE3, 0xA3 },  // 悖
    { 0x6097, 0x90, 0x8E },  // 悗
    { 0x6098, 0x90, 0x8F },  // 悘
    { 0x6099, 0x90, 0x90 },  // 悙
    { 0x609A, 0xE3, 0xA4 },  // 悚
    { 0x609B, 0xE3, 0xAA },  // 悛
    { 0x609C, 0x90, 0x91 },  // 悜
    { 0x609D, 0xE3, 0xA6 },  // 悝
    { 0x609E, 0x90, 0x92 },  // 悞
    { 0x609F, 0xCE, 0xF2 },  // 悟
    { 0x60A0, 0xD3, 0xC6 },  // 悠
    { 0x60A1, 0x90, 0x93 },  // 悡
    { 0x60A2, 0x90, 0x94 },  // 悢
    { 0x60A3, 0xBB, 0xBC },  // 患
    { 0x60A4, 0x90, 0x95 },  // 悤
    { 0x60A5, 0x90, 0x96 },  // 悥
    { 0x60A6, 0xD4, 0xC3 },  // 悦
    { 0x60A7, 0x90, 0x97 },  // 悧
    { 0x60A8, 0xC4, 0xFA },  // 您
    { 0x60A9, 0x90, 0x98 },  // 悩
    { 0x60AA, 0x90, 0x99 },  // 悪
    { 0x60AB, 0xED, 0xA8 },  // 悫
    { 0x60AC, 0xD0, 0xFC },  // 悬
    { 0x60AD, 0xE3, 0xA5 },  // 悭
    { 0x60AE, 0x90, 0x9A },  // 悮
    { 0x60AF, 0xC3, 0xF5 },  // 悯
    { 0x60B0, 0x90, 0x9B },  // 悰
    { 0x60B1, 0xE3, 0xAD },  // 悱
    { 0x60B2, 0xB1, 0xAF },  // 悲
    { 0x60B3, 0x90, 0x9C },  // 悳
    { 0x60B4, 0xE3, 0xB2 },  // 悴
    { 0x60B5, 0x90, 0x9D },  // 悵
    { 0x60B6, 0x90, 0x9E },  // 悶
    { 0x60B7, 0x90, 0x9F },  // 悷
    { 0x60B8, 0xBC, 0xC2 },  // 悸
    { 0x60B9, 0x90, 0xA0 },  // 悹
    { 0x60BA, 0x90, 0xA1 },  // 悺
    { 0x60BB, 0xE3, 0xAC },  // 悻
    { 0x60BC, 0xB5, 0xBF },  // 悼
    { 0x60BD, 0x90, 0xA2 },  // 悽
    { 0x60BE, 0x90, 0xA3 },  // 悾
    { 0x60BF, 0x90, 0xA4 },  // 悿
    { 0x60C0, 0x90, 0xA5 },  // 惀
    { 0x60C1, 0x90, 0xA6 },  // 惁
    { 0x60C2, 0x90, 0xA7 },  // 惂
    { 0x60C3, 0x90, 0xA8 },  // 惃
    { 0x60C4, 0x90, 0xA9 },  // 惄
    { 0x60C5, 0xC7, 0xE9 },  // 情
    { 0x60C6, 0xE3, 0xB0 },  // 惆
    { 0x60C7, 0x90, 0xAA },  // 惇
    { 0x60C8, 0x90, 0xAB },  // 惈
    { 0x60C9, 0x90, 0xAC },  // 惉
    { 0x60CA, 0xBE, 0xAA },  // 惊
    { 0x60CB, 0xCD, 0xEF },  // 惋
    { 0x60CC, 0x90, 0xAD },  // 惌
    { 0x60CD, 0x90, 0xAE },  // 惍
    { 0x60CE, 0x90, 0xAF },  // 惎
    { 0x60CF, 0x90, 0xB0 },  // 惏
    { 0x60D0, 0x90, 0xB1 },  // 惐
    { 0x60D1, 0xBB, 0xF3 },  // 惑
    { 0x60D2, 0x90, 0xB2 },  // 惒
    { 0x60D3, 0x90, 0xB3 },  // 惓
    { 0x60D4, 0x90, 0xB4 },  // 惔
    { 0x60D5, 0xCC, 0xE8 },  // 惕
    { 0x60D6, 0x90, 0xB5 },  // 惖
    { 0x60D7, 0x90, 0xB6 },  // 惗
    { 0x60D8, 0xE3, 0xAF },  // 惘
    { 0x60D9, 0x90, 0xB7 },  // 惙
    { 0x60DA, 0xE3, 0xB1 },  // 惚
    { 0x60DB, 0x90, 0xB8 },  // 惛
    { 0x60DC, 0xCF, 0xA7 },  // 惜
    { 0x60DD, 0xE3, 0xAE },  // 惝
    { 0x60DE, 0x90, 0xB9 },  // 惞
    { 0x60DF, 0xCE, 0xA9 },  // 惟
    { 0x60E0, 0xBB, 0xDD },  // 惠
    { 0x60E1, 0x90, 0xBA },  // 惡
    { 0x60E2, 0x90, 0xBB },  // 惢
    { 0x60E3, 0x90, 0xBC },  // 惣
    { 0x60E4, 0x90, 0xBD },  // 惤
    { 0x60E5, 0x90, 0xBE },  // 惥
    { 0x60E6, 0xB5, 0xEB },  // 惦
    { 0x60E7, 0xBE, 0xE5 },  // 惧
    { 0x60E8, 0xB2, 0xD2 },  // 惨
    { 0x60E9, 0xB3, 0xCD },  // 惩
    { 0x60EA, 0x90, 0xBF },  // 惪
    { 0x60EB, 0xB1, 0xB9 },  // 惫
    { 0x60EC, 0xE3, 0xAB },  // 惬
    { 0x60ED, 0xB2, 0xD1 },  // 惭
    { 0x60EE, 0xB5, 0xAC },  // 惮
    { 0x60EF, 0xB9, 0xDF },  // 惯
    { 0x60F0, 0xB6, 0xE8 },  // 惰
    { 0x60F1, 0x90, 0xC0 },  // 惱
    { 0x60F2, 0x90, 0xC1 },  // 惲
    { 0x60F3, 0xCF, 0xEB },  // 想
    { 0x60F4, 0xE3, 0xB7 },  // 惴
    { 0x60F5, 0x90, 0xC2 },  // 惵
    { 0x60F6, 0xBB, 0xCC },  // 惶
    { 0x60F7, 0x90, 0xC3 },  // 惷
    { 0x60F8, 0x90, 0xC4 },  // 惸
    { 0x60F9, 0xC8, 0xC7 },  // 惹
    { 0x60FA, 0xD0, 0xCA },  // 惺
    { 0x60FB, 0x90, 0xC5 },  // 惻
    { 0x60FC, 0x90, 0xC6 },  // 惼
    { 0x60FD, 0x90, 0xC7 },  // 惽
    { 0x60FE, 0x90, 0xC8 },  // 惾
    { 0x60FF, 0x90, 0xC9 },  // 惿
    { 0x6100, 0xE3, 0xB8 },  // 愀
    { 0x6101, 0xB3, 0xEE },  // 愁
    { 0x6102, 0x90, 0xCA },  // 愂
    { 0x6103, 0x90, 0xCB },  // 愃
    { 0x6104, 0x90, 0xCC },  // 愄
    { 0x6105, 0x90, 0xCD },  // 愅
    { 0x6106, 0xED, 0xA9 },  // 愆
    { 0x6107, 0x90, 0xCE },  // 愇
    { 0x6108, 0xD3, 0xFA },  // 愈
    { 0x6109, 0xD3, 0xE4 },  // 愉
    { 0x610A, 0x90, 0xCF },  // 愊
    { 0x610B, 0x90, 0xD0 },  // 愋
    { 0x610C, 0x90, 0xD1 },  // 愌
    { 0x610D, 0xED, 0xAA },  // 愍
    { 0x610E, 0xE3, 0xB9 },  // 愎
    { 0x610F, 0xD2, 0xE2 },  // 意
    { 0x6110, 0x90, 0xD2 },  // 愐
    { 0x6111, 0x90, 0xD3 },  // 愑
    { 0x6112, 0x90, 0xD4 },  // 愒
    { 0x6113, 0x90, 0xD5 },  // 愓
    { 0x6114, 0x90, 0xD6 },  // 愔
    { 0x6115, 0xE3, 0xB5 },  // 愕
    { 0x6116, 0x90, 0xD7 },  // 愖
    { 0x6117, 0x90, 0xD8 },  // 愗
    { 0x6118, 0x90, 0xD9 },  // 愘
    { 0x6119, 0x90, 0xDA },  // 愙
    { 0x611A, 0xD3, 0xDE },  // 愚
    { 0x611B, 0x90, 0xDB },  // 愛
    { 0x611C, 0x90, 0xDC },  // 愜
    { 0x611D, 0x90, 0xDD },  // 愝
    { 0x611E, 0x90, 0xDE },  // 愞
    { 0x611F, 0xB8, 0xD0 },  // 感
    { 0x6120, 0xE3, 0xB3 },  // 愠
    { 0x6121, 0x90, 0xDF },  // 愡
    { 0x6122, 0x90, 0xE0 },  // 愢
    { 0x6123, 0xE3, 0xB6 },  // 愣
    { 0x6124, 0xB7, 0xDF },  // 愤
    { 0x6125, 0x90, 0xE1 },  // 愥
    { 0x6126, 0xE3, 0xB4 },  // 愦
    { 0x6127, 0xC0, 0xA2 },  // 愧
    { 0x6128, 0x90, 0xE2 },  // 愨
    { 0x6129, 0x90, 0xE3 },  // 愩
    { 0x612A, 0x90, 0xE4 },  // 愪
    { 0x612B, 0xE3, 0xBA },  // 愫
    { 0x612C, 0x90, 0xE5 },  // 愬
    { 0x612D, 0x90, 0xE6 },  // 愭
    { 0x612E, 0x90, 0xE7 },  // 愮
    { 0x612F, 0x90, 0xE8 },  // 愯
    { 0x6130, 0x90, 0xE9 },  // 愰
    { 0x6131, 0x90, 0xEA },  // 愱
    { 0x6132, 0x90, 0xEB },  // 愲
    { 0x6133, 0x90, 0xEC },  // 愳
    { 0x6134, 0x90, 0xED },  // 愴
    { 0x6135, 0x90, 0xEE },  // 愵
    { 0x6136, 0x90, 0xEF },  // 愶
    { 0x6137, 0x90, 0xF0 },  // 愷
    { 0x6138, 0x90, 0xF1 },  // 愸
    { 0x6139, 0x90, 0xF2 },  // 愹
    { 0x613A, 0x90, 0xF3 },  // 愺
    { 0x613B, 0x90, 0xF4 },  // 愻
    { 0x613C, 0x90, 0xF5 },  // 愼
    { 0x613D, 0x90, 0xF6 },  // 愽
    { 0x613E, 0x90, 0xF7 },  // 愾
    { 0x613F, 0xD4, 0xB8 },  // 愿
    { 0x6140, 0x90, 0xF8 },  // 慀
    { 0x6141, 0x90, 0xF9 },  // 慁
    { 0x6142, 0x90, 0xFA },  // 慂
    { 0x6143, 0x90, 0xFB },  // 慃
    { 0x6144, 0x90, 0xFC },  // 慄
    { 0x6145, 0x90, 0xFD },  // 慅
    { 0x6146, 0x90, 0xFE },  // 慆
    { 0x6147, 0x91, 0x40 },  // 慇
    { 0x6148, 0xB4, 0xC8 },  // 慈
    { 0x6149, 0x91, 0x41 },  // 慉
    { 0x614A, 0xE3, 0xBB },  // 慊
    { 0x614B, 0x91, 0x42 },  // 態
    { 0x614C, 0xBB, 0xC5 },  // 慌
    { 0x614D, 0x91, 0x43 },  // 慍
    { 0x614E, 0xC9, 0xF7 },  // 慎
    { 0x614F, 0x91, 0x44 },  // 慏
    { 0x6150, 0x91, 0x45 },  // 慐
    { 0x6151, 0xC9, 0xE5 },  // 慑
    { 0x6152, 0x91, 0x46 },  // 慒
    { 0x6153, 0x91, 0x47 },  // 慓
    { 0x6154, 0x91, 0x48 },  // 慔
    { 0x6155, 0xC4, 0xBD },  // 慕
    { 0x6156, 0x91, 0x49 },  // 慖
    { 0x6157, 0x91, 0x4A },  // 慗
    { 0x6158, 0x91, 0x4B },  // 慘
    { 0x6159, 0x91, 0x4C },  // 慙
    { 0x615A, 0x91, 0x4D },  // 慚
    { 0x615B, 0x91, 0x4E },  // 慛
    { 0x615C, 0x91, 0x4F },  // 慜
    { 0x615D, 0xED, 0xAB },  // 慝
    { 0x615E, 0x91, 0x50 },  // 慞
    { 0x615F, 0x91, 0x51 },  // 慟
    { 0x6160, 0x91, 0x52 },  // 慠
    { 0x6161, 0x91, 0x53 },  // 慡
    { 0x6162, 0xC2, 0xFD },  // 慢
    { 0x6163, 0x91, 0x54 },  // 慣
    { 0x6164, 0x91, 0x55 },  // 慤
    { 0x6165, 0x91, 0x56 },  // 慥
    { 0x6166, 0x91, 0x57 },  // 慦
    { 0x6167, 0xBB, 0xDB },  // 慧
    { 0x6168, 0xBF, 0xAE },  // 慨
    { 0x6169, 0x91, 0x58 },  // 慩
    { 0x616A, 0x91, 0x59 },  // 慪
    { 0x616B, 0x91, 0x5A },  // 慫
    { 0x616C, 0x91, 0x5B },  // 慬
    { 0x616D, 0x91, 0x5C },  // 慭
    { 0x616E, 0x91, 0x5D },  // 慮
    { 0x616F, 0x91, 0x5E },  // 慯
    { 0x6170, 0xCE, 0xBF },  // 慰
    { 0x6171, 0x91, 0x5F },  // 慱
    { 0x6172, 0x91, 0x60 },  // 慲
    { 0x6173, 0x91, 0x61 },  // 慳
    { 0x6174, 0x91, 0x62 },  // 慴
    { 0x6175, 0xE3, 0xBC },  // 慵
    { 0x6176, 0x91, 0x63 },  // 慶
    { 0x6177, 0xBF, 0xB6 },  // 慷
    { 0x6178, 0x91, 0x64 },  // 慸
    { 0x6179, 0x91, 0x65 },  // 慹
    { 0x617A, 0x91, 0x66 },  // 慺
    { 0x617B, 0x91, 0x67 },  // 慻
    { 0x617C, 0x91, 0x68 },  // 慼
    { 0x617D, 0x91, 0x69 },  // 慽
    { 0x617E, 0x91, 0x6A },  // 慾
    { 0x617F, 0x91, 0x6B },  // 慿
    { 0x6180, 0x91, 0x6C },  // 憀
    { 0x6181, 0x91, 0x6D },  // 憁
    { 0x6182, 0x91, 0x6E },  // 憂
    { 0x6183, 0x91, 0x6F },  // 憃
    { 0x6184, 0x91, 0x70 },  // 憄
    { 0x6185, 0x91, 0x71 },  // 憅
    { 0x6186, 0x91, 0x72 },  // 憆
    { 0x6187, 0x91, 0x73 },  // 憇
    { 0x6188, 0x91, 0x74 },  // 憈
    { 0x6189, 0x91, 0x75 },  // 憉
    { 0x618A, 0x91, 0x76 },  // 憊
    { 0x618B, 0xB1, 0xEF },  // 憋
    { 0x618C, 0x91, 0x77 },  // 憌
    { 0x618D, 0x91, 0x78 },  // 憍
    { 0x618E, 0xD4, 0xF7 },  // 憎
    { 0x618F, 0x91, 0x79 },  // 憏
    { 0x6190, 0x91, 0x7A },  // 憐
    { 0x6191, 0x91, 0x7B },  // 憑
    { 0x6192, 0x91, 0x7C },  // 憒
    { 0x6193, 0x91, 0x7D },  // 憓
    { 0x6194, 0xE3, 0xBE },  // 憔
    { 0x6195, 0x91, 0x7E },  // 憕
    { 0x6196, 0x91, 0x80 },  // 憖
    { 0x6197, 0x91, 0x81 },  // 憗
    { 0x6198, 0x91, 0x82 },  // 憘
    { 0x6199, 0x91, 0x83 },  // 憙
    { 0x619A, 0x91, 0x84 },  // 憚
    { 0x619B, 0x91, 0x85 },  // 憛
    { 0x619C, 0x91, 0x86 },  // 憜
    { 0x619D, 0xED, 0xAD },  // 憝
    { 0x619E, 0x91, 0x87 },  // 憞
    { 0x619F, 0x91, 0x88 },  // 憟
    { 0x61A0, 0x91, 0x89 },  // 憠
    { 0x61A1, 0x91, 0x8A },  // 憡
    { 0x61A2, 0x91, 0x8B },  // 憢
    { 0x61A3, 0x91, 0x8C },  // 憣
    { 0x61A4, 0x91, 0x8D },  // 憤
    { 0x61A5, 0x91, 0x8E },  // 憥
    { 0x61A6, 0x91, 0x8F },  // 憦
    { 0x61A7, 0xE3, 0xBF },  // 憧
    { 0x61A8, 0xBA, 0xA9 },  // 憨
    { 0x61A9, 0xED, 0xAC },  // 憩
    { 0x61AA, 0x91, 0x90 },  // 憪
    { 0x61AB, 0x91, 0x91 },  // 憫
    { 0x61AC, 0xE3, 0xBD },  // 憬
    { 0x61AD, 0x91, 0x92 },  // 憭
    { 0x61AE, 0x91, 0x93 },  // 憮
    { 0x61AF, 0x91, 0x94 },  // 憯
    { 0x61B0, 0x91, 0x95 },  // 憰
    { 0x61B1, 0x91, 0x96 },  // 憱
    { 0x61B2, 0x91, 0x97 },  // 憲
    { 0x61B3, 0x91, 0x98 },  // 憳
    { 0x61B4, 0x91, 0x99 },  // 憴
    { 0x61B5, 0x91, 0x9A },  // 憵
    { 0x61B6, 0x91, 0x9B },  // 憶
    { 0x61B7, 0xE3, 0xC0 },  // 憷
    { 0x61B8, 0x91, 0x9C },  // 憸
    { 0x61B9, 0x91, 0x9D },  // 憹
    { 0x61BA, 0x91, 0x9E },  // 憺
    { 0x61BB, 0x91, 0x9F },  // 憻
    { 0x61BC, 0x91, 0xA0 },  // 憼
    { 0x61BD, 0x91, 0xA1 },  // 憽
    { 0x61BE, 0xBA, 0xB6 },  // 憾
    { 0x61BF, 0x91, 0xA2 },  // 憿
    { 0x61C0, 0x91, 0xA3 },  // 懀
    { 0x61C1, 0x91, 0xA4 },  // 懁
    { 0x61C2, 0xB6, 0xAE },  // 懂
    { 0x61C3, 0x91, 0xA5 },  // 懃
    { 0x61C4, 0x91, 0xA6 },  // 懄
    { 0x61C5, 0x91, 0xA7 },  // 懅
    { 0x61C6, 0x91, 0xA8 },  // 懆
    { 0x61C7, 0x91, 0xA9 },  // 懇
    { 0x61C8, 0xD0, 0xB8 },  // 懈
    { 0x61C9, 0x91, 0xAA },  // 應
    { 0x61CA, 0xB0, 0xC3 },  // 懊
    { 0x61CB, 0xED, 0xAE },  // 懋
    { 0x61CC, 0x91, 0xAB },  // 懌
    { 0x61CD, 0x91, 0xAC },  // 懍
    { 0x61CE, 0x91, 0xAD },  // 懎
    { 0x61CF, 0x91, 0xAE },  // 懏
    { 0x61D0, 0x91, 0xAF },  // 懐
    { 0x61D1, 0xED, 0xAF },  // 懑
    { 0x61D2, 0xC0, 0xC1 },  // 懒
    { 0x61D3, 0x91, 0xB0 },  // 懓
    { 0x61D4, 0xE3, 0xC1 },  // 懔
    { 0x61D5, 0x91, 0xB1 },  // 懕
    { 0x61D6, 0x91, 0xB2 },  // 懖
    { 0x61D7, 0x91, 0xB3 },  // 懗
    { 0x61D8, 0x91, 0xB4 },  // 懘
    { 0x61D9, 0x91, 0xB5 },  // 懙
    { 0x61DA, 0x91, 0xB6 },  // 懚
    { 0x61DB, 0x91, 0xB7 },  // 懛
    { 0x61DC, 0x91, 0xB8 },  // 懜
    { 0x61DD, 0x91, 0xB9 },  // 懝
    { 0x61DE, 0x91, 0xBA },  // 懞
    { 0x61DF, 0x91, 0xBB },  // 懟
    { 0x61E0, 0x91, 0xBC },  // 懠
    { 0x61E1, 0x91, 0xBD },  // 懡
    { 0x61E2, 0x91, 0xBE },  // 懢
    { 0x61E3, 0x91, 0xBF },  // 懣
    { 0x61E4, 0x91, 0xC0 },  // 懤
    { 0x61E5, 0x91, 0xC1 },  // 懥
    { 0x61E6, 0xC5, 0xB3 },  // 懦
    { 0x61E7, 0x91, 0xC2 },  // 懧
    { 0x61E8, 0x91, 0xC3 },  // 懨
    { 0x61E9, 0x91, 0xC4 },  // 懩
    { 0x61EA, 0x91, 0xC5 },  // 懪
    { 0x61EB, 0x91, 0xC6 },  // 懫
    { 0x61EC, 0x91, 0xC7 },  // 懬
    { 0x61ED, 0x91, 0xC8 },  // 懭
    { 0x61EE, 0x91, 0xC9 },  // 懮
    { 0x61EF, 0x91, 0xCA },  // 懯
    { 0x61F0, 0x91, 0xCB },  // 懰
    { 0x61F1, 0x91, 0xCC },  // 懱
    { 0x61F2, 0x91, 0xCD },  // 懲
    { 0x61F3, 0x91, 0xCE },  // 懳
    { 0x61F4, 0x91, 0xCF },  // 懴
    { 0x61F5, 0xE3, 0xC2 },  // 懵
    { 0x61F6, 0x91, 0xD0 },  // 懶
    { 0x61F7, 0x91, 0xD1 },  // 懷
    { 0x61F8, 0x91, 0xD2 },  // 懸
    { 0x61F9, 0x91, 0xD3 },  // 懹
    { 0x61FA, 0x91, 0xD4 },  // 懺
    { 0x61FB, 0x91, 0xD5 },  // 懻
    { 0x61FC, 0x91, 0xD6 },  // 懼
    { 0x61FD, 0x91, 0xD7 },  // 懽
    { 0x61FE, 0x91, 0xD8 },  // 懾
    { 0x61FF, 0xDC, 0xB2 },  // 懿
    { 0x6200, 0x91, 0xD9 },  // 戀
    { 0x6201, 0x91, 0xDA },  // 戁
    { 0x6202, 0x91, 0xDB },  // 戂
    { 0x6203, 0x91, 0xDC },  // 戃
    { 0x6204, 0x91, 0xDD },  // 戄
    { 0x6205, 0x91, 0xDE },  // 戅
    { 0x6206, 0xED, 0xB0 },  // 戆
    { 0x6207, 0x91, 0xDF },  // 戇
    { 0x6208, 0xB8, 0xEA },  // 戈
    { 0x6209, 0x91, 0xE0 },  // 戉
    { 0x620A, 0xCE, 0xEC },  // 戊
    { 0x620B, 0xEA, 0xA7 },  // 戋
    { 0x620C, 0xD0, 0xE7 },  // 戌
    { 0x620D, 0xCA, 0xF9 },  // 戍
    { 0x620E, 0xC8, 0xD6 },  // 戎
    { 0x620F, 0xCF, 0xB7 },  // 戏
    { 0x6210, 0xB3, 0xC9 },  // 成
    { 0x6211, 0xCE, 0xD2 },  // 我
    { 0x6212, 0xBD, 0xE4 },  // 戒
    { 0x6213, 0x91, 0xE1 },  // 戓
    { 0x6214, 0x91, 0xE2 },  // 戔
    { 0x6215, 0xE3, 0xDE },  // 戕
    { 0x6216, 0xBB, 0xF2 },  // 或
    { 0x6217, 0xEA, 0xA8 },  // 戗
    { 0x6218, 0xD5, 0xBD },  // 战
    { 0x6219, 0x91, 0xE3 },  // 戙
    { 0x621A, 0xC6, 0xDD },  // 戚
    { 0x621B, 0xEA, 0xA9 },  // 戛
    { 0x621C, 0x91, 0xE4 },  // 戜
    { 0x621D, 0x91, 0xE5 },  // 戝
    { 0x621E, 0x91, 0xE6 },  // 戞
    { 0x621F, 0xEA, 0xAA },  // 戟
    { 0x6220, 0x91, 0xE7 },  // 戠
    { 0x6221, 0xEA, 0xAC },  // 戡
    { 0x6222, 0xEA, 0xAB },  // 戢
    { 0x6223, 0x91, 0xE8 },  // 戣
    { 0x6224, 0xEA, 0xAE },  // 戤
    { 0x6225, 0xEA, 0xAD },  // 戥
    { 0x6226, 0x91, 0xE9 },  // 戦
    { 0x6227, 0x91, 0xEA },  // 戧
    { 0x6228, 0x91, 0xEB },  // 戨
    { 0x6229, 0x91, 0xEC },  // 戩
    { 0x622A, 0xBD, 0xD8 },  // 截
    { 0x622B, 0x91, 0xED },  // 戫
    { 0x622C, 0xEA, 0xAF },  // 戬
    { 0x622D, 0x91, 0xEE },  // 戭
    { 0x622E, 0xC2, 0xBE },  // 戮
    { 0x622F, 0x91, 0xEF },  // 戯
    { 0x6230, 0x91, 0xF0 },  // 戰
    { 0x6231, 0x91, 0xF1 },  // 戱
    { 0x6232, 0x91, 0xF2 },  // 戲
    { 0x6233, 0xB4, 0xC1 },  // 戳
    { 0x6234, 0xB4, 0xF7 },  // 戴
    { 0x6235, 0x91, 0xF3 },  // 戵
    { 0x6236, 0x91, 0xF4 },  // 戶
    { 0x6237, 0xBB, 0xA7 },  // 户
    { 0x6238, 0x91, 0xF5 },  // 戸
    { 0x6239, 0x91, 0xF6 },  // 戹
    { 0x623A, 0x91, 0xF7 },  // 戺
    { 0x623B, 0x91, 0xF8 },  // 戻
    { 0x623C, 0x91, 0xF9 },  // 戼
    { 0x623D, 0xEC, 0xE6 },  // 戽
    { 0x623E, 0xEC, 0xE5 },  // 戾
    { 0x623F, 0xB7, 0xBF },  // 房
    { 0x6240, 0xCB, 0xF9 },  // 所
    { 0x6241, 0xB1, 0xE2 },  // 扁
    { 0x6242, 0x91, 0xFA },  // 扂
    { 0x6243, 0xEC, 0xE7 },  // 扃
    { 0x6244, 0x91, 0xFB },  // 扄
    { 0x6245, 0x91, 0xFC },  // 扅
    { 0x6246, 0x91, 0xFD },  // 扆
    { 0x6247, 0xC9, 0xC8 },  // 扇
    { 0x6248, 0xEC, 0xE8 },  // 扈
    { 0x6249, 0xEC, 0xE9 },  // 扉
    { 0x624A, 0x91, 0xFE },  // 扊
    { 0x624B, 0xCA, 0xD6 },  // 手
    { 0x624C, 0xDE, 0xD0 },  // 扌
    { 0x624D, 0xB2, 0xC5 },  // 才
    { 0x624E, 0xD4, 0xFA },  // 扎
    { 0x624F, 0x92, 0x40 },  // 扏
    { 0x6250, 0x92, 0x41 },  // 扐
    { 0x6251, 0xC6, 0xCB },  // 扑
    { 0x6252, 0xB0, 0xC7 },  // 扒
    { 0x6253, 0xB4, 0xF2 },  // 打
    { 0x6254, 0xC8, 0xD3 },  // 扔
    { 0x6255, 0x92, 0x42 },  // 払
    { 0x6256, 0x92, 0x43 },  // 扖
    { 0x6257, 0x92, 0x44 },  // 扗
    { 0x6258, 0xCD, 0xD0 },  // 托
    { 0x6259, 0x92, 0x45 },  // 扙
    { 0x625A, 0x92, 0x46 },  // 扚
    { 0x625B, 0xBF, 0xB8 },  // 扛
    { 0x625C, 0x92, 0x47 },  // 扜
    { 0x625D, 0x92, 0x48 },  // 扝
    { 0x625E, 0x92, 0x49 },  // 扞
    { 0x625F, 0x92, 0x4A },  // 扟
    { 0x6260, 0x92, 0x4B },  // 扠
    { 0x6261, 0x92, 0x4C },  // 扡
    { 0x6262, 0x92, 0x4D },  // 扢
    { 0x6263, 0xBF, 0xDB },  // 扣
    { 0x6264, 0x92, 0x4E },  // 扤
    { 0x6265, 0x92, 0x4F },  // 扥
    { 0x6266, 0xC7, 0xA4 },  // 扦
    { 0x6267, 0xD6, 0xB4 },  // 执
    { 0x6268, 0x92, 0x50 },  // 扨
    { 0x6269, 0xC0, 0xA9 },  // 扩
    { 0x626A, 0xDE, 0xD1 },  // 扪
    { 0x626B, 0xC9, 0xA8 },  // 扫
    { 0x626C, 0xD1, 0xEF },  // 扬
    { 0x626D, 0xC5, 0xA4 },  // 扭
    { 0x626E, 0xB0, 0xE7 },  // 扮
    { 0x626F, 0xB3, 0xB6 },  // 扯
    { 0x6270, 0xC8, 0xC5 },  // 扰
    { 0x6271, 0x92, 0x51 },  // 扱
    { 0x6272, 0x92, 0x52 },  // 扲
    { 0x6273, 0xB0, 0xE2 },  // 扳
    { 0x6274, 0x92, 0x53 },  // 扴
    { 0x6275, 0x92, 0x54 },  // 扵
    { 0x6276, 0xB7, 0xF6 },  // 扶
    { 0x6277, 0x92, 0x55 },  // 扷
    { 0x6278, 0x92, 0x56 },  // 扸
    { 0x6279, 0xC5, 0xFA },  // 批
    { 0x627A, 0x92, 0x57 },  // 扺
    { 0x627B, 0x92, 0x58 },  // 扻
    { 0x627C, 0xB6, 0xF3 },  // 扼
    { 0x627D, 0x92, 0x59 },  // 扽
    { 0x627E, 0xD5, 0xD2 },  // 找
    { 0x627F, 0xB3, 0xD0 },  // 承
    { 0x6280, 0xBC, 0xBC },  // 技
    { 0x6281, 0x92, 0x5A },  // 抁
    { 0x6282, 0x92, 0x5B },  // 抂
    { 0x6283, 0x92, 0x5C },  // 抃
    { 0x6284, 0xB3, 0xAD },  // 抄
    { 0x6285, 0x92, 0x5D },  // 抅
    { 0x6286, 0x92, 0x5E },  // 抆
    { 0x6287, 0x92, 0x5F },  // 抇
    { 0x6288, 0x92, 0x60 },  // 抈
    { 0x6289, 0xBE, 0xF1 },  // 抉
    { 0x628A, 0xB0, 0xD1 },  // 把
    { 0x628B, 0x92, 0x61 },  // 抋
    { 0x628C, 0x92, 0x62 },  // 抌
    { 0x628D, 0x92, 0x63 },  // 抍
    { 0x628E, 0x92, 0x64 },  // 抎
    { 0x628F, 0x92, 0x65 },  // 抏
    { 0x6290, 0x92, 0x66 },  // 抐
    { 0x6291, 0xD2, 0xD6 },  // 抑
    { 0x6292, 0xCA, 0xE3 },  // 抒
    { 0x6293, 0xD7, 0xA5 },  // 抓
    { 0x6294, 0x92, 0x67 },  // 抔
    { 0x6295, 0xCD, 0xB6 },  // 投
    { 0x6296, 0xB6, 0xB6 },  // 抖
    { 0x6297, 0xBF, 0xB9 },  // 抗
    { 0x6298, 0xD5, 0xDB },  // 折
    { 0x6299, 0x92, 0x68 },  // 抙
    { 0x629A, 0xB8, 0xA7 },  // 抚
    { 0x629B, 0xC5, 0xD7 },  // 抛
    { 0x629C, 0x92, 0x69 },  // 抜
    { 0x629D, 0x92, 0x6A },  // 抝
    { 0x629E, 0x92, 0x6B },  // 択
    { 0x629F, 0xDE, 0xD2 },  // 抟
    { 0x62A0, 0xBF, 0xD9 },  // 抠
    { 0x62A1, 0xC2, 0xD5 },  // 抡
    { 0x62A2, 0xC7, 0xC0 },  // 抢
    { 0x62A3, 0x92, 0x6C },  // 抣
    { 0x62A4, 0xBB, 0xA4 },  // 护
    { 0x62A5, 0xB1, 0xA8 },  // 报
    { 0x62A6, 0x92, 0x6D },  // 抦
    { 0x62A7, 0x92, 0x6E },  // 抧
    { 0x62A8, 0xC5, 0xEA },  // 抨
    { 0x62A9, 0x92, 0x6F },  // 抩
    { 0x62AA, 0x92, 0x70 },  // 抪
    { 0x62AB, 0xC5, 0xFB },  // 披
    { 0x62AC, 0xCC, 0xA7 },  // 抬
    { 0x62AD, 0x92, 0x71 },  // 抭
    { 0x62AE, 0x92, 0x72 },  // 抮
    { 0x62AF, 0x92, 0x73 },  // 抯
    { 0x62B0, 0x92, 0x74 },  // 抰
    { 0x62B1, 0xB1, 0xA7 },  // 抱
    { 0x62B2, 0x92, 0x75 },  // 抲
    { 0x62B3, 0x92, 0x76 },  // 抳
    { 0x62B4, 0x92, 0x77 },  // 抴
    { 0x62B5, 0xB5, 0xD6 },  // 抵
    { 0x62B6, 0x92, 0x78 },  // 抶
    { 0x62B7, 0x92, 0x79 },  // 抷
    { 0x62B8, 0x92, 0x7A },  // 抸
    { 0x62B9, 0xC4, 0xA8 },  // 抹
    { 0x62BA, 0x92, 0x7B },  // 抺
    { 0x62BB, 0xDE, 0xD3 },  // 抻
    { 0x62BC, 0xD1, 0xBA },  // 押
    { 0x62BD, 0xB3, 0xE9 },  // 抽
    { 0x62BE, 0x92, 0x7C },  // 抾
    { 0x62BF, 0xC3, 0xF2 },  // 抿
    { 0x62C0, 0x92, 0x7D },  // 拀
    { 0x62C1, 0x92, 0x7E },  // 拁
    { 0x62C2, 0xB7, 0xF7 },  // 拂
    { 0x62C3, 0x92, 0x80 },  // 拃
    { 0x62C4, 0xD6, 0xF4 },  // 拄
    { 0x62C5, 0xB5, 0xA3 },  // 担
    { 0x62C6, 0xB2, 0xF0 },  // 拆
    { 0x62C7, 0xC4, 0xB4 },  // 拇
    { 0x62C8, 0xC4, 0xE9 },  // 拈
    { 0x62C9, 0xC0, 0xAD },  // 拉
    { 0x62CA, 0xDE, 0xD4 },  // 拊
    { 0x62CB, 0x92, 0x81 },  // 拋
    { 0x62CC, 0xB0, 0xE8 },  // 拌
    { 0x62CD, 0xC5, 0xC4 },  // 拍
    { 0x62CE, 0xC1, 0xE0 },  // 拎
    { 0x62CF, 0x92, 0x82 },  // 拏
    { 0x62D0, 0xB9, 0xD5 },  // 拐
    { 0x62D1, 0x92, 0x83 },  // 拑
    { 0x62D2, 0xBE, 0xDC },  // 拒
    { 0x62D3, 0xCD, 0xD8 },  // 拓
    { 0x62D4, 0xB0, 0xCE },  // 拔
    { 0x62D5, 0x92, 0x84 },  // 拕
    { 0x62D6, 0xCD, 0xCF },  // 拖
    { 0x62D7, 0xDE, 0xD6 },  // 拗
    { 0x62D8, 0xBE, 0xD0 },  // 拘
    { 0x62D9, 0xD7, 0xBE },  // 拙
    { 0x62DA, 0xDE, 0xD5 },  // 拚
    { 0x62DB, 0xD5, 0xD0 },  // 招
    { 0x62DC, 0xB0, 0xDD },  // 拜
    { 0x62DD, 0x92, 0x85 },  // 拝
    { 0x62DE, 0x92, 0x86 },  // 拞
    { 0x62DF, 0xC4, 0xE2 },  // 拟
    { 0x62E0, 0x92, 0x87 },  // 拠
    { 0x62E1, 0x92, 0x88 },  // 拡
    { 0x62E2, 0xC2, 0xA3 },  // 拢
    { 0x62E3, 0xBC, 0xF0 },  // 拣
    { 0x62E4, 0x92, 0x89 },  // 拤
    { 0x62E5, 0xD3, 0xB5 },  // 拥
    { 0x62E6, 0xC0, 0xB9 },  // 拦
    { 0x62E7, 0xC5, 0xA1 },  // 拧
    { 0x62E8, 0xB2, 0xA6 },  // 拨
    { 0x62E9, 0xD4, 0xF1 },  // 择
    { 0x62EA, 0x92, 0x8A },  // 拪
    { 0x62EB, 0x92, 0x8B },  // 拫
    { 0x62EC, 0xC0, 0xA8 },  // 括
    { 0x62ED, 0xCA, 0xC3 },  // 拭
    { 0x62EE, 0xDE, 0xD7 },  // 拮
    { 0x62EF, 0xD5, 0xFC },  // 拯
    { 0x62F0, 0x92, 0x8C },  // 拰
    { 0x62F1, 0xB9, 0xB0 },  // 拱
    { 0x62F2, 0x92, 0x8D },  // 拲
    { 0x62F3, 0xC8, 0xAD },  // 拳
    { 0x62F4, 0xCB, 0xA9 },  // 拴
    { 0x62F5, 0x92, 0x8E },  // 拵
    { 0x62F6, 0xDE, 0xD9 },  // 拶
    { 0x62F7, 0xBF, 0xBD },  // 拷
    { 0x62F8, 0x92, 0x8F },  // 拸
    { 0x62F9, 0x92, 0x90 },  // 拹
    { 0x62FA, 0x92, 0x91 },  // 拺
    { 0x62FB, 0x92, 0x92 },  // 拻
    { 0x62FC, 0xC6, 0xB4 },  // 拼
    { 0x62FD, 0xD7, 0xA7 },  // 拽
    { 0x62FE, 0xCA, 0xB0 },  // 拾
    { 0x62FF, 0xC4, 0xC3 },  // 拿
    { 0x6300, 0x92, 0x93 },  // 挀
    { 0x6301, 0xB3, 0xD6 },  // 持
    { 0x6302, 0xB9, 0xD2 },  // 挂
    { 0x6303, 0x92, 0x94 },  // 挃
    { 0x6304, 0x92, 0x95 },  // 挄
    { 0x6305, 0x92, 0x96 },  // 挅
    { 0x6306, 0x92, 0x97 },  // 挆
    { 0x6307, 0xD6, 0xB8 },  // 指
    { 0x6308, 0xEA, 0xFC },  // 挈
    { 0x6309, 0xB0, 0xB4 },  // 按
    { 0x630A, 0x92, 0x98 },  // 挊
    { 0x630B, 0x92, 0x99 },  // 挋
    { 0x630C, 0x92, 0x9A },  // 挌
    { 0x630D, 0x92, 0x9B },  // 挍
    { 0x630E, 0xBF, 0xE6 },  // 挎
    { 0x630F, 0x92, 0x9C },  // 挏
    { 0x6310, 0x92, 0x9D },  // 挐
    { 0x6311, 0xCC, 0xF4 },  // 挑
    { 0x6312, 0x92, 0x9E },  // 挒
    { 0x6313, 0x92, 0x9F },  // 挓
    { 0x6314, 0x92, 0xA0 },  // 挔
    { 0x6315, 0x92, 0xA1 },  // 挕
    { 0x6316, 0xCD, 0xDA },  // 挖
    { 0x6317, 0x92, 0xA2 },  // 挗
    { 0x6318, 0x92, 0xA3 },  // 挘
    { 0x6319, 0x92, 0xA4 },  // 挙
    { 0x631A, 0xD6, 0xBF },  // 挚
    { 0x631B, 0xC2, 0xCE },  // 挛
    { 0x631C, 0x92, 0xA5 },  // 挜
    { 0x631D, 0xCE, 0xCE },  // 挝
    { 0x631E, 0xCC, 0xA2 },  // 挞
    { 0x631F, 0xD0, 0xAE },  // 挟
    { 0x6320, 0xC4, 0xD3 },  // 挠
    { 0x6321, 0xB5, 0xB2 },  // 挡
    { 0x6322, 0xDE, 0xD8 },  // 挢
    { 0x6323, 0xD5, 0xF5 },  // 挣
    { 0x6324, 0xBC, 0xB7 },  // 挤
    { 0x6325, 0xBB, 0xD3 },  // 挥
    { 0x6326, 0x92, 0xA6 },  // 挦
    { 0x6327, 0x92, 0xA7 },  // 挧
    { 0x6328, 0xB0, 0xA4 },  // 挨
    { 0x6329, 0x92, 0xA8 },  // 挩
    { 0x632A, 0xC5, 0xB2 },  // 挪
    { 0x632B, 0xB4, 0xEC },  // 挫
    { 0x632C, 0x92, 0xA9 },  // 挬
    { 0x632D, 0x92, 0xAA },  // 挭
    { 0x632E, 0x92, 0xAB },  // 挮
    { 0x632F, 0xD5, 0xF1 },  // 振
    { 0x6330, 0x92, 0xAC },  // 挰
    { 0x6331, 0x92, 0xAD },  // 挱
    { 0x6332, 0xEA, 0xFD },  // 挲
    { 0x6333, 0x92, 0xAE },  // 挳
    { 0x6334, 0x92, 0xAF },  // 挴
    { 0x6335, 0x92, 0xB0 },  // 挵
    { 0x6336, 0x92, 0xB1 },  // 挶
    { 0x6337, 0x92, 0xB2 },  // 挷
    { 0x6338, 0x92, 0xB3 },  // 挸
    { 0x6339, 0xDE, 0xDA },  // 挹
    { 0x633A, 0xCD, 0xA6 },  // 挺
    { 0x633B, 0x92, 0xB4 },  // 挻
    { 0x633C, 0x92, 0xB5 },  // 挼
    { 0x633D, 0xCD, 0xEC },  // 挽
    { 0x633E, 0x92, 0xB6 },  // 挾
    { 0x633F, 0x92, 0xB7 },  // 挿
    { 0x6340, 0x92, 0xB8 },  // 捀
    { 0x6341, 0x92, 0xB9 },  // 捁
    { 0x6342, 0xCE, 0xE6 },  // 捂
    { 0x6343, 0xDE, 0xDC },  // 捃
    { 0x6344, 0x92, 0xBA },  // 捄
    { 0x6345, 0xCD, 0xB1 },  // 捅
    { 0x6346, 0xC0, 0xA6 },  // 捆
    { 0x6347, 0x92, 0xBB },  // 捇
    { 0x6348, 0x92, 0xBC },  // 捈
    { 0x6349, 0xD7, 0xBD },  // 捉
    { 0x634A, 0x92, 0xBD },  // 捊
    { 0x634B, 0xDE, 0xDB },  // 捋
    { 0x634C, 0xB0, 0xC6 },  // 捌
    { 0x634D, 0xBA, 0xB4 },  // 捍
    { 0x634E, 0xC9, 0xD3 },  // 捎
    { 0x634F, 0xC4, 0xF3 },  // 捏
    { 0x6350, 0xBE, 0xE8 },  // 捐
    { 0x6351, 0x92, 0xBE },  // 捑
    { 0x6352, 0x92, 0xBF },  // 捒
    { 0x6353, 0x92, 0xC0 },  // 捓
    { 0x6354, 0x92, 0xC1 },  // 捔
    { 0x6355, 0xB2, 0xB6 },  // 捕
    { 0x6356, 0x92, 0xC2 },  // 捖
    { 0x6357, 0x92, 0xC3 },  // 捗
    { 0x6358, 0x92, 0xC4 },  // 捘
    { 0x6359, 0x92, 0xC5 },  // 捙
    { 0x635A, 0x92, 0xC6 },  // 捚
    { 0x635B, 0x92, 0xC7 },  // 捛
    { 0x635C, 0x92, 0xC8 },  // 捜
    { 0x635D, 0x92, 0xC9 },  // 捝
    { 0x635E, 0xC0, 0xCC },  // 捞
    { 0x635F, 0xCB, 0xF0 },  // 损
    { 0x6360, 0x92, 0xCA },  // 捠
    { 0x6361, 0xBC, 0xF1 },  // 捡
    { 0x6362, 0xBB, 0xBB },  // 换
    { 0x6363, 0xB5, 0xB7 },  // 捣
    { 0x6364, 0x92, 0xCB },  // 捤
    { 0x6365, 0x92, 0xCC },  // 捥
    { 0x6366, 0x92, 0xCD },  // 捦
    { 0x6367, 0xC5, 0xF5 },  // 捧
    { 0x6368, 0x92, 0xCE },  // 捨
    { 0x6369, 0xDE, 0xE6 },  // 捩
    { 0x636A, 0x92, 0xCF },  // 捪
    { 0x636B, 0x92, 0xD0 },  // 捫
    { 0x636C, 0x92, 0xD1 },  // 捬
    { 0x636D, 0xDE, 0xE3 },  // 捭
    { 0x636E, 0xBE, 0xDD },  // 据
    { 0x636F, 0x92, 0xD2 },  // 捯
    { 0x6370, 0x92, 0xD3 },  // 捰
    { 0x6371, 0xDE, 0xDF },  // 捱
    { 0x6372, 0x92, 0xD4 },  // 捲
    { 0x6373, 0x92, 0xD5 },  // 捳
    { 0x6374, 0x92, 0xD6 },  // 捴
    { 0x6375, 0x92, 0xD7 },  // 捵
    { 0x6376, 0xB4, 0xB7 },  // 捶
    { 0x6377, 0xBD, 0xDD },  // 捷
    { 0x6378, 0x92, 0xD8 },  // 捸
    { 0x6379, 0x92, 0xD9 },  // 捹
    { 0x637A, 0xDE, 0xE0 },  // 捺
    { 0x637B, 0xC4, 0xED },  // 捻
    { 0x637C, 0x92, 0xDA },  // 捼
    { 0x637D, 0x92, 0xDB },  // 捽
    { 0x637E, 0x92, 0xDC },  // 捾
    { 0x637F, 0x92, 0xDD },  // 捿
    { 0x6380, 0xCF, 0xC6 },  // 掀
    { 0x6381, 0x92, 0xDE },  // 掁
    { 0x6382, 0xB5, 0xE0 },  // 掂
    { 0x6383, 0x92, 0xDF },  // 掃
    { 0x6384, 0x92, 0xE0 },  // 掄
    { 0x6385, 0x92, 0xE1 },  // 掅
    { 0x6386, 0x92, 0xE2 },  // 掆
    { 0x6387, 0xB6, 0xDE },  // 掇
    { 0x6388, 0xCA, 0xDA },  // 授
    { 0x6389, 0xB5, 0xF4 },  // 掉
    { 0x638A, 0xDE, 0xE5 },  // 掊
    { 0x638B, 0x92, 0xE3 },  // 掋
    { 0x638C, 0xD5, 0xC6 },  // 掌
    { 0x638D, 0x92, 0xE4 },  // 掍
    { 0x638E, 0xDE, 0xE1 },  // 掎
    { 0x638F, 0xCC, 0xCD },  // 掏
    { 0x6390, 0xC6, 0xFE },  // 掐
    { 0x6391, 0x92, 0xE5 },  // 掑
    { 0x6392, 0xC5, 0xC5 },  // 排
    { 0x6393, 0x92, 0xE6 },  // 掓
    { 0x6394, 0x92, 0xE7 },  // 掔
    { 0x6395, 0x92, 0xE8 },  // 掕
    { 0x6396, 0xD2, 0xB4 },  // 掖
    { 0x6397, 0x92, 0xE9 },  // 掗
    { 0x6398, 0xBE, 0xF2 },  // 掘
    { 0x6399, 0x92, 0xEA },  // 掙
    { 0x639A, 0x92, 0xEB },  // 掚
    { 0x639B, 0x92, 0xEC },  // 掛
    { 0x639C, 0x92, 0xED },  // 掜
    { 0x639D, 0x92, 0xEE },  // 掝
    { 0x639E, 0x92, 0xEF },  // 掞
    { 0x639F, 0x92, 0xF0 },  // 掟
    { 0x63A0, 0xC2, 0xD3 },  // 掠
    { 0x63A1, 0x92, 0xF1 },  // 採
    { 0x63A2, 0xCC, 0xBD },  // 探
    { 0x63A3, 0xB3, 0xB8 },  // 掣
    { 0x63A4, 0x92, 0xF2 },  // 掤
    { 0x63A5, 0xBD, 0xD3 },  // 接
    { 0x63A6, 0x92, 0xF3 },  // 掦
    { 0x63A7, 0xBF, 0xD8 },  // 控
    { 0x63A8, 0xCD, 0xC6 },  // 推
    { 0x63A9, 0xD1, 0xDA },  // 掩
    { 0x63AA, 0xB4, 0xEB },  // 措
    { 0x63AB, 0x92, 0xF4 },  // 掫
    { 0x63AC, 0xDE, 0xE4 },  // 掬
    { 0x63AD, 0xDE, 0xDD },  // 掭
    { 0x63AE, 0xDE, 0xE7 },  // 掮
    { 0x63AF, 0x92, 0xF5 },  // 掯
    { 0x63B0, 0xEA, 0xFE },  // 掰
    { 0x63B1, 0x92, 0xF6 },  // 掱
    { 0x63B2, 0x92, 0xF7 },  // 掲
    { 0x63B3, 0xC2, 0xB0 },  // 掳
    { 0x63B4, 0xDE, 0xE2 },  // 掴
    { 0x63B5, 0x92, 0xF8 },  // 掵
    { 0x63B6, 0x92, 0xF9 },  // 掶
    { 0x63B7, 0xD6, 0xC0 },  // 掷
    { 0x63B8, 0xB5, 0xA7 },  // 掸
    { 0x63B9, 0x92, 0xFA },  // 掹
    { 0x63BA, 0xB2, 0xF4 },  // 掺
    { 0x63BB, 0x92, 0xFB },  // 掻
    { 0x63BC, 0xDE, 0xE8 },  // 掼
    { 0x63BD, 0x92, 0xFC },  // 掽
    { 0x63BE, 0xDE, 0xF2 },  // 掾
    { 0x63BF, 0x92, 0xFD },  // 掿
    { 0x63C0, 0x92, 0xFE },  // 揀
    { 0x63C1, 0x93, 0x40 },  // 揁
    { 0x63C2, 0x93, 0x41 },  // 揂
    { 0x63C3, 0x93, 0x42 },  // 揃
    { 0x63C4, 0xDE, 0xED },  // 揄
    { 0x63C5, 0x93, 0x43 },  // 揅
    { 0x63C6, 0xDE, 0xF1 },  // 揆
    { 0x63C7, 0x93, 0x44 },  // 揇
    { 0x63C8, 0x93, 0x45 },  // 揈
    { 0x63C9, 0xC8, 0xE0 },  // 揉
    { 0x63CA, 0x93, 0x46 },  // 揊
    { 0x63CB, 0x93, 0x47 },  // 揋
    { 0x63CC, 0x93, 0x48 },  // 揌
    { 0x63CD, 0xD7, 0xE1 },  // 揍
    { 0x63CE, 0xDE, 0xEF },  // 揎
    { 0x63CF, 0xC3, 0xE8 },  // 描
    { 0x63D0, 0xCC, 0xE1 },  // 提
    { 0x63D1, 0x93, 0x49 },  // 揑
    { 0x63D2, 0xB2, 0xE5 },  // 插
    { 0x63D3, 0x93, 0x4A },  // 揓
    { 0x63D4, 0x93, 0x4B },  // 揔
    { 0x63D5, 0x93, 0x4C },  // 揕
    { 0x63D6, 0xD2, 0xBE },  // 揖
    { 0x63D7, 0x93, 0x4D },  // 揗
    { 0x63D8, 0x93, 0x4E },  // 揘
    { 0x63D9, 0x93, 0x4F },  // 揙
    { 0x63DA, 0x93, 0x50 },  // 揚
    { 0x63DB, 0x93, 0x51 },  // 換
    { 0x63DC, 0x93, 0x52 },  // 揜
    { 0x63DD, 0x93, 0x53 },  // 揝
    { 0x63DE, 0xDE, 0xEE },  // 揞
    { 0x63DF, 0x93, 0x54 },  // 揟
    { 0x63E0, 0xDE, 0xEB },  // 揠
    { 0x63E1, 0xCE, 0xD5 },  // 握
    { 0x63E2, 0x93, 0x55 },  // 揢
    { 0x63E3, 0xB4, 0xA7 },  // 揣
    { 0x63E4, 0x93, 0x56 },  // 揤
    { 0x63E5, 0x93, 0x57 },  // 揥
    { 0x63E6, 0x93, 0x58 },  // 揦
    { 0x63E7, 0x93, 0x59 },  // 揧
    { 0x63E8, 0x93, 0x5A },  // 揨
    { 0x63E9, 0xBF, 0xAB },  // 揩
    { 0x63EA, 0xBE, 0xBE },  // 揪
    { 0x63EB, 0x93, 0x5B },  // 揫
    { 0x63EC, 0x93, 0x5C },  // 揬
    { 0x63ED, 0xBD, 0xD2 },  // 揭
    { 0x63EE, 0x93, 0x5D },  // 揮
    { 0x63EF, 0x93, 0x5E },  // 揯
    { 0x63F0, 0x93, 0x5F },  // 揰
    { 0x63F1, 0x93, 0x60 },  // 揱
    { 0x63F2, 0xDE, 0xE9 },  // 揲
    { 0x63F3, 0x93, 0x61 },  // 揳
    { 0x63F4, 0xD4, 0xAE },  // 援
    { 0x63F5, 0x93, 0x62 },  // 揵
    { 0x63F6, 0xDE, 0xDE },  // 揶
    { 0x63F7, 0x93, 0x63 },  // 揷
    { 0x63F8, 0xDE, 0xEA },  // 揸
    { 0x63F9, 0x93, 0x64 },  // 揹
    { 0x63FA, 0x93, 0x65 },  // 揺
    { 0x63FB, 0x93, 0x66 },  // 揻
    { 0x63FC, 0x93, 0x67 },  // 揼
    { 0x63FD, 0xC0, 0xBF },  // 揽
    { 0x63FE, 0x93, 0x68 },  // 揾
    { 0x63FF, 0xDE, 0xEC },  // 揿
    { 0x6400, 0xB2, 0xF3 },  // 搀
    { 0x6401, 0xB8, 0xE9 },  // 搁
    { 0x6402, 0xC2, 0xA7 },  // 搂
    { 0x6403, 0x93, 0x69 },  // 搃
    { 0x6404, 0x93, 0x6A },  // 搄
    { 0x6405, 0xBD, 0xC1 },  // 搅
    { 0x6406, 0x93, 0x6B },  // 搆
    { 0x6407, 0x93, 0x6C },  // 搇
    { 0x6408, 0x93, 0x6D },  // 搈
    { 0x6409, 0x93, 0x6E },  // 搉
    { 0x640A, 0x93, 0x6F },  // 搊
    { 0x640B, 0xDE, 0xF5 },  // 搋
    { 0x640C, 0xDE, 0xF8 },  // 搌
    { 0x640D, 0x93, 0x70 },  // 損
    { 0x640E, 0x93, 0x71 },  // 搎
    { 0x640F, 0xB2, 0xAB },  // 搏
    { 0x6410, 0xB4, 0xA4 },  // 搐
    { 0x6411, 0x93, 0x72 },  // 搑
    { 0x6412, 0x93, 0x73 },  // 搒
    { 0x6413, 0xB4, 0xEA },  // 搓
    { 0x6414, 0xC9, 0xA6 },  // 搔
    { 0x6415, 0x93, 0x74 },  // 搕
    { 0x6416, 0x93, 0x75 },  // 搖
    { 0x6417, 0x93, 0x76 },  // 搗
    { 0x6418, 0x93, 0x77 },  // 搘
    { 0x6419, 0x93, 0x78 },  // 搙
    { 0x641A, 0x93, 0x79 },  // 搚
    { 0x641B, 0xDE, 0xF6 },  // 搛
    { 0x641C, 0xCB, 0xD1 },  // 搜
    { 0x641D, 0x93, 0x7A },  // 搝
    { 0x641E, 0xB8, 0xE3 },  // 搞
    { 0x641F, 0x93, 0x7B },  // 搟
    { 0x6420, 0xDE, 0xF7 },  // 搠
    { 0x6421, 0xDE, 0xFA },  // 搡
    { 0x6422, 0x93, 0x7C },  // 搢
    { 0x6423, 0x93, 0x7D },  // 搣
    { 0x6424, 0x93, 0x7E },  // 搤
    { 0x6425, 0x93, 0x80 },  // 搥
    { 0x6426, 0xDE, 0xF9 },  // 搦
    { 0x6427, 0x93, 0x81 },  // 搧
    { 0x6428, 0x93, 0x82 },  // 搨
    { 0x6429, 0x93, 0x83 },  // 搩
    { 0x642A, 0xCC, 0xC2 },  // 搪
    { 0x642B, 0x93, 0x84 },  // 搫
    { 0x642C, 0xB0, 0xE1 },  // 搬
    { 0x642D, 0xB4, 0xEE },  // 搭
    { 0x642E, 0x93, 0x85 },  // 搮
    { 0x642F, 0x93, 0x86 },  // 搯
    { 0x6430, 0x93, 0x87 },  // 搰
    { 0x6431, 0x93, 0x88 },  // 搱
    { 0x6432, 0x93, 0x89 },  // 搲
    { 0x6433, 0x93, 0x8A },  // 搳
    { 0x6434, 0xE5, 0xBA },  // 搴
    { 0x6435, 0x93, 0x8B },  // 搵
    { 0x6436, 0x93, 0x8C },  // 搶
    { 0x6437, 0x93, 0x8D },  // 搷
    { 0x6438, 0x93, 0x8E },  // 搸
    { 0x6439, 0x93, 0x8F },  // 搹
    { 0x643A, 0xD0, 0xAF },  // 携
    { 0x643B, 0x93, 0x90 },  // 搻
    { 0x643C, 0x93, 0x91 },  // 搼
    { 0x643D, 0xB2, 0xEB },  // 搽
    { 0x643E, 0x93, 0x92 },  // 搾
    { 0x643F, 0xEB, 0xA1 },  // 搿
    { 0x6440, 0x93, 0x93 },  // 摀
    { 0x6441, 0xDE, 0xF4 },  // 摁
    { 0x6442, 0x93, 0x94 },  // 摂
    { 0x6443, 0x93, 0x95 },  // 摃
    { 0x6444, 0xC9, 0xE3 },  // 摄
    { 0x6445, 0xDE, 0xF3 },  // 摅
    { 0x6446, 0xB0, 0xDA },  // 摆
    { 0x6447, 0xD2, 0xA1 },  // 摇
    { 0x6448, 0xB1, 0xF7 },  // 摈
    { 0x6449, 0x93, 0x96 },  // 摉
    { 0x644A, 0xCC, 0xAF },  // 摊
    { 0x644B, 0x93, 0x97 },  // 摋
    { 0x644C, 0x93, 0x98 },  // 摌
    { 0x644D, 0x93, 0x99 },  // 摍
    { 0x644E, 0x93, 0x9A },  // 摎
    { 0x644F, 0x93, 0x9B },  // 摏
    { 0x6450, 0x93, 0x9C },  // 摐
    { 0x6451, 0x93, 0x9D },  // 摑
    { 0x6452, 0xDE, 0xF0 },  // 摒
    { 0x6453, 0x93, 0x9E },  // 摓
    { 0x6454, 0xCB, 0xA4 },  // 摔
    { 0x6455, 0x93, 0x9F },  // 摕
    { 0x6456, 0x93, 0xA0 },  // 摖
    { 0x6457, 0x93, 0xA1 },  // 摗
    { 0x6458, 0xD5, 0xAA },  // 摘
    { 0x6459, 0x93, 0xA2 },  // 摙
    { 0x645A, 0x93, 0xA3 },  // 摚
    { 0x645B, 0x93, 0xA4 },  // 摛
    { 0x645C, 0x93, 0xA5 },  // 摜
    { 0x645D, 0x93, 0xA6 },  // 摝
    { 0x645E, 0xDE, 0xFB },  // 摞
    { 0x645F, 0x93, 0xA7 },  // 摟
    { 0x6460, 0x93, 0xA8 },  // 摠
    { 0x6461, 0x93, 0xA9 },  // 摡
    { 0x6462, 0x93, 0xAA },  // 摢
    { 0x6463, 0x93, 0xAB },  // 摣
    { 0x6464, 0x93, 0xAC },  // 摤
    { 0x6465, 0x93, 0xAD },  // 摥
    { 0x6466, 0x93, 0xAE },  // 摦
    { 0x6467, 0xB4, 0xDD },  // 摧
    { 0x6468, 0x93, 0xAF },  // 摨
    { 0x6469, 0xC4, 0xA6 },  // 摩
    { 0x646A, 0x93, 0xB0 },  // 摪
    { 0x646B, 0x93, 0xB1 },  // 摫
    { 0x646C, 0x93, 0xB2 },  // 摬
    { 0x646D, 0xDE, 0xFD },  // 摭
    { 0x646E, 0x93, 0xB3 },  // 摮
    { 0x646F, 0x93, 0xB4 },  // 摯
    { 0x6470, 0x93, 0xB5 },  // 摰
    { 0x6471, 0x93, 0xB6 },  // 摱
    { 0x6472, 0x93, 0xB7 },  // 摲
    { 0x6473, 0x93, 0xB8 },  // 摳
    { 0x6474, 0x93, 0xB9 },  // 摴
    { 0x6475, 0x93, 0xBA },  // 摵
    { 0x6476, 0x93, 0xBB },  // 摶
    { 0x6477, 0x93, 0xBC },  // 摷
    { 0x6478, 0xC3, 0xFE },  // 摸
    { 0x6479, 0xC4, 0xA1 },  // 摹
    { 0x647A, 0xDF, 0xA1 },  // 摺
    { 0x647B, 0x93, 0xBD },  // 摻
    { 0x647C, 0x93, 0xBE },  // 摼
    { 0x647D, 0x93, 0xBF },  // 摽
    { 0x647E, 0x93, 0xC0 },  // 摾
    { 0x647F, 0x93, 0xC1 },  // 摿
    { 0x6480, 0x93, 0xC2 },  // 撀
    { 0x6481, 0x93, 0xC3 },  // 撁
    { 0x6482, 0xC1, 0xCC },  // 撂
    { 0x6483, 0x93, 0xC4 },  // 撃
    { 0x6484, 0xDE, 0xFC },  // 撄
    { 0x6485, 0xBE, 0xEF },  // 撅
    { 0x6486, 0x93, 0xC5 },  // 撆
    { 0x6487, 0xC6, 0xB2 },  // 撇
    { 0x6488, 0x93, 0xC6 },  // 撈
    { 0x6489, 0x93, 0xC7 },  // 撉
    { 0x648A, 0x93, 0xC8 },  // 撊
    { 0x648B, 0x93, 0xC9 },  // 撋
    { 0x648C, 0x93, 0xCA },  // 撌
    { 0x648D, 0x93, 0xCB },  // 撍
    { 0x648E, 0x93, 0xCC },  // 撎
    { 0x648F, 0x93, 0xCD },  // 撏
    { 0x6490, 0x93, 0xCE },  // 撐
    { 0x6491, 0xB3, 0xC5 },  // 撑
    { 0x6492, 0xC8, 0xF6 },  // 撒
    { 0x6493, 0x93, 0xCF },  // 撓
    { 0x6494, 0x93, 0xD0 },  // 撔
    { 0x6495, 0xCB, 0xBA },  // 撕
    { 0x6496, 0xDE, 0xFE },  // 撖
    { 0x6497, 0x93, 0xD1 },  // 撗
    { 0x6498, 0x93, 0xD2 },  // 撘
    { 0x6499, 0xDF, 0xA4 },  // 撙
    { 0x649A, 0x93, 0xD3 },  // 撚
    { 0x649B, 0x93, 0xD4 },  // 撛
    { 0x649C, 0x93, 0xD5 },  // 撜
    { 0x649D, 0x93, 0xD6 },  // 撝
    { 0x649E, 0xD7, 0xB2 },  // 撞
    { 0x649F, 0x93, 0xD7 },  // 撟
    { 0x64A0, 0x93, 0xD8 },  // 撠
    { 0x64A1, 0x93, 0xD9 },  // 撡
    { 0x64A2, 0x93, 0xDA },  // 撢
    { 0x64A3, 0x93, 0xDB },  // 撣
    { 0x64A4, 0xB3, 0xB7 },  // 撤
    { 0x64A5, 0x93, 0xDC },  // 撥
    { 0x64A6, 0x93, 0xDD },  // 撦
    { 0x64A7, 0x93, 0xDE },  // 撧
    { 0x64A8, 0x93, 0xDF },  // 撨
    { 0x64A9, 0xC1, 0xC3 },  // 撩
    { 0x64AA, 0x93, 0xE0 },  // 撪
    { 0x64AB, 0x93, 0xE1 },  // 撫
    { 0x64AC, 0xC7, 0xCB },  // 撬
    { 0x64AD, 0xB2, 0xA5 },  // 播
    { 0x64AE, 0xB4, 0xE9 },  // 撮
    { 0x64AF, 0x93, 0xE2 },  // 撯
    { 0x64B0, 0xD7, 0xAB },  // 撰
    { 0x64B1, 0x93, 0xE3 },  // 撱
    { 0x64B2, 0x93, 0xE4 },  // 撲
    { 0x64B3, 0x93, 0xE5 },  // 撳
    { 0x64B4, 0x93, 0xE6 },  // 撴
    { 0x64B5, 0xC4, 0xEC },  // 撵
    { 0x64B6, 0x93, 0xE7 },  // 撶
    { 0x64B7, 0xDF, 0xA2 },  // 撷
    { 0x64B8, 0xDF, 0xA3 },  // 撸
    { 0x64B9, 0x93, 0xE8 },  // 撹
    { 0x64BA, 0xDF, 0xA5 },  // 撺
    { 0x64BB, 0x93, 0xE9 },  // 撻
    { 0x64BC, 0xBA, 0xB3 },  // 撼
    { 0x64BD, 0x93, 0xEA },  // 撽
    { 0x64BE, 0x93, 0xEB },  // 撾
    { 0x64BF, 0x93, 0xEC },  // 撿
    { 0x64C0, 0xDF, 0xA6 },  // 擀
    { 0x64C1, 0x93, 0xED },  // 擁
    { 0x64C2, 0xC0, 0xDE },  // 擂
    { 0x64C3, 0x93, 0xEE },  // 擃
    { 0x64C4, 0x93, 0xEF },  // 擄
    { 0x64C5, 0xC9, 0xC3 },  // 擅
    { 0x64C6, 0x93, 0xF0 },  // 擆
    { 0x64C7, 0x93, 0xF1 },  // 擇
    { 0x64C8, 0x93, 0xF2 },  // 擈
    { 0x64C9, 0x93, 0xF3 },  // 擉
    { 0x64CA, 0x93, 0xF4 },  // 擊
    { 0x64CB, 0x93, 0xF5 },  // 擋
    { 0x64CC, 0x93, 0xF6 },  // 擌
    { 0x64CD, 0xB2, 0xD9 },  // 操
    { 0x64CE, 0xC7, 0xE6 },  // 擎
    { 0x64CF, 0x93, 0xF7 },  // 擏
    { 0x64D0, 0xDF, 0xA7 },  // 擐
    { 0x64D1, 0x93, 0xF8 },  // 擑
    { 0x64D2, 0xC7, 0xDC },  // 擒
    { 0x64D3, 0x93, 0xF9 },  // 擓
    { 0x64D4, 0x93, 0xFA },  // 擔
    { 0x64D5, 0x93, 0xFB },  // 擕
    { 0x64D6, 0x93, 0xFC },  // 擖
    { 0x64D7, 0xDF, 0xA8 },  // 擗
    { 0x64D8, 0xEB, 0xA2 },  // 擘
    { 0x64D9, 0x93, 0xFD },  // 擙
    { 0x64DA, 0x93, 0xFE },  // 據
    { 0x64DB, 0x94, 0x40 },  // 擛
    { 0x64DC, 0x94, 0x41 },  // 擜
    { 0x64DD, 0x94, 0x42 },  // 擝
    { 0x64DE, 0xCB, 0xD3 },  // 擞
    { 0x64DF, 0x94, 0x43 },  // 擟
    { 0x64E0, 0x94, 0x44 },  // 擠
    { 0x64E1, 0x94, 0x45 },  // 擡
    { 0x64E2, 0xDF, 0xAA },  // 擢
    { 0x64E3, 0x94, 0x46 },  // 擣
    { 0x64E4, 0xDF, 0xA9 },  // 擤
    { 0x64E5, 0x94, 0x47 },  // 擥
    { 0x64E6, 0xB2, 0xC1 },  // 擦
    { 0x64E7, 0x94, 0x48 },  // 擧
    { 0x64E8, 0x94, 0x49 },  // 擨
    { 0x64E9, 0x94, 0x4A },  // 擩
    { 0x64EA, 0x94, 0x4B },  // 擪
    { 0x64EB, 0x94, 0x4C },  // 擫
    { 0x64EC, 0x94, 0x4D },  // 擬
    { 0x64ED, 0x94, 0x4E },  // 擭
    { 0x64EE, 0x94, 0x4F },  // 擮
    { 0x64EF, 0x94, 0x50 },  // 擯
    { 0x64F0, 0x94, 0x51 },  // 擰
    { 0x64F1, 0x94, 0x52 },  // 擱
    { 0x64F2, 0x94, 0x53 },  // 擲
    { 0x64F3, 0x94, 0x54 },  // 擳
    { 0x64F4, 0x94, 0x55 },  // 擴
    { 0x64F5, 0x94, 0x56 },  // 擵
    { 0x64F6, 0x94, 0x57 },  // 擶
    { 0x64F7, 0x94, 0x58 },  // 擷
    { 0x64F8, 0x94, 0x59 },  // 擸
    { 0x64F9, 0x94, 0x5A },  // 擹
    { 0x64FA, 0x94, 0x5B },  // 擺
    { 0x64FB, 0x94, 0x5C },  // 擻
    { 0x64FC, 0x94, 0x5D },  // 擼
    { 0x64FD, 0x94, 0x5E },  // 擽
    { 0x64FE, 0x94, 0x5F },  // 擾
    { 0x64FF, 0x94, 0x60 },  // 擿
    { 0x6500, 0xC5, 0xCA },  // 攀
    { 0x6501, 0x94, 0x61 },  // 攁
    { 0x6502, 0x94, 0x62 },  // 攂
    { 0x6503, 0x94, 0x63 },  // 攃
    { 0x6504, 0x94, 0x64 },  // 攄
    { 0x6505, 0x94, 0x65 },  // 攅
    { 0x6506, 0x94, 0x66 },  // 攆
    { 0x6507, 0x94, 0x67 },  // 攇
    { 0x6508, 0x94, 0x68 },  // 攈
    { 0x6509, 0xDF, 0xAB },  // 攉
    { 0x650A, 0x94, 0x69 },  // 攊
    { 0x650B, 0x94, 0x6A },  // 攋
    { 0x650C, 0x94, 0x6B },  // 攌
    { 0x650D, 0x94, 0x6C },  // 攍
    { 0x650E, 0x94, 0x6D },  // 攎
    { 0x650F, 0x94, 0x6E },  // 攏
    { 0x6510, 0x94, 0x6F },  // 攐
    { 0x6511, 0x94, 0x70 },  // 攑
    { 0x6512, 0xD4, 0xDC },  // 攒
    { 0x6513, 0x94, 0x71 },  // 攓
    { 0x6514, 0x94, 0x72 },  // 攔
    { 0x6515, 0x94, 0x73 },  // 攕
    { 0x6516, 0x94, 0x74 },  // 攖
    { 0x6517, 0x94, 0x75 },  // 攗
    { 0x6518, 0xC8, 0xC1 },  // 攘
    { 0x6519, 0x94, 0x76 },  // 攙
    { 0x651A, 0x94, 0x77 },  // 攚
    { 0x651B, 0x94, 0x78 },  // 攛
    { 0x651C, 0x94, 0x79 },  // 攜
    { 0x651D, 0x94, 0x7A },  // 攝
    { 0x651E, 0x94, 0x7B },  // 攞
    { 0x651F, 0x94, 0x7C },  // 攟
    { 0x6520, 0x94, 0x7D },  // 攠
    { 0x6521, 0x94, 0x7E },  // 攡
    { 0x6522, 0x94, 0x80 },  // 攢
    { 0x6523, 0x94, 0x81 },  // 攣
    { 0x6524, 0x94, 0x82 },  // 攤
    { 0x6525, 0xDF, 0xAC },  // 攥
    { 0x6526, 0x94, 0x83 },  // 攦
    { 0x6527, 0x94, 0x84 },  // 攧
    { 0x6528, 0x94, 0x85 },  // 攨
    { 0x6529, 0x94, 0x86 },  // 攩
    { 0x652A, 0x94, 0x87 },  // 攪
    { 0x652B, 0xBE, 0xF0 },  // 攫
    { 0x652C, 0x94, 0x88 },  // 攬
    { 0x652D, 0x94, 0x89 },  // 攭
    { 0x652E, 0xDF, 0xAD },  // 攮
    { 0x652F, 0xD6, 0xA7 },  // 支
    { 0x6530, 0x94, 0x8A },  // 攰
    { 0x6531, 0x94, 0x8B },  // 攱
    { 0x6532, 0x94, 0x8C },  // 攲
    { 0x6533, 0x94, 0x8D },  // 攳
    { 0x6534, 0xEA, 0xB7 },  // 攴
    { 0x6535, 0xEB, 0xB6 },  // 攵
    { 0x6536, 0xCA, 0xD5 },  // 收
    { 0x6537, 0x94, 0x8E },  // 攷
    { 0x6538, 0xD8, 0xFC },  // 攸
    { 0x6539, 0xB8, 0xC4 },  // 改
    { 0x653A, 0x94, 0x8F },  // 攺
    { 0x653B, 0xB9, 0xA5 },  // 攻
    { 0x653C, 0x94, 0x90 },  // 攼
    { 0x653D, 0x94, 0x91 },  // 攽
    { 0x653E, 0xB7, 0xC5 },  // 放
    { 0x653F, 0xD5, 0xFE },  // 政
    { 0x6540, 0x94, 0x92 },  // 敀
    { 0x6541, 0x94, 0x93 },  // 敁
    { 0x6542, 0x94, 0x94 },  // 敂
    { 0x6543, 0x94, 0x95 },  // 敃
    { 0x6544, 0x94, 0x96 },  // 敄
    { 0x6545, 0xB9, 0xCA },  // 故
    { 0x6546, 0x94, 0x97 },  // 敆
    { 0x6547, 0x94, 0x98 },  // 敇
    { 0x6548, 0xD0, 0xA7 },  // 效
    { 0x6549, 0xF4, 0xCD },  // 敉
    { 0x654A, 0x94, 0x99 },  // 敊
    { 0x654B, 0x94, 0x9A },  // 敋
    { 0x654C, 0xB5, 0xD0 },  // 敌
    { 0x654D, 0x94, 0x9B },  // 敍
    { 0x654E, 0x94, 0x9C },  // 敎
    { 0x654F, 0xC3, 0xF4 },  // 敏
    { 0x6550, 0x94, 0x9D },  // 敐
    { 0x6551, 0xBE, 0xC8 },  // 救
    { 0x6552, 0x94, 0x9E },  // 敒
    { 0x6553, 0x94, 0x9F },  // 敓
    { 0x6554, 0x94, 0xA0 },  // 敔
    { 0x6555, 0xEB, 0xB7 },  // 敕
    { 0x6556, 0xB0, 0xBD },  // 敖
    { 0x6557, 0x94, 0xA1 },  // 敗
    { 0x6558, 0x94, 0xA2 },  // 敘
    { 0x6559, 0xBD, 0xCC },  // 教
    { 0x655A, 0x94, 0xA3 },  // 敚
    { 0x655B, 0xC1, 0xB2 },  // 敛
    { 0x655C, 0x94, 0xA4 },  // 敜
    { 0x655D, 0xB1, 0xD6 },  // 敝
    { 0x655E, 0xB3, 0xA8 },  // 敞
    { 0x655F, 0x94, 0xA5 },  // 敟
    { 0x6560, 0x94, 0xA6 },  // 敠
    { 0x6561, 0x94, 0xA7 },  // 敡
    { 0x6562, 0xB8, 0xD2 },  // 敢
    { 0x6563, 0xC9, 0xA2 },  // 散
    { 0x6564, 0x94, 0xA8 },  // 敤
    { 0x6565, 0x94, 0xA9 },  // 敥
    { 0x6566, 0xB6, 0xD8 },  // 敦
    { 0x6567, 0x94, 0xAA },  // 敧
    { 0x6568, 0x94, 0xAB },  // 敨
    { 0x6569, 0x94, 0xAC },  // 敩
    { 0x656A, 0x94, 0xAD },  // 敪
    { 0x656B, 0xEB, 0xB8 },  // 敫
    { 0x656C, 0xBE, 0xB4 },  // 敬
    { 0x656D, 0x94, 0xAE },  // 敭
    { 0x656E, 0x94, 0xAF },  // 敮
    { 0x656F, 0x94, 0xB0 },  // 敯
    { 0x6570, 0xCA, 0xFD },  // 数
    { 0x6571, 0x94, 0xB1 },  // 敱
    { 0x6572, 0xC7, 0xC3 },  // 敲
    { 0x6573, 0x94, 0xB2 },  // 敳
    { 0x6574, 0xD5, 0xFB },  // 整
    { 0x6575, 0x94, 0xB3 },  // 敵
    { 0x6576, 0x94, 0xB4 },  // 敶
    { 0x6577, 0xB7, 0xF3 },  // 敷
    { 0x6578, 0x94, 0xB5 },  // 數
    { 0x6579, 0x94, 0xB6 },  // 敹
    { 0x657A, 0x94, 0xB7 },  // 敺
    { 0x657B, 0x94, 0xB8 },  // 敻
    { 0x657C, 0x94, 0xB9 },  // 敼
    { 0x657D, 0x94, 0xBA },  // 敽
    { 0x657E, 0x94, 0xBB },  // 敾
    { 0x657F, 0x94, 0xBC },  // 敿
    { 0x6580, 0x94, 0xBD },  // 斀
    { 0x6581, 0x94, 0xBE },  // 斁
    { 0x6582, 0x94, 0xBF },  // 斂
    { 0x6583, 0x94, 0xC0 },  // 斃
    { 0x6584, 0x94, 0xC1 },  // 斄
    { 0x6585, 0x94, 0xC2 },  // 斅
    { 0x6586, 0x94, 0xC3 },  // 斆
    { 0x6587, 0xCE, 0xC4 },  // 文
    { 0x6588, 0x94, 0xC4 },  // 斈
    { 0x6589, 0x94, 0xC5 },  // 斉
    { 0x658A, 0x94, 0xC6 },  // 斊
    { 0x658B, 0xD5, 0xAB },  // 斋
    { 0x658C, 0xB1, 0xF3 },  // 斌
    { 0x658D, 0x94, 0xC7 },  // 斍
    { 0x658E, 0x94, 0xC8 },  // 斎
    { 0x658F, 0x94, 0xC9 },  // 斏
    { 0x6590, 0xEC, 0xB3 },  // 斐
    { 0x6591, 0xB0, 0xDF },  // 斑
    { 0x6592, 0x94, 0xCA },  // 斒
    { 0x6593, 0xEC, 0xB5 },  // 斓
    { 0x6594, 0x94, 0xCB },  // 斔
    { 0x6595, 0x94, 0xCC },  // 斕
    { 0x6596, 0x94, 0xCD },  // 斖
    { 0x6597, 0xB6, 0xB7 },  // 斗
    { 0x6598, 0x94, 0xCE },  // 斘
    { 0x6599, 0xC1, 0xCF },  // 料
    { 0x659A, 0x94, 0xCF },  // 斚
    { 0x659B, 0xF5, 0xFA },  // 斛
    { 0x659C, 0xD0, 0xB1 },  // 斜
    { 0x659D, 0x94, 0xD0 },  // 斝
    { 0x659E, 0x94, 0xD1 },  // 斞
    { 0x659F, 0xD5, 0xE5 },  // 斟
    { 0x65A0, 0x94, 0xD2 },  // 斠
    { 0x65A1, 0xCE, 0xD3 },  // 斡
    { 0x65A2, 0x94, 0xD3 },  // 斢
    { 0x65A3, 0x94, 0xD4 },  // 斣
    { 0x65A4, 0xBD, 0xEF },  // 斤
    { 0x65A5, 0xB3, 0xE2 },  // 斥
    { 0x65A6, 0x94, 0xD5 },  // 斦
    { 0x65A7, 0xB8, 0xAB },  // 斧
    { 0x65A8, 0x94, 0xD6 },  // 斨
    { 0x65A9, 0xD5, 0xB6 },  // 斩
    { 0x65AA, 0x94, 0xD7 },  // 斪
    { 0x65AB, 0xED, 0xBD },  // 斫
    { 0x65AC, 0x94, 0xD8 },  // 斬
    { 0x65AD, 0xB6, 0xCF },  // 断
    { 0x65AE, 0x94, 0xD9 },  // 斮
    { 0x65AF, 0xCB, 0xB9 },  // 斯
    { 0x65B0, 0xD0, 0xC2 },  // 新
    { 0x65B1, 0x94, 0xDA },  // 斱
    { 0x65B2, 0x94, 0xDB },  // 斲
    { 0x65B3, 0x94, 0xDC },  // 斳
    { 0x65B4, 0x94, 0xDD },  // 斴
    { 0x65B5, 0x94, 0xDE },  // 斵
    { 0x65B6, 0x94, 0xDF },  // 斶
    { 0x65B7, 0x94, 0xE0 },  // 斷
    { 0x65B8, 0x94, 0xE1 },  // 斸
    { 0x65B9, 0xB7, 0xBD },  // 方
    { 0x65BA, 0x94, 0xE2 },  // 斺
    { 0x65BB, 0x94, 0xE3 },  // 斻
    { 0x65BC, 0xEC, 0xB6 },  // 於
    { 0x65BD, 0xCA, 0xA9 },  // 施
    { 0x65BE, 0x94, 0xE4 },  // 斾
    { 0x65BF, 0x94, 0xE5 },  // 斿
    { 0x65C0, 0x94, 0xE6 },  // 旀
    { 0x65C1, 0xC5, 0xD4 },  // 旁
    { 0x65C2, 0x94, 0xE7 },  // 旂
    { 0x65C3, 0xEC, 0xB9 },  // 旃
    { 0x65C4, 0xEC, 0xB8 },  // 旄
    { 0x65C5, 0xC2, 0xC3 },  // 旅
    { 0x65C6, 0xEC, 0xB7 },  // 旆
    { 0x65C7, 0x94, 0xE8 },  // 旇
    { 0x65C8, 0x94, 0xE9 },  // 旈
    { 0x65C9, 0x94, 0xEA },  // 旉
    { 0x65CA, 0x94, 0xEB },  // 旊
    { 0x65CB, 0xD0, 0xFD },  // 旋
    { 0x65CC, 0xEC, 0xBA },  // 旌
    { 0x65CD, 0x94, 0xEC },  // 旍
    { 0x65CE, 0xEC, 0xBB },  // 旎
    { 0x65CF, 0xD7, 0xE5 },  // 族
    { 0x65D0, 0x94, 0xED },  // 旐
    { 0x65D1, 0x94, 0xEE },  // 旑
    { 0x65D2, 0xEC, 0xBC },  // 旒
    { 0x65D3, 0x94, 0xEF },  // 旓
    { 0x65D4, 0x94, 0xF0 },  // 旔
    { 0x65D5, 0x94, 0xF1 },  // 旕
    { 0x65D6, 0xEC, 0xBD },  // 旖
    { 0x65D7, 0xC6, 0xEC },  // 旗
    { 0x65D8, 0x94, 0xF2 },  // 旘
    { 0x65D9, 0x94, 0xF3 },  // 旙
    { 0x65DA, 0x94, 0xF4 },  // 旚
    { 0x65DB, 0x94, 0xF5 },  // 旛
    { 0x65DC, 0x94, 0xF6 },  // 旜
    { 0x65DD, 0x94, 0xF7 },  // 旝
    { 0x65DE, 0x94, 0xF8 },  // 旞
    { 0x65DF, 0x94, 0xF9 },  // 旟
    { 0x65E0, 0xCE, 0xDE },  // 无
    { 0x65E1, 0x94, 0xFA },  // 旡
    { 0x65E2, 0xBC, 0xC8 },  // 既
    { 0x65E3, 0x94, 0xFB },  // 旣
    { 0x65E4, 0x94, 0xFC },  // 旤
    { 0x65E5, 0xC8, 0xD5 },  // 日
    { 0x65E6, 0xB5, 0xA9 },  // 旦
    { 0x65E7, 0xBE, 0xC9 },  // 旧
    { 0x65E8, 0xD6, 0xBC },  // 旨
    { 0x65E9, 0xD4, 0xE7 },  // 早
    { 0x65EA, 0x94, 0xFD },  // 旪
    { 0x65EB, 0x94, 0xFE },  // 旫
    { 0x65EC, 0xD1, 0xAE },  // 旬
    { 0x65ED, 0xD0, 0xF1 },  // 旭
    { 0x65EE, 0xEA, 0xB8 },  // 旮
    { 0x65EF, 0xEA, 0xB9 },  // 旯
    { 0x65F0, 0xEA, 0xBA },  // 旰
    { 0x65F1, 0xBA, 0xB5 },  // 旱
    { 0x65F2, 0x95, 0x40 },  // 旲
    { 0x65F3, 0x95, 0x41 },  // 旳
    { 0x65F4, 0x95, 0x42 },  // 旴
    { 0x65F5, 0x95, 0x43 },  // 旵
    { 0x65F6, 0xCA, 0xB1 },  // 时
    { 0x65F7, 0xBF, 0xF5 },  // 旷
    { 0x65F8, 0x95, 0x44 },  // 旸
    { 0x65F9, 0x95, 0x45 },  // 旹
    { 0x65FA, 0xCD, 0xFA },  // 旺
    { 0x65FB, 0x95, 0x46 },  // 旻
    { 0x65FC, 0x95, 0x47 },  // 旼
    { 0x65FD, 0x95, 0x48 },  // 旽
    { 0x65FE, 0x95, 0x49 },  // 旾
    { 0x65FF, 0x95, 0x4A },  // 旿
    { 0x6600, 0xEA, 0xC0 },  // 昀
    { 0x6601, 0x95, 0x4B },  // 昁
    { 0x6602, 0xB0, 0xBA },  // 昂
    { 0x6603, 0xEA, 0xBE },  // 昃
    { 0x6604, 0x95, 0x4C },  // 昄
    { 0x6605, 0x95, 0x4D },  // 昅
    { 0x6606, 0xC0, 0xA5 },  // 昆
    { 0x6607, 0x95, 0x4E },  // 昇
    { 0x6608, 0x95, 0x4F },  // 昈
    { 0x6609, 0x95, 0x50 },  // 昉
    { 0x660A, 0xEA, 0xBB },  // 昊
    { 0x660B, 0x95, 0x51 },  // 昋
    { 0x660C, 0xB2, 0xFD },  // 昌
    { 0x660D, 0x95, 0x52 },  // 昍
    { 0x660E, 0xC3, 0xF7 },  // 明
    { 0x660F, 0xBB, 0xE8 },  // 昏
    { 0x6610, 0x95, 0x53 },  // 昐
    { 0x6611, 0x95, 0x54 },  // 昑
    { 0x6612, 0x95, 0x55 },  // 昒
    { 0x6613, 0xD2, 0xD7 },  // 易
    { 0x6614, 0xCE, 0xF4 },  // 昔
    { 0x6615, 0xEA, 0xBF },  // 昕
    { 0x6616, 0x95, 0x56 },  // 昖
    { 0x6617, 0x95, 0x57 },  // 昗
    { 0x6618, 0x95, 0x58 },  // 昘
    { 0x6619, 0xEA, 0xBC },  // 昙
    { 0x661A, 0x95, 0x59 },  // 昚
    { 0x661B, 0x95, 0x5A },  // 昛
    { 0x661C, 0x95, 0x5B },  // 昜
    { 0x661D, 0xEA, 0xC3 },  // 昝
    { 0x661E, 0x95, 0x5C },  // 昞
    { 0x661F, 0xD0, 0xC7 },  // 星
    { 0x6620, 0xD3, 0xB3 },  // 映
    { 0x6621, 0x95, 0x5D },  // 昡
    { 0x6622, 0x95, 0x5E },  // 昢
    { 0x6623, 0x95, 0x5F },  // 昣
    { 0x6624, 0x95, 0x60 },  // 昤
    { 0x6625, 0xB4, 0xBA },  // 春
    { 0x6626, 0x95, 0x61 },  // 昦
    { 0x6627, 0xC3, 0xC1 },  // 昧
    { 0x6628, 0xD7, 0xF2 },  // 昨
    { 0x6629, 0x95, 0x62 },  // 昩
    { 0x662A, 0x95, 0x63 },  // 昪
    { 0x662B, 0x95, 0x64 },  // 昫
    { 0x662C, 0x95, 0x65 },  // 昬
    { 0x662D, 0xD5, 0xD1 },  // 昭
    { 0x662E, 0x95, 0x66 },  // 昮
    { 0x662F, 0xCA, 0xC7 },  // 是
    { 0x6630, 0x95, 0x67 },  // 昰
    { 0x6631, 0xEA, 0xC5 },  // 昱
    { 0x6632, 0x95, 0x68 },  // 昲
    { 0x6633, 0x95, 0x69 },  // 昳
    { 0x6634, 0xEA, 0xC4 },  // 昴
    { 0x6635, 0xEA, 0xC7 },  // 昵
    { 0x6636, 0xEA, 0xC6 },  // 昶
    { 0x6637, 0x95, 0x6A },  // 昷
    { 0x6638, 0x95, 0x6B },  // 昸
    { 0x6639, 0x95, 0x6C },  // 昹
    { 0x663A, 0x95, 0x6D },  // 昺
    { 0x663B, 0x95, 0x6E },  // 昻
    { 0x663C, 0xD6, 0xE7 },  // 昼
    { 0x663D, 0x95, 0x6F },  // 昽
    { 0x663E, 0xCF, 0xD4 },  // 显
    { 0x663F, 0x95, 0x70 },  // 昿
    { 0x6640, 0x95, 0x71 },  // 晀
    { 0x6641, 0xEA, 0xCB },  // 晁
    { 0x6642, 0x95, 0x72 },  // 時
    { 0x6643, 0xBB, 0xCE },  // 晃
    { 0x6644, 0x95, 0x73 },  // 晄
    { 0x6645, 0x95, 0x74 },  // 晅
    { 0x6646, 0x95, 0x75 },  // 晆
    { 0x6647, 0x95, 0x76 },  // 晇
    { 0x6648, 0x95, 0x77 },  // 晈
    { 0x6649, 0x95, 0x78 },  // 晉
    { 0x664A, 0x95, 0x79 },  // 晊
    { 0x664B, 0xBD, 0xFA },  // 晋
    { 0x664C, 0xC9, 0xCE },  // 晌
    { 0x664D, 0x95, 0x7A },  // 晍
    { 0x664E, 0x95, 0x7B },  // 晎
    { 0x664F, 0xEA, 0xCC },  // 晏
    { 0x6650, 0x95, 0x7C },  // 晐
    { 0x6651, 0x95, 0x7D },  // 晑
    { 0x6652, 0xC9, 0xB9 },  // 晒
    { 0x6653, 0xCF, 0xFE },  // 晓
    { 0x6654, 0xEA, 0xCA },  // 晔
    { 0x6655, 0xD4, 0xCE },  // 晕
    { 0x6656, 0xEA, 0xCD },  // 晖
    { 0x6657, 0xEA, 0xCF },  // 晗
    { 0x6658, 0x95, 0x7E },  // 晘
    { 0x6659, 0x95, 0x80 },  // 晙
    { 0x665A, 0xCD, 0xED },  // 晚
    { 0x665B, 0x95, 0x81 },  // 晛
    { 0x665C, 0x95, 0x82 },  // 晜
    { 0x665D, 0x95, 0x83 },  // 晝
    { 0x665E, 0x95, 0x84 },  // 晞
    { 0x665F, 0xEA, 0xC9 },  // 晟
    { 0x6660, 0x95, 0x85 },  // 晠
    { 0x6661, 0xEA, 0xCE },  // 晡
    { 0x6662, 0x95, 0x86 },  // 晢
    { 0x6663, 0x95, 0x87 },  // 晣
    { 0x6664, 0xCE, 0xEE },  // 晤
    { 0x6665, 0x95, 0x88 },  // 晥
    { 0x6666, 0xBB, 0xDE },  // 晦
    { 0x6667, 0x95, 0x89 },  // 晧
    { 0x6668, 0xB3, 0xBF },  // 晨
    { 0x6669, 0x95, 0x8A },  // 晩
    { 0x666A, 0x95, 0x8B },  // 晪
    { 0x666B, 0x95, 0x8C },  // 晫
    { 0x666C, 0x95, 0x8D },  // 晬
    { 0x666D, 0x95, 0x8E },  // 晭
    { 0x666E, 0xC6, 0xD5 },  // 普
    { 0x666F, 0xBE, 0xB0 },  // 景
    { 0x6670, 0xCE, 0xFA },  // 晰
    { 0x6671, 0x95, 0x8F },  // 晱
    { 0x6672, 0x95, 0x90 },  // 晲
    { 0x6673, 0x95, 0x91 },  // 晳
    { 0x6674, 0xC7, 0xE7 },  // 晴
    { 0x6675, 0x95, 0x92 },  // 晵
    { 0x6676, 0xBE, 0xA7 },  // 晶
    { 0x6677, 0xEA, 0xD0 },  // 晷
    { 0x6678, 0x95, 0x93 },  // 晸
    { 0x6679, 0x95, 0x94 },  // 晹
    { 0x667A, 0xD6, 0xC7 },  // 智
    { 0x667B, 0x95, 0x95 },  // 晻
    { 0x667C, 0x95, 0x96 },  // 晼
    { 0x667D, 0x95, 0x97 },  // 晽
    { 0x667E, 0xC1, 0xC0 },  // 晾
    { 0x667F, 0x95, 0x98 },  // 晿
    { 0x6680, 0x95, 0x99 },  // 暀
    { 0x6681, 0x95, 0x9A },  // 暁
    { 0x6682, 0xD4, 0xDD },  // 暂
    { 0x6683, 0x95, 0x9B },  // 暃
    { 0x6684, 0xEA, 0xD1 },  // 暄
    { 0x6685, 0x95, 0x9C },  // 暅
    { 0x6686, 0x95, 0x9D },  // 暆
    { 0x6687, 0xCF, 0xBE },  // 暇
    { 0x6688, 0x95, 0x9E },  // 暈
    { 0x6689, 0x95, 0x9F },  // 暉
    { 0x668A, 0x95, 0xA0 },  // 暊
    { 0x668B, 0x95, 0xA1 },  // 暋
    { 0x668C, 0xEA, 0xD2 },  // 暌
    { 0x668D, 0x95, 0xA2 },  // 暍
    { 0x668E, 0x95, 0xA3 },  // 暎
    { 0x668F, 0x95, 0xA4 },  // 暏
    { 0x6690, 0x95, 0xA5 },  // 暐
    { 0x6691, 0xCA, 0xEE },  // 暑
    { 0x6692, 0x95, 0xA6 },  // 暒
    { 0x6693, 0x95, 0xA7 },  // 暓
    { 0x6694, 0x95, 0xA8 },  // 暔
    { 0x6695, 0x95, 0xA9 },  // 暕
    { 0x6696, 0xC5, 0xAF },  // 暖
    { 0x6697, 0xB0, 0xB5 },  // 暗
    { 0x6698, 0x95, 0xAA },  // 暘
    { 0x6699, 0x95, 0xAB },  // 暙
    { 0x669A, 0x95, 0xAC },  // 暚
    { 0x669B, 0x95, 0xAD },  // 暛
    { 0x669C, 0x95, 0xAE },  // 暜
    { 0x669D, 0xEA, 0xD4 },  // 暝
    { 0x669E, 0x95, 0xAF },  // 暞
    { 0x669F, 0x95, 0xB0 },  // 暟
    { 0x66A0, 0x95, 0xB1 },  // 暠
    { 0x66A1, 0x95, 0xB2 },  // 暡
    { 0x66A2, 0x95, 0xB3 },  // 暢
    { 0x66A3, 0x95, 0xB4 },  // 暣
    { 0x66A4, 0x95, 0xB5 },  // 暤
    { 0x66A5, 0x95, 0xB6 },  // 暥
    { 0x66A6, 0x95, 0xB7 },  // 暦
    { 0x66A7, 0xEA, 0xD3 },  // 暧
    { 0x66A8, 0xF4, 0xDF },  // 暨
    { 0x66A9, 0x95, 0xB8 },  // 暩
    { 0x66AA, 0x95, 0xB9 },  // 暪
    { 0x66AB, 0x95, 0xBA },  // 暫
    { 0x66AC, 0x95, 0xBB },  // 暬
    { 0x66AD, 0x95, 0xBC },  // 暭
    { 0x66AE, 0xC4, 0xBA },  // 暮
    { 0x66AF, 0x95, 0xBD },  // 暯
    { 0x66B0, 0x95, 0xBE },  // 暰
    { 0x66B1, 0x95, 0xBF },  // 暱
    { 0x66B2, 0x95, 0xC0 },  // 暲
    { 0x66B3, 0x95, 0xC1 },  // 暳
    { 0x66B4, 0xB1, 0xA9 },  // 暴
    { 0x66B5, 0x95, 0xC2 },  // 暵
    { 0x66B6, 0x95, 0xC3 },  // 暶
    { 0x66B7, 0x95, 0xC4 },  // 暷
    { 0x66B8, 0x95, 0xC5 },  // 暸
    { 0x66B9, 0xE5, 0xDF },  // 暹
    { 0x66BA, 0x95, 0xC6 },  // 暺
    { 0x66BB, 0x95, 0xC7 },  // 暻
    { 0x66BC, 0x95, 0xC8 },  // 暼
    { 0x66BD, 0x95, 0xC9 },  // 暽
    { 0x66BE, 0xEA, 0xD5 },  // 暾
    { 0x66BF, 0x95, 0xCA },  // 暿
    { 0x66C0, 0x95, 0xCB },  // 曀
    { 0x66C1, 0x95, 0xCC },  // 曁
    { 0x66C2, 0x95, 0xCD },  // 曂
    { 0x66C3, 0x95, 0xCE },  // 曃
    { 0x66C4, 0x95, 0xCF },  // 曄
    { 0x66C5, 0x95, 0xD0 },  // 曅
    { 0x66C6, 0x95, 0xD1 },  // 曆
    { 0x66C7, 0x95, 0xD2 },  // 曇
    { 0x66C8, 0x95, 0xD3 },  // 曈
    { 0x66C9, 0x95, 0xD4 },  // 曉
    { 0x66CA, 0x95, 0xD5 },  // 曊
    { 0x66CB, 0x95, 0xD6 },  // 曋
    { 0x66CC, 0x95, 0xD7 },  // 曌
    { 0x66CD, 0x95, 0xD8 },  // 曍
    { 0x66CE, 0x95, 0xD9 },  // 曎
    { 0x66CF, 0x95, 0xDA },  // 曏
    { 0x66D0, 0x95, 0xDB },  // 曐
    { 0x66D1, 0x95, 0xDC },  // 曑
    { 0x66D2, 0x95, 0xDD },  // 曒
    { 0x66D3, 0x95, 0xDE },  // 曓
    { 0x66D4, 0x95, 0xDF },  // 曔
    { 0x66D5, 0x95, 0xE0 },  // 曕
    { 0x66D6, 0x95, 0xE1 },  // 曖
    { 0x66D7, 0x95, 0xE2 },  // 曗
    { 0x66D8, 0x95, 0xE3 },  // 曘
    { 0x66D9, 0xCA, 0xEF },  // 曙
    { 0x66DA, 0x95, 0xE4 },  // 曚
    { 0x66DB, 0xEA, 0xD6 },  // 曛
    { 0x66DC, 0xEA, 0xD7 },  // 曜
    { 0x66DD, 0xC6, 0xD8 },  // 曝
    { 0x66DE, 0x95, 0xE5 },  // 曞
    { 0x66DF, 0x95, 0xE6 },  // 曟
    { 0x66E0, 0x95, 0xE7 },  // 曠
    { 0x66E1, 0x95, 0xE8 },  // 曡
    { 0x66E2, 0x95, 0xE9 },  // 曢
    { 0x66E3, 0x95, 0xEA },  // 曣
    { 0x66E4, 0x95, 0xEB },  // 曤
    { 0x66E5, 0x95, 0xEC },  // 曥
    { 0x66E6, 0xEA, 0xD8 },  // 曦
    { 0x66E7, 0x95, 0xED },  // 曧
    { 0x66E8, 0x95, 0xEE },  // 曨
    { 0x66E9, 0xEA, 0xD9 },  // 曩
    { 0x66EA, 0x95, 0xEF },  // 曪
    { 0x66EB, 0x95, 0xF0 },  // 曫
    { 0x66EC, 0x95, 0xF1 },  // 曬
    { 0x66ED, 0x95, 0xF2 },  // 曭
    { 0x66EE, 0x95, 0xF3 },  // 曮
    { 0x66EF, 0x95, 0xF4 },  // 曯
    { 0x66F0, 0xD4, 0xBB },  // 曰
    { 0x66F1, 0x95, 0xF5 },  // 曱
    { 0x66F2, 0xC7, 0xFA },  // 曲
    { 0x66F3, 0xD2, 0xB7 },  // 曳
    { 0x66F4, 0xB8, 0xFC },  // 更
    { 0x66F5, 0x95, 0xF6 },  // 曵
    { 0x66F6, 0x95, 0xF7 },  // 曶
    { 0x66F7, 0xEA, 0xC2 },  // 曷
    { 0x66F8, 0x95, 0xF8 },  // 書
    { 0x66F9, 0xB2, 0xDC },  // 曹
    { 0x66FA, 0x95, 0xF9 },  // 曺
    { 0x66FB, 0x95, 0xFA },  // 曻
    { 0x66FC, 0xC2, 0xFC },  // 曼
    { 0x66FD, 0x95, 0xFB },  // 曽
    { 0x66FE, 0xD4, 0xF8 },  // 曾
    { 0x66FF, 0xCC, 0xE6 },  // 替
    { 0x6700, 0xD7, 0xEE },  // 最
    { 0x6701, 0x95, 0xFC },  // 朁
    { 0x6702, 0x95, 0xFD },  // 朂
    { 0x6703, 0x95, 0xFE },  // 會
    { 0x6704, 0x96, 0x40 },  // 朄
    { 0x6705, 0x96, 0x41 },  // 朅
    { 0x6706, 0x96, 0x42 },  // 朆
    { 0x6707, 0x96, 0x43 },  // 朇
    { 0x6708, 0xD4, 0xC2 },  // 月
    { 0x6709, 0xD3, 0xD0 },  // 有
    { 0x670A, 0xEB, 0xC3 },  // 朊
    { 0x670B, 0xC5, 0xF3 },  // 朋
    { 0x670C, 0x96, 0x44 },  // 朌
    { 0x670D, 0xB7, 0xFE },  // 服
    { 0x670E, 0x96, 0x45 },  // 朎
    { 0x670F, 0x96, 0x46 },  // 朏
    { 0x6710, 0xEB, 0xD4 },  // 朐
    { 0x6711, 0x96, 0x47 },  // 朑
    { 0x6712, 0x96, 0x48 },  // 朒
    { 0x6713, 0x96, 0x49 },  // 朓
    { 0x6714, 0xCB, 0xB7 },  // 朔
    { 0x6715, 0xEB, 0xDE },  // 朕
    { 0x6716, 0x96, 0x4A },  // 朖
    { 0x6717, 0xC0, 0xCA },  // 朗
    { 0x6718, 0x96, 0x4B },  // 朘
    { 0x6719, 0x96, 0x4C },  // 朙
    { 0x671A, 0x96, 0x4D },  // 朚
    { 0x671B, 0xCD, 0xFB },  // 望
    { 0x671C, 0x96, 0x4E },  // 朜
    { 0x671D, 0xB3, 0xAF },  // 朝
    { 0x671E, 0x96, 0x4F },  // 朞
    { 0x671F, 0xC6, 0xDA },  // 期
    { 0x6720, 0x96, 0x50 },  // 朠
    { 0x6721, 0x96, 0x51 },  // 朡
    { 0x6722, 0x96, 0x52 },  // 朢
    { 0x6723, 0x96, 0x53 },  // 朣
    { 0x6724, 0x96, 0x54 },  // 朤
    { 0x6725, 0x96, 0x55 },  // 朥
    { 0x6726, 0xEB, 0xFC },  // 朦
    { 0x6727, 0x96, 0x56 },  // 朧
    { 0x6728, 0xC4, 0xBE },  // 木
    { 0x6729, 0x96, 0x57 },  // 朩
    { 0x672A, 0xCE, 0xB4 },  // 未
    { 0x672B, 0xC4, 0xA9 },  // 末
    { 0x672C, 0xB1, 0xBE },  // 本
    { 0x672D, 0xD4, 0xFD },  // 札
    { 0x672E, 0x96, 0x58 },  // 朮
    { 0x672F, 0xCA, 0xF5 },  // 术
    { 0x6730, 0x96, 0x59 },  // 朰
    { 0x6731, 0xD6, 0xEC },  // 朱
    { 0x6732, 0x96, 0x5A },  // 朲
    { 0x6733, 0x96, 0x5B },  // 朳
    { 0x6734, 0xC6, 0xD3 },  // 朴
    { 0x6735, 0xB6, 0xE4 },  // 朵
    { 0x6736, 0x96, 0x5C },  // 朶
    { 0x6737, 0x96, 0x5D },  // 朷
    { 0x6738, 0x96, 0x5E },  // 朸
    { 0x6739, 0x96, 0x5F },  // 朹
    { 0x673A, 0xBB, 0xFA },  // 机
    { 0x673B, 0x96, 0x60 },  // 朻
    { 0x673C, 0x96, 0x61 },  // 朼
    { 0x673D, 0xD0, 0xE0 },  // 朽
    { 0x673E, 0x96, 0x62 },  // 朾
    { 0x673F, 0x96, 0x63 },  // 朿
    { 0x6740, 0xC9, 0xB1 },  // 杀
    { 0x6741, 0x96, 0x64 },  // 杁
    { 0x6742, 0xD4, 0xD3 },  // 杂
    { 0x6743, 0xC8, 0xA8 },  // 权
    { 0x6744, 0x96, 0x65 },  // 杄
    { 0x6745, 0x96, 0x66 },  // 杅
    { 0x6746, 0xB8, 0xCB },  // 杆
    { 0x6747, 0x96, 0x67 },  // 杇
    { 0x6748, 0xE8, 0xBE },  // 杈
    { 0x6749, 0xC9, 0xBC },  // 杉
    { 0x674A, 0x96, 0x68 },  // 杊
    { 0x674B, 0x96, 0x69 },  // 杋
    { 0x674C, 0xE8, 0xBB },  // 杌
    { 0x674D, 0x96, 0x6A },  // 杍
    { 0x674E, 0xC0, 0xEE },  // 李
    { 0x674F, 0xD0, 0xD3 },  // 杏
    { 0x6750, 0xB2, 0xC4 },  // 材
    { 0x6751, 0xB4, 0xE5 },  // 村
    { 0x6752, 0x96, 0x6B },  // 杒
    { 0x6753, 0xE8, 0xBC },  // 杓
    { 0x6754, 0x96, 0x6C },  // 杔
    { 0x6755, 0x96, 0x6D },  // 杕
    { 0x6756, 0xD5, 0xC8 },  // 杖
    { 0x6757, 0x96, 0x6E },  // 杗
    { 0x6758, 0x96, 0x6F },  // 杘
    { 0x6759, 0x96, 0x70 },  // 杙
    { 0x675A, 0x96, 0x71 },  // 杚
    { 0x675B, 0x96, 0x72 },  // 杛
    { 0x675C, 0xB6, 0xC5 },  // 杜
    { 0x675D, 0x96, 0x73 },  // 杝
    { 0x675E, 0xE8, 0xBD },  // 杞
    { 0x675F, 0xCA, 0xF8 },  // 束
    { 0x6760, 0xB8, 0xDC },  // 杠
    { 0x6761, 0xCC, 0xF5 },  // 条
    { 0x6762, 0x96, 0x74 },  // 杢
    { 0x6763, 0x96, 0x75 },  // 杣
    { 0x6764, 0x96, 0x76 },  // 杤
    { 0x6765, 0xC0, 0xB4 },  // 来
    { 0x6766, 0x96, 0x77 },  // 杦
    { 0x6767, 0x96, 0x78 },  // 杧
    { 0x6768, 0xD1, 0xEE },  // 杨
    { 0x6769, 0xE8, 0xBF },  // 杩
    { 0x676A, 0xE8, 0xC2 },  // 杪
    { 0x676B, 0x96, 0x79 },  // 杫
    { 0x676C, 0x96, 0x7A },  // 杬
    { 0x676D, 0xBA, 0xBC },  // 杭
    { 0x676E, 0x96, 0x7B },  // 杮
    { 0x676F, 0xB1, 0xAD },  // 杯
    { 0x6770, 0xBD, 0xDC },  // 杰
    { 0x6771, 0x96, 0x7C },  // 東
    { 0x6772, 0xEA, 0xBD },  // 杲
    { 0x6773, 0xE8, 0xC3 },  // 杳
    { 0x6774, 0x96, 0x7D },  // 杴
    { 0x6775, 0xE8, 0xC6 },  // 杵
    { 0x6776, 0x96, 0x7E },  // 杶
    { 0x6777, 0xE8, 0xCB },  // 杷
    { 0x6778, 0x96, 0x80 },  // 杸
    { 0x6779, 0x96, 0x81 },  // 杹
    { 0x677A, 0x96, 0x82 },  // 杺
    { 0x677B, 0x96, 0x83 },  // 杻
    { 0x677C, 0xE8, 0xCC },  // 杼
    { 0x677D, 0x96, 0x84 },  // 杽
    { 0x677E, 0xCB, 0xC9 },  // 松
    { 0x677F, 0xB0, 0xE5 },  // 板
    { 0x6780, 0x96, 0x85 },  // 枀
    { 0x6781, 0xBC, 0xAB },  // 极
    { 0x6782, 0x96, 0x86 },  // 枂
    { 0x6783, 0x96, 0x87 },  // 枃
    { 0x6784, 0xB9, 0xB9 },  // 构
    { 0x6785, 0x96, 0x88 },  // 枅
    { 0x6786, 0x96, 0x89 },  // 枆
    { 0x6787, 0xE8, 0xC1 },  // 枇
    { 0x6788, 0x96, 0x8A },  // 枈
    { 0x6789, 0xCD, 0xF7 },  // 枉
    { 0x678A, 0x96, 0x8B },  // 枊
    { 0x678B, 0xE8, 0xCA },  // 枋
    { 0x678C, 0x96, 0x8C },  // 枌
    { 0x678D, 0x96, 0x8D },  // 枍
    { 0x678E, 0x96, 0x8E },  // 枎
    { 0x678F, 0x96, 0x8F },  // 枏
    { 0x6790, 0xCE, 0xF6 },  // 析
    { 0x6791, 0x96, 0x90 },  // 枑
    { 0x6792, 0x96, 0x91 },  // 枒
    { 0x6793, 0x96, 0x92 },  // 枓
    { 0x6794, 0x96, 0x93 },  // 枔
    { 0x6795, 0xD5, 0xED },  // 枕
    { 0x6796, 0x96, 0x94 },  // 枖
    { 0x6797, 0xC1, 0xD6 },  // 林
    { 0x6798, 0xE8, 0xC4 },  // 枘
    { 0x6799, 0x96, 0x95 },  // 枙
    { 0x679A, 0xC3, 0xB6 },  // 枚
    { 0x679B, 0x96, 0x96 },  // 枛
    { 0x679C, 0xB9, 0xFB },  // 果
    { 0x679D, 0xD6, 0xA6 },  // 枝
    { 0x679E, 0xE8, 0xC8 },  // 枞
    { 0x679F, 0x96, 0x97 },  // 枟
    { 0x67A0, 0x96, 0x98 },  // 枠
    { 0x67A1, 0x96, 0x99 },  // 枡
    { 0x67A2, 0xCA, 0xE0 },  // 枢
    { 0x67A3, 0xD4, 0xE6 },  // 枣
    { 0x67A4, 0x96, 0x9A },  // 枤
    { 0x67A5, 0xE8, 0xC0 },  // 枥
    { 0x67A6, 0x96, 0x9B },  // 枦
    { 0x67A7, 0xE8, 0xC5 },  // 枧
    { 0x67A8, 0xE8, 0xC7 },  // 枨
    { 0x67A9, 0x96, 0x9C },  // 枩
    { 0x67AA, 0xC7, 0xB9 },  // 枪
    { 0x67AB, 0xB7, 0xE3 },  // 枫
    { 0x67AC, 0x96, 0x9D },  // 枬
    { 0x67AD, 0xE8, 0xC9 },  // 枭
    { 0x67AE, 0x96, 0x9E },  // 枮
    { 0x67AF, 0xBF, 0xDD },  // 枯
    { 0x67B0, 0xE8, 0xD2 },  // 枰
    { 0x67B1, 0x96, 0x9F },  // 枱
    { 0x67B2, 0x96, 0xA0 },  // 枲
    { 0x67B3, 0xE8, 0xD7 },  // 枳
    { 0x67B4, 0x96, 0xA1 },  // 枴
    { 0x67B5, 0xE8, 0xD5 },  // 枵
    { 0x67B6, 0xBC, 0xDC },  // 架
    { 0x67B7, 0xBC, 0xCF },  // 枷
    { 0x67B8, 0xE8, 0xDB },  // 枸
    { 0x67B9, 0x96, 0xA2 },  // 枹
    { 0x67BA, 0x96, 0xA3 },  // 枺
    { 0x67BB, 0x96, 0xA4 },  // 枻
    { 0x67BC, 0x96, 0xA5 },  // 枼
    { 0x67BD, 0x96, 0xA6 },  // 枽
    { 0x67BE, 0x96, 0xA7 },  // 枾
    { 0x67BF, 0x96, 0xA8 },  // 枿
    { 0x67C0, 0x96, 0xA9 },  // 柀
    { 0x67C1, 0xE8, 0xDE },  // 柁
    { 0x67C2, 0x96, 0xAA },  // 柂
    { 0x67C3, 0xE8, 0xDA },  // 柃
    { 0x67C4, 0xB1, 0xFA },  // 柄
    { 0x67C5, 0x96, 0xAB },  // 柅
    { 0x67C6, 0x96, 0xAC },  // 柆
    { 0x67C7, 0x96, 0xAD },  // 柇
    { 0x67C8, 0x96, 0xAE },  // 柈
    { 0x67C9, 0x96, 0xAF },  // 柉
    { 0x67CA, 0x96, 0xB0 },  // 柊
    { 0x67CB, 0x96, 0xB1 },  // 柋
    { 0x67CC, 0x96, 0xB2 },  // 柌
    { 0x67CD, 0x96, 0xB3 },  // 柍
    { 0x67CE, 0x96, 0xB4 },  // 柎
    { 0x67CF, 0xB0, 0xD8 },  // 柏
    { 0x67D0, 0xC4, 0xB3 },  // 某
    { 0x67D1, 0xB8, 0xCC },  // 柑
    { 0x67D2, 0xC6, 0xE2 },  // 柒
    { 0x67D3, 0xC8, 0xBE },  // 染
    { 0x67D4, 0xC8, 0xE1 },  // 柔
    { 0x67D5, 0x96, 0xB5 },  // 柕
    { 0x67D6, 0x96, 0xB6 },  // 柖
    { 0x67D7, 0x96, 0xB7 },  // 柗
    { 0x67D8, 0xE8, 0xCF },  // 柘
    { 0x67D9, 0xE8, 0xD4 },  // 柙
    { 0x67DA, 0xE8, 0xD6 },  // 柚
    { 0x67DB, 0x96, 0xB8 },  // 柛
    { 0x67DC, 0xB9, 0xF1 },  // 柜
    { 0x67DD, 0xE8, 0xD8 },  // 柝
    { 0x67DE, 0xD7, 0xF5 },  // 柞
    { 0x67DF, 0x96, 0xB9 },  // 柟
    { 0x67E0, 0xC4, 0xFB },  // 柠
    { 0x67E1, 0x96, 0xBA },  // 柡
    { 0x67E2, 0xE8, 0xDC },  // 柢
    { 0x67E3, 0x96, 0xBB },  // 柣
    { 0x67E4, 0x96, 0xBC },  // 柤
    { 0x67E5, 0xB2, 0xE9 },  // 查
    { 0x67E6, 0x96, 0xBD },  // 柦
    { 0x67E7, 0x96, 0xBE },  // 柧
    { 0x67E8, 0x96, 0xBF },  // 柨
    { 0x67E9, 0xE8, 0xD1 },  // 柩
    { 0x67EA, 0x96, 0xC0 },  // 柪
    { 0x67EB, 0x96, 0xC1 },  // 柫
    { 0x67EC, 0xBC, 0xED },  // 柬
    { 0x67ED, 0x96, 0xC2 },  // 柭
    { 0x67EE, 0x96, 0xC3 },  // 柮
    { 0x67EF, 0xBF, 0xC2 },  // 柯
    { 0x67F0, 0xE8, 0xCD },  // 柰
    { 0x67F1, 0xD6, 0xF9 },  // 柱
    { 0x67F2, 0x96, 0xC4 },  // 柲
    { 0x67F3, 0xC1, 0xF8 },  // 柳
    { 0x67F4, 0xB2, 0xF1 },  // 柴
    { 0x67F5, 0x96, 0xC5 },  // 柵
    { 0x67F6, 0x96, 0xC6 },  // 柶
    { 0x67F7, 0x96, 0xC7 },  // 柷
    { 0x67F8, 0x96, 0xC8 },  // 柸
    { 0x67F9, 0x96, 0xC9 },  // 柹
    { 0x67FA, 0x96, 0xCA },  // 柺
    { 0x67FB, 0x96, 0xCB },  // 査
    { 0x67FC, 0x96, 0xCC },  // 柼
    { 0x67FD, 0xE8, 0xDF },  // 柽
    { 0x67FE, 0x96, 0xCD },  // 柾
    { 0x67FF, 0xCA, 0xC1 },  // 柿
    { 0x6800, 0xE8, 0xD9 },  // 栀
    { 0x6801, 0x96, 0xCE },  // 栁
    { 0x6802, 0x96, 0xCF },  // 栂
    { 0x6803, 0x96, 0xD0 },  // 栃
    { 0x6804, 0x96, 0xD1 },  // 栄
    { 0x6805, 0xD5, 0xA4 },  // 栅
    { 0x6806, 0x96, 0xD2 },  // 栆
    { 0x6807, 0xB1, 0xEA },  // 标
    { 0x6808, 0xD5, 0xBB },  // 栈
    { 0x6809, 0xE8, 0xCE },  // 栉
    { 0x680A, 0xE8, 0xD0 },  // 栊
    { 0x680B, 0xB6, 0xB0 },  // 栋
    { 0x680C, 0xE8, 0xD3 },  // 栌
    { 0x680D, 0x96, 0xD3 },  // 栍
    { 0x680E, 0xE8, 0xDD },  // 栎
    { 0x680F, 0xC0, 0xB8 },  // 栏
    { 0x6810, 0x96, 0xD4 },  // 栐
    { 0x6811, 0xCA, 0xF7 },  // 树
    { 0x6812, 0x96, 0xD5 },  // 栒
    { 0x6813, 0xCB, 0xA8 },  // 栓
    { 0x6814, 0x96, 0xD6 },  // 栔
    { 0x6815, 0x96, 0xD7 },  // 栕
    { 0x6816, 0xC6, 0xDC },  // 栖
    { 0x6817, 0xC0, 0xF5 },  // 栗
    { 0x6818, 0x96, 0xD8 },  // 栘
    { 0x6819, 0x96, 0xD9 },  // 栙
    { 0x681A, 0x96, 0xDA },  // 栚
    { 0x681B, 0x96, 0xDB },  // 栛
    { 0x681C, 0x96, 0xDC },  // 栜
    { 0x681D, 0xE8, 0xE9 },  // 栝
    { 0x681E, 0x96, 0xDD },  // 栞
    { 0x681F, 0x96, 0xDE },  // 栟
    { 0x6820, 0x96, 0xDF },  // 栠
    { 0x6821, 0xD0, 0xA3 },  // 校
    { 0x6822, 0x96, 0xE0 },  // 栢
    { 0x6823, 0x96, 0xE1 },  // 栣
    { 0x6824, 0x96, 0xE2 },  // 栤
    { 0x6825, 0x96, 0xE3 },  // 栥
    { 0x6826, 0x96, 0xE4 },  // 栦
    { 0x6827, 0x96, 0xE5 },  // 栧
    { 0x6828, 0x96, 0xE6 },  // 栨
    { 0x6829, 0xE8, 0xF2 },  // 栩
    { 0x682A, 0xD6, 0xEA },  // 株
    { 0x682B, 0x96, 0xE7 },  // 栫
    { 0x682C, 0x96, 0xE8 },  // 栬
    { 0x682D, 0x96, 0xE9 },  // 栭
    { 0x682E, 0x96, 0xEA },  // 栮
    { 0x682F, 0x96, 0xEB },  // 栯
    { 0x6830, 0x96, 0xEC },  // 栰
    { 0x6831, 0x96, 0xED },  // 栱
    { 0x6832, 0xE8, 0xE0 },  // 栲
    { 0x6833, 0xE8, 0xE1 },  // 栳
    { 0x6834, 0x96, 0xEE },  // 栴
    { 0x6835, 0x96, 0xEF },  // 栵
    { 0x6836, 0x96, 0xF0 },  // 栶
    { 0x6837, 0xD1, 0xF9 },  // 样
    { 0x6838, 0xBA, 0xCB },  // 核
    { 0x6839, 0xB8, 0xF9 },  // 根
    { 0x683A, 0x96, 0xF1 },  // 栺
    { 0x683B, 0x96, 0xF2 },  // 栻
    { 0x683C, 0xB8, 0xF1 },  // 格
    { 0x683D, 0xD4, 0xD4 },  // 栽
    { 0x683E, 0xE8, 0xEF },  // 栾
    { 0x683F, 0x96, 0xF3 },  // 栿
    { 0x6840, 0xE8, 0xEE },  // 桀
    { 0x6841, 0xE8, 0xEC },  // 桁
    { 0x6842, 0xB9, 0xF0 },  // 桂
    { 0x6843, 0xCC, 0xD2 },  // 桃
    { 0x6844, 0xE8, 0xE6 },  // 桄
    { 0x6845, 0xCE, 0xA6 },  // 桅
    { 0x6846, 0xBF, 0xF2 },  // 框
    { 0x6847, 0x96, 0xF4 },  // 桇
    { 0x6848, 0xB0, 0xB8 },  // 案
    { 0x6849, 0xE8, 0xF1 },  // 桉
    { 0x684A, 0xE8, 0xF0 },  // 桊
    { 0x684B, 0x96, 0xF5 },  // 桋
    { 0x684C, 0xD7, 0xC0 },  // 桌
    { 0x684D, 0x96, 0xF6 },  // 桍
    { 0x684E, 0xE8, 0xE4 },  // 桎
    { 0x684F, 0x96, 0xF7 },  // 桏
    { 0x6850, 0xCD, 0xA9 },  // 桐
    { 0x6851, 0xC9, 0xA3 },  // 桑
    { 0x6852, 0x96, 0xF8 },  // 桒
    { 0x6853, 0xBB, 0xB8 },  // 桓
    { 0x6854, 0xBD, 0xDB },  // 桔
    { 0x6855, 0xE8, 0xEA },  // 桕
    { 0x6856, 0x96, 0xF9 },  // 桖
    { 0x6857, 0x96, 0xFA },  // 桗
    { 0x6858, 0x96, 0xFB },  // 桘
    { 0x6859, 0x96, 0xFC },  // 桙
    { 0x685A, 0x96, 0xFD },  // 桚
    { 0x685B, 0x96, 0xFE },  // 桛
    { 0x685C, 0x97, 0x40 },  // 桜
    { 0x685D, 0x97, 0x41 },  // 桝
    { 0x685E, 0x97, 0x42 },  // 桞
    { 0x685F, 0x97, 0x43 },  // 桟
    { 0x6860, 0xE8, 0xE2 },  // 桠
    { 0x6861, 0xE8, 0xE3 },  // 桡
    { 0x6862, 0xE8, 0xE5 },  // 桢
    { 0x6863, 0xB5, 0xB5 },  // 档
    { 0x6864, 0xE8, 0xE7 },  // 桤
    { 0x6865, 0xC7, 0xC5 },  // 桥
    { 0x6866, 0xE8, 0xEB },  // 桦
    { 0x6867, 0xE8, 0xED },  // 桧
    { 0x6868, 0xBD, 0xB0 },  // 桨
    { 0x6869, 0xD7, 0xAE },  // 桩
    { 0x686A, 0x97, 0x44 },  // 桪
    { 0x686B, 0xE8, 0xF8 },  // 桫
    { 0x686C, 0x97, 0x45 },  // 桬
    { 0x686D, 0x97, 0x46 },  // 桭
    { 0x686E, 0x97, 0x47 },  // 桮
    { 0x686F, 0x97, 0x48 },  // 桯
    { 0x6870, 0x97, 0x49 },  // 桰
    { 0x6871, 0x97, 0x4A },  // 桱
    { 0x6872, 0x97, 0x4B },  // 桲
    { 0x6873, 0x97, 0x4C },  // 桳
    { 0x6874, 0xE8, 0xF5 },  // 桴
    { 0x6875, 0x97, 0x4D },  // 桵
    { 0x6876, 0xCD, 0xB0 },  // 桶
    { 0x6877, 0xE8, 0xF6 },  // 桷
    { 0x6878, 0x97, 0x4E },  // 桸
    { 0x6879, 0x97, 0x4F },  // 桹
    { 0x687A, 0x97, 0x50 },  // 桺
    { 0x687B, 0x97, 0x51 },  // 桻
    { 0x687C, 0x97, 0x52 },  // 桼
    { 0x687D, 0x97, 0x53 },  // 桽
    { 0x687E, 0x97, 0x54 },  // 桾
    { 0x687F, 0x97, 0x55 },  // 桿
    { 0x6880, 0x97, 0x56 },  // 梀
    { 0x6881, 0xC1, 0xBA },  // 梁
    { 0x6882, 0x97, 0x57 },  // 梂
    { 0x6883, 0xE8, 0xE8 },  // 梃
    { 0x6884, 0x97, 0x58 },  // 梄
    { 0x6885, 0xC3, 0xB7 },  // 梅
    { 0x6886, 0xB0, 0xF0 },  // 梆
    { 0x6887, 0x97, 0x59 },  // 梇
    { 0x6888, 0x97, 0x5A },  // 梈
    { 0x6889, 0x97, 0x5B },  // 梉
    { 0x688A, 0x97, 0x5C },  // 梊
    { 0x688B, 0x97, 0x5D },  // 梋
    { 0x688C, 0x97, 0x5E },  // 梌
    { 0x688D, 0x97, 0x5F },  // 梍
    { 0x688E, 0x97, 0x60 },  // 梎
    { 0x688F, 0xE8, 0xF4 },  // 梏
    { 0x6890, 0x97, 0x61 },  // 梐
    { 0x6891, 0x97, 0x62 },  // 梑
    { 0x6892, 0x97, 0x63 },  // 梒
    { 0x6893, 0xE8, 0xF7 },  // 梓
    { 0x6894, 0x97, 0x64 },  // 梔
    { 0x6895, 0x97, 0x65 },  // 梕
    { 0x6896, 0x97, 0x66 },  // 梖
    { 0x6897, 0xB9, 0xA3 },  // 梗
    { 0x6898, 0x97, 0x67 },  // 梘
    { 0x6899, 0x97, 0x68 },  // 梙
    { 0x689A, 0x97, 0x69 },  // 梚
    { 0x689B, 0x97, 0x6A },  // 梛
    { 0x689C, 0x97, 0x6B },  // 梜
    { 0x689D, 0x97, 0x6C },  // 條
    { 0x689E, 0x97, 0x6D },  // 梞
    { 0x689F, 0x97, 0x6E },  // 梟
    { 0x68A0, 0x97, 0x6F },  // 梠
    { 0x68A1, 0x97, 0x70 },  // 梡
    { 0x68A2, 0xC9, 0xD2 },  // 梢
    { 0x68A3, 0x97, 0x71 },  // 梣
    { 0x68A4, 0x97, 0x72 },  // 梤
    { 0x68A5, 0x97, 0x73 },  // 梥
    { 0x68A6, 0xC3, 0xCE },  // 梦
    { 0x68A7, 0xCE, 0xE0 },  // 梧
    { 0x68A8, 0xC0, 0xE6 },  // 梨
    { 0x68A9, 0x97, 0x74 },  // 梩
    { 0x68AA, 0x97, 0x75 },  // 梪
    { 0x68AB, 0x97, 0x76 },  // 梫
    { 0x68AC, 0x97, 0x77 },  // 梬
    { 0x68AD, 0xCB, 0xF3 },  // 梭
    { 0x68AE, 0x97, 0x78 },  // 梮
    { 0x68AF, 0xCC, 0xDD },  // 梯
    { 0x68B0, 0xD0, 0xB5 },  // 械
    { 0x68B1, 0x97, 0x79 },  // 梱
    { 0x68B2, 0x97, 0x7A },  // 梲
    { 0x68B3, 0xCA, 0xE1 },  // 梳
    { 0x68B4, 0x97, 0x7B },  // 梴
    { 0x68B5, 0xE8, 0xF3 },  // 梵
    { 0x68B6, 0x97, 0x7C },  // 梶
    { 0x68B7, 0x97, 0x7D },  // 梷
    { 0x68B8, 0x97, 0x7E },  // 梸
    { 0x68B9, 0x97, 0x80 },  // 梹
    { 0x68BA, 0x97, 0x81 },  // 梺
    { 0x68BB, 0x97, 0x82 },  // 梻
    { 0x68BC, 0x97, 0x83 },  // 梼
    { 0x68BD, 0x97, 0x84 },  // 梽
    { 0x68BE, 0x97, 0x85 },  // 梾
    { 0x68BF, 0x97, 0x86 },  // 梿
    { 0x68C0, 0xBC, 0xEC },  // 检
    { 0x68C1, 0x97, 0x87 },  // 棁
    { 0x68C2, 0xE8, 0xF9 },  // 棂
    { 0x68C3, 0x97, 0x88 },  // 棃
    { 0x68C4, 0x97, 0x89 },  // 棄
    { 0x68C5, 0x97, 0x8A },  // 棅
    { 0x68C6, 0x97, 0x8B },  // 棆
    { 0x68C7, 0x97, 0x8C },  // 棇
    { 0x68C8, 0x97, 0x8D },  // 棈
    { 0x68C9, 0xC3, 0xDE },  // 棉
    { 0x68CA, 0x97, 0x8E },  // 棊
    { 0x68CB, 0xC6, 0xE5 },  // 棋
    { 0x68CC, 0x97, 0x8F },  // 棌
    { 0x68CD, 0xB9, 0xF7 },  // 棍
    { 0x68CE, 0x97, 0x90 },  // 棎
    { 0x68CF, 0x97, 0x91 },  // 棏
    { 0x68D0, 0x97, 0x92 },  // 棐
    { 0x68D1, 0x97, 0x93 },  // 棑
    { 0x68D2, 0xB0, 0xF4 },  // 棒
    { 0x68D3, 0x97, 0x94 },  // 棓
    { 0x68D4, 0x97, 0x95 },  // 棔
    { 0x68D5, 0xD7, 0xD8 },  // 棕
    { 0x68D6, 0x97, 0x96 },  // 棖
    { 0x68D7, 0x97, 0x97 },  // 棗
    { 0x68D8, 0xBC, 0xAC },  // 棘
    { 0x68D9, 0x97, 0x98 },  // 棙
    { 0x68DA, 0xC5, 0xEF },  // 棚
    { 0x68DB, 0x97, 0x99 },  // 棛
    { 0x68DC, 0x97, 0x9A },  // 棜
    { 0x68DD, 0x97, 0x9B },  // 棝
    { 0x68DE, 0x97, 0x9C },  // 棞
    { 0x68DF, 0x97, 0x9D },  // 棟
    { 0x68E0, 0xCC, 0xC4 },  // 棠
    { 0x68E1, 0x97, 0x9E },  // 棡
    { 0x68E2, 0x97, 0x9F },  // 棢
    { 0x68E3, 0xE9, 0xA6 },  // 棣
    { 0x68E4, 0x97, 0xA0 },  // 棤
    { 0x68E5, 0x97, 0xA1 },  // 棥
    { 0x68E6, 0x97, 0xA2 },  // 棦
    { 0x68E7, 0x97, 0xA3 },  // 棧
    { 0x68E8, 0x97, 0xA4 },  // 棨
    { 0x68E9, 0x97, 0xA5 },  // 棩
    { 0x68EA, 0x97, 0xA6 },  // 棪
    { 0x68EB, 0x97, 0xA7 },  // 棫
    { 0x68EC, 0x97, 0xA8 },  // 棬
    { 0x68ED, 0x97, 0xA9 },  // 棭
    { 0x68EE, 0xC9, 0xAD },  // 森
    { 0x68EF, 0x97, 0xAA },  // 棯
    { 0x68F0, 0xE9, 0xA2 },  // 棰
    { 0x68F1, 0xC0, 0xE2 },  // 棱
    { 0x68F2, 0x97, 0xAB },  // 棲
    { 0x68F3, 0x97, 0xAC },  // 棳
    { 0x68F4, 0x97, 0xAD },  // 棴
    { 0x68F5, 0xBF, 0xC3 },  // 棵
    { 0x68F6, 0x97, 0xAE },  // 棶
    { 0x68F7, 0x97, 0xAF },  // 棷
    { 0x68F8, 0x97, 0xB0 },  // 棸
    { 0x68F9, 0xE8, 0xFE },  // 棹
    { 0x68FA, 0xB9, 0xD7 },  // 棺
    { 0x68FB, 0x97, 0xB1 },  // 棻
    { 0x68FC, 0xE8, 0xFB },  // 棼
    { 0x68FD, 0x97, 0xB2 },  // 棽
    { 0x68FE, 0x97, 0xB3 },  // 棾
    { 0x68FF, 0x97, 0xB4 },  // 棿
    { 0x6900, 0x97, 0xB5 },  // 椀
    { 0x6901, 0xE9, 0xA4 },  // 椁
    { 0x6902, 0x97, 0xB6 },  // 椂
    { 0x6903, 0x97, 0xB7 },  // 椃
    { 0x6904, 0x97, 0xB8 },  // 椄
    { 0x6905, 0xD2, 0xCE },  // 椅
    { 0x6906, 0x97, 0xB9 },  // 椆
    { 0x6907, 0x97, 0xBA },  // 椇
    { 0x6908, 0x97, 0xBB },  // 椈
    { 0x6909, 0x97, 0xBC },  // 椉
    { 0x690A, 0x97, 0xBD },  // 椊
    { 0x690B, 0xE9, 0xA3 },  // 椋
    { 0x690C, 0x97, 0xBE },  // 椌
    { 0x690D, 0xD6, 0xB2 },  // 植
    { 0x690E, 0xD7, 0xB5 },  // 椎
    { 0x690F, 0x97, 0xBF },  // 椏
    { 0x6910, 0xE9, 0xA7 },  // 椐
    { 0x6911, 0x97, 0xC0 },  // 椑
    { 0x6912, 0xBD, 0xB7 },  // 椒
    { 0x6913, 0x97, 0xC1 },  // 椓
    { 0x6914, 0x97, 0xC2 },  // 椔
    { 0x6915, 0x97, 0xC3 },  // 椕
    { 0x6916, 0x97, 0xC4 },  // 椖
    { 0x6917, 0x97, 0xC5 },  // 椗
    { 0x6918, 0x97, 0xC6 },  // 椘
    { 0x6919, 0x97, 0xC7 },  // 椙
    { 0x691A, 0x97, 0xC8 },  // 椚
    { 0x691B, 0x97, 0xC9 },  // 椛
    { 0x691C, 0x97, 0xCA },  // 検
    { 0x691D, 0x97, 0xCB },  // 椝
    { 0x691E, 0x97, 0xCC },  // 椞
    { 0x691F, 0xE8, 0xFC },  // 椟
    { 0x6920, 0xE8, 0xFD },  // 椠
    { 0x6921, 0x97, 0xCD },  // 椡
    { 0x6922, 0x97, 0xCE },  // 椢
    { 0x6923, 0x97, 0xCF },  // 椣
    { 0x6924, 0xE9, 0xA1 },  // 椤
    { 0x6925, 0x97, 0xD0 },  // 椥
    { 0x6926, 0x97, 0xD1 },  // 椦
    { 0x6927, 0x97, 0xD2 },  // 椧
    { 0x6928, 0x97, 0xD3 },  // 椨
    { 0x6929, 0x97, 0xD4 },  // 椩
    { 0x692A, 0x97, 0xD5 },  // 椪
    { 0x692B, 0x97, 0xD6 },  // 椫
    { 0x692C, 0x97, 0xD7 },  // 椬
    { 0x692D, 0xCD, 0xD6 },  // 椭
    { 0x692E, 0x97, 0xD8 },  // 椮
    { 0x692F, 0x97, 0xD9 },  // 椯
    { 0x6930, 0xD2, 0xAC },  // 椰
    { 0x6931, 0x97, 0xDA },  // 椱
    { 0x6932, 0x97, 0xDB },  // 椲
    { 0x6933, 0x97, 0xDC },  // 椳
    { 0x6934, 0xE9, 0xB2 },  // 椴
    { 0x6935, 0x97, 0xDD },  // 椵
    { 0x6936, 0x97, 0xDE },  // 椶
    { 0x6937, 0x97, 0xDF },  // 椷
    { 0x6938, 0x97, 0xE0 },  // 椸
    { 0x6939, 0xE9, 0xA9 },  // 椹
    { 0x693A, 0x97, 0xE1 },  // 椺
    { 0x693B, 0x97, 0xE2 },  // 椻
    { 0x693C, 0x97, 0xE3 },  // 椼
    { 0x693D, 0xB4, 0xAA },  // 椽
    { 0x693E, 0x97, 0xE4 },  // 椾
    { 0x693F, 0xB4, 0xBB },  // 椿
    { 0x6940, 0x97, 0xE5 },  // 楀
    { 0x6941, 0x97, 0xE6 },  // 楁
    { 0x6942, 0xE9, 0xAB },  // 楂
    { 0x6943, 0x97, 0xE7 },  // 楃
    { 0x6944, 0x97, 0xE8 },  // 楄
    { 0x6945, 0x97, 0xE9 },  // 楅
    { 0x6946, 0x97, 0xEA },  // 楆
    { 0x6947, 0x97, 0xEB },  // 楇
    { 0x6948, 0x97, 0xEC },  // 楈
    { 0x6949, 0x97, 0xED },  // 楉
    { 0x694A, 0x97, 0xEE },  // 楊
    { 0x694B, 0x97, 0xEF },  // 楋
    { 0x694C, 0x97, 0xF0 },  // 楌
    { 0x694D, 0x97, 0xF1 },  // 楍
    { 0x694E, 0x97, 0xF2 },  // 楎
    { 0x694F, 0x97, 0xF3 },  // 楏
    { 0x6950, 0x97, 0xF4 },  // 楐
    { 0x6951, 0x97, 0xF5 },  // 楑
    { 0x6952, 0x97, 0xF6 },  // 楒
    { 0x6953, 0x97, 0xF7 },  // 楓
    { 0x6954, 0xD0, 0xA8 },  // 楔
    { 0x6955, 0x97, 0xF8 },  // 楕
    { 0x6956, 0x97, 0xF9 },  // 楖
    { 0x6957, 0xE9, 0xA5 },  // 楗
    { 0x6958, 0x97, 0xFA },  // 楘
    { 0x6959, 0x97, 0xFB },  // 楙
    { 0x695A, 0xB3, 0xFE },  // 楚
    { 0x695B, 0x97, 0xFC },  // 楛
    { 0x695C, 0x97, 0xFD },  // 楜
    { 0x695D, 0xE9, 0xAC },  // 楝
    { 0x695E, 0xC0, 0xE3 },  // 楞
    { 0x695F, 0x97, 0xFE },  // 楟
    { 0x6960, 0xE9, 0xAA },  // 楠
    { 0x6961, 0x98, 0x40 },  // 楡
    { 0x6962, 0x98, 0x41 },  // 楢
    { 0x6963, 0xE9, 0xB9 },  // 楣
    { 0x6964, 0x98, 0x42 },  // 楤
    { 0x6965, 0x98, 0x43 },  // 楥
    { 0x6966, 0xE9, 0xB8 },  // 楦
    { 0x6967, 0x98, 0x44 },  // 楧
    { 0x6968, 0x98, 0x45 },  // 楨
    { 0x6969, 0x98, 0x46 },  // 楩
    { 0x696A, 0x98, 0x47 },  // 楪
    { 0x696B, 0xE9, 0xAE },  // 楫
    { 0x696C, 0x98, 0x48 },  // 楬
    { 0x696D, 0x98, 0x49 },  // 業
    { 0x696E, 0xE8, 0xFA },  // 楮
    { 0x696F, 0x98, 0x4A },  // 楯
    { 0x6970, 0x98, 0x4B },  // 楰
    { 0x6971, 0xE9, 0xA8 },  // 楱
    { 0x6972, 0x98, 0x4C },  // 楲
    { 0x6973, 0x98, 0x4D },  // 楳
    { 0x6974, 0x98, 0x4E },  // 楴
    { 0x6975, 0x98, 0x4F },  // 極
    { 0x6976, 0x98, 0x50 },  // 楶
    { 0x6977, 0xBF, 0xAC },  // 楷
    { 0x6978, 0xE9, 0xB1 },  // 楸
    { 0x6979, 0xE9, 0xBA },  // 楹
    { 0x697A, 0x98, 0x51 },  // 楺
    { 0x697B, 0x98, 0x52 },  // 楻
    { 0x697C, 0xC2, 0xA5 },  // 楼
    { 0x697D, 0x98, 0x53 },  // 楽
    { 0x697E, 0x98, 0x54 },  // 楾
    { 0x697F, 0x98, 0x55 },  // 楿
    { 0x6980, 0xE9, 0xAF },  // 榀
    { 0x6981, 0x98, 0x56 },  // 榁
    { 0x6982, 0xB8, 0xC5 },  // 概
    { 0x6983, 0x98, 0x57 },  // 榃
    { 0x6984, 0xE9, 0xAD },  // 榄
    { 0x6985, 0x98, 0x58 },  // 榅
    { 0x6986, 0xD3, 0xDC },  // 榆
    { 0x6987, 0xE9, 0xB4 },  // 榇
    { 0x6988, 0xE9, 0xB5 },  // 榈
    { 0x6989, 0xE9, 0xB7 },  // 榉
    { 0x698A, 0x98, 0x59 },  // 榊
    { 0x698B, 0x98, 0x5A },  // 榋
    { 0x698C, 0x98, 0x5B },  // 榌
    { 0x698D, 0xE9, 0xC7 },  // 榍
    { 0x698E, 0x98, 0x5C },  // 榎
    { 0x698F, 0x98, 0x5D },  // 榏
    { 0x6990, 0x98, 0x5E },  // 榐
    { 0x6991, 0x98, 0x5F },  // 榑
    { 0x6992, 0x98, 0x60 },  // 榒
    { 0x6993, 0x98, 0x61 },  // 榓
    { 0x6994, 0xC0, 0xC6 },  // 榔
    { 0x6995, 0xE9, 0xC5 },  // 榕
    { 0x6996, 0x98, 0x62 },  // 榖
    { 0x6997, 0x98, 0x63 },  // 榗
    { 0x6998, 0xE9, 0xB0 },  // 榘
    { 0x6999, 0x98, 0x64 },  // 榙
    { 0x699A, 0x98, 0x65 },  // 榚
    { 0x699B, 0xE9, 0xBB },  // 榛
    { 0x699C, 0xB0, 0xF1 },  // 榜
    { 0x699D, 0x98, 0x66 },  // 榝
    { 0x699E, 0x98, 0x67 },  // 榞
    { 0x699F, 0x98, 0x68 },  // 榟
    { 0x69A0, 0x98, 0x69 },  // 榠
    { 0x69A1, 0x98, 0x6A },  // 榡
    { 0x69A2, 0x98, 0x6B },  // 榢
    { 0x69A3, 0x98, 0x6C },  // 榣
    { 0x69A4, 0x98, 0x6D },  // 榤
    { 0x69A5, 0x98, 0x6E },  // 榥
    { 0x69A6, 0x98, 0x6F },  // 榦
    { 0x69A7, 0xE9, 0xBC },  // 榧
    { 0x69A8, 0xD5, 0xA5 },  // 榨
    { 0x69A9, 0x98, 0x70 },  // 榩
    { 0x69AA, 0x98, 0x71 },  // 榪
    { 0x69AB, 0xE9, 0xBE },  // 榫
    { 0x69AC, 0x98, 0x72 },  // 榬
    { 0x69AD, 0xE9, 0xBF },  // 榭
    { 0x69AE, 0x98, 0x73 },  // 榮
    { 0x69AF, 0x98, 0x74 },  // 榯
    { 0x69B0, 0x98, 0x75 },  // 榰
    { 0x69B1, 0xE9, 0xC1 },  // 榱
    { 0x69B2, 0x98, 0x76 },  // 榲
    { 0x69B3, 0x98, 0x77 },  // 榳
    { 0x69B4, 0xC1, 0xF1 },  // 榴
    { 0x69B5, 0x98, 0x78 },  // 榵
    { 0x69B6, 0x98, 0x79 },  // 榶
    { 0x69B7, 0xC8, 0xB6 },  // 榷
    { 0x69B8, 0x98, 0x7A },  // 榸
    { 0x69B9, 0x98, 0x7B },  // 榹
    { 0x69BA, 0x98, 0x7C },  // 榺
    { 0x69BB, 0xE9, 0xBD },  // 榻
    { 0x69BC, 0x98, 0x7D },  // 榼
    { 0x69BD, 0x98, 0x7E },  // 榽
    { 0x69BE, 0x98, 0x80 },  // 榾
    { 0x69BF, 0x98, 0x81 },  // 榿
    { 0x69C0, 0x98, 0x82 },  // 槀
    { 0x69C1, 0xE9, 0xC2 },  // 槁
    { 0x69C2, 0x98, 0x83 },  // 槂
    { 0x69C3, 0x98, 0x84 },  // 槃
    { 0x69C4, 0x98, 0x85 },  // 槄
    { 0x69C5, 0x98, 0x86 },  // 槅
    { 0x69C6, 0x98, 0x87 },  // 槆
    { 0x69C7, 0x98, 0x88 },  // 槇
    { 0x69C8, 0x98, 0x89 },  // 槈
    { 0x69C9, 0x98, 0x8A },  // 槉
    { 0x69CA, 0xE9, 0xC3 },  // 槊
    { 0x69CB, 0x98, 0x8B },  // 構
    { 0x69CC, 0xE9, 0xB3 },  // 槌
    { 0x69CD, 0x98, 0x8C },  // 槍
    { 0x69CE, 0xE9, 0xB6 },  // 槎
    { 0x69CF, 0x98, 0x8D },  // 槏
    { 0x69D0, 0xBB, 0xB1 },  // 槐
    { 0x69D1, 0x98, 0x8E },  // 槑
    { 0x69D2, 0x98, 0x8F },  // 槒
    { 0x69D3, 0x98, 0x90 },  // 槓
    { 0x69D4, 0xE9, 0xC0 },  // 槔
    { 0x69D5, 0x98, 0x91 },  // 槕
    { 0x69D6, 0x98, 0x92 },  // 槖
    { 0x69D7, 0x98, 0x93 },  // 槗
    { 0x69D8, 0x98, 0x94 },  // 様
    { 0x69D9, 0x98, 0x95 },  // 槙
    { 0x69DA, 0x98, 0x96 },  // 槚
    { 0x69DB, 0xBC, 0xF7 },  // 槛
    { 0x69DC, 0x98, 0x97 },  // 槜
    { 0x69DD, 0x98, 0x98 },  // 槝
    { 0x69DE, 0x98, 0x99 },  // 槞
    { 0x69DF, 0xE9, 0xC4 },  // 槟
    { 0x69E0, 0xE9, 0xC6 },  // 槠
    { 0x69E1, 0x98, 0x9A },  // 槡
    { 0x69E2, 0x98, 0x9B },  // 槢
    { 0x69E3, 0x98, 0x9C },  // 槣
    { 0x69E4, 0x98, 0x9D },  // 槤
    { 0x69E5, 0x98, 0x9E },  // 槥
    { 0x69E6, 0x98, 0x9F },  // 槦
    { 0x69E7, 0x98, 0xA0 },  // 槧
    { 0x69E8, 0x98, 0xA1 },  // 槨
    { 0x69E9, 0x98, 0xA2 },  // 槩
    { 0x69EA, 0x98, 0xA3 },  // 槪
    { 0x69EB, 0x98, 0xA4 },  // 槫
    { 0x69EC, 0x98, 0xA5 },  // 槬
    { 0x69ED, 0xE9, 0xCA },  // 槭
    { 0x69EE, 0x98, 0xA6 },  // 槮
    { 0x69EF, 0x98, 0xA7 },  // 槯
    { 0x69F0, 0x98, 0xA8 },  // 槰
    { 0x69F1, 0x98, 0xA9 },  // 槱
    { 0x69F2, 0xE9, 0xCE },  // 槲
    { 0x69F3, 0x98, 0xAA },  // 槳
    { 0x69F4, 0x98, 0xAB },  // 槴
    { 0x69F5, 0x98, 0xAC },  // 槵
    { 0x69F6, 0x98, 0xAD },  // 槶
    { 0x69F7, 0x98, 0xAE },  // 槷
    { 0x69F8, 0x98, 0xAF },  // 槸
    { 0x69F9, 0x98, 0xB0 },  // 槹
    { 0x69FA, 0x98, 0xB1 },  // 槺
    { 0x69FB, 0x98, 0xB2 },  // 槻
    { 0x69FC, 0x98, 0xB3 },  // 槼
    { 0x69FD, 0xB2, 0xDB },  // 槽
    { 0x69FE, 0x98, 0xB4 },  // 槾
    { 0x69FF, 0xE9, 0xC8 },  // 槿
    { 0x6A00, 0x98, 0xB5 },  // 樀
    { 0x6A01, 0x98, 0xB6 },  // 樁
    { 0x6A02, 0x98, 0xB7 },  // 樂
    { 0x6A03, 0x98, 0xB8 },  // 樃
    { 0x6A04, 0x98, 0xB9 },  // 樄
    { 0x6A05, 0x98, 0xBA },  // 樅
    { 0x6A06, 0x98, 0xBB },  // 樆
    { 0x6A07, 0x98, 0xBC },  // 樇
    { 0x6A08, 0x98, 0xBD },  // 樈
    { 0x6A09, 0x98, 0xBE },  // 樉
    { 0x6A0A, 0xB7, 0xAE },  // 樊
    { 0x6A0B, 0x98, 0xBF },  // 樋
    { 0x6A0C, 0x98, 0xC0 },  // 樌
    { 0x6A0D, 0x98, 0xC1 },  // 樍
    { 0x6A0E, 0x98, 0xC2 },  // 樎
    { 0x6A0F, 0x98, 0xC3 },  // 樏
    { 0x6A10, 0x98, 0xC4 },  // 樐
    { 0x6A11, 0x98, 0xC5 },  // 樑
    { 0x6A12, 0x98, 0xC6 },  // 樒
    { 0x6A13, 0x98, 0xC7 },  // 樓
    { 0x6A14, 0x98, 0xC8 },  // 樔
    { 0x6A15, 0x98, 0xC9 },  // 樕
    { 0x6A16, 0x98, 0xCA },  // 樖
    { 0x6A17, 0xE9, 0xCB },  // 樗
    { 0x6A18, 0xE9, 0xCC },  // 樘
    { 0x6A19, 0x98, 0xCB },  // 標
    { 0x6A1A, 0x98, 0xCC },  // 樚
    { 0x6A1B, 0x98, 0xCD },  // 樛
    { 0x6A1C, 0x98, 0xCE },  // 樜
    { 0x6A1D, 0x98, 0xCF },  // 樝
    { 0x6A1E, 0x98, 0xD0 },  // 樞
    { 0x6A1F, 0xD5, 0xC1 },  // 樟
    { 0x6A20, 0x98, 0xD1 },  // 樠
    { 0x6A21, 0xC4, 0xA3 },  // 模
    { 0x6A22, 0x98, 0xD2 },  // 樢
    { 0x6A23, 0x98, 0xD3 },  // 樣
    { 0x6A24, 0x98, 0xD4 },  // 樤
    { 0x6A25, 0x98, 0xD5 },  // 樥
    { 0x6A26, 0x98, 0xD6 },  // 樦
    { 0x6A27, 0x98, 0xD7 },  // 樧
    { 0x6A28, 0xE9, 0xD8 },  // 樨
    { 0x6A29, 0x98, 0xD8 },  // 権
    { 0x6A2A, 0xBA, 0xE1 },  // 横
    { 0x6A2B, 0x98, 0xD9 },  // 樫
    { 0x6A2C, 0x98, 0xDA },  // 樬
    { 0x6A2D, 0x98, 0xDB },  // 樭
    { 0x6A2E, 0x98, 0xDC },  // 樮
    { 0x6A2F, 0xE9, 0xC9 },  // 樯
    { 0x6A30, 0x98, 0xDD },  // 樰
    { 0x6A31, 0xD3, 0xA3 },  // 樱
    { 0x6A32, 0x98, 0xDE },  // 樲
    { 0x6A33, 0x98, 0xDF },  // 樳
    { 0x6A34, 0x98, 0xE0 },  // 樴
    { 0x6A35, 0xE9, 0xD4 },  // 樵
    { 0x6A36, 0x98, 0xE1 },  // 樶
    { 0x6A37, 0x98, 0xE2 },  // 樷
    { 0x6A38, 0x98, 0xE3 },  // 樸
    { 0x6A39, 0x98, 0xE4 },  // 樹
    { 0x6A3A, 0x98, 0xE5 },  // 樺
    { 0x6A3B, 0x98, 0xE6 },  // 樻
    { 0x6A3C, 0x98, 0xE7 },  // 樼
    { 0x6A3D, 0xE9, 0xD7 },  // 樽
    { 0x6A3E, 0xE9, 0xD0 },  // 樾
    { 0x6A3F, 0x98, 0xE8 },  // 樿
    { 0x6A40, 0x98, 0xE9 },  // 橀
    { 0x6A41, 0x98, 0xEA },  // 橁
    { 0x6A42, 0x98, 0xEB },  // 橂
    { 0x6A43, 0x98, 0xEC },  // 橃
    { 0x6A44, 0xE9, 0xCF },  // 橄
    { 0x6A45, 0x98, 0xED },  // 橅
    { 0x6A46, 0x98, 0xEE },  // 橆
    { 0x6A47, 0xC7, 0xC1 },  // 橇
    { 0x6A48, 0x98, 0xEF },  // 橈
    { 0x6A49, 0x98, 0xF0 },  // 橉
    { 0x6A4A, 0x98, 0xF1 },  // 橊
    { 0x6A4B, 0x98, 0xF2 },  // 橋
    { 0x6A4C, 0x98, 0xF3 },  // 橌
    { 0x6A4D, 0x98, 0xF4 },  // 橍
    { 0x6A4E, 0x98, 0xF5 },  // 橎
    { 0x6A4F, 0x98, 0xF6 },  // 橏
    { 0x6A50, 0xE9, 0xD2 },  // 橐
    { 0x6A51, 0x98, 0xF7 },  // 橑
    { 0x6A52, 0x98, 0xF8 },  // 橒
    { 0x6A53, 0x98, 0xF9 },  // 橓
    { 0x6A54, 0x98, 0xFA },  // 橔
    { 0x6A55, 0x98, 0xFB },  // 橕
    { 0x6A56, 0x98, 0xFC },  // 橖
    { 0x6A57, 0x98, 0xFD },  // 橗
    { 0x6A58, 0xE9, 0xD9 },  // 橘
    { 0x6A59, 0xB3, 0xC8 },  // 橙
    { 0x6A5A, 0x98, 0xFE },  // 橚
    { 0x6A5B, 0xE9, 0xD3 },  // 橛
    { 0x6A5C, 0x99, 0x40 },  // 橜
    { 0x6A5D, 0x99, 0x41 },  // 橝
    { 0x6A5E, 0x99, 0x42 },  // 橞
    { 0x6A5F, 0x99, 0x43 },  // 機
    { 0x6A60, 0x99, 0x44 },  // 橠
    { 0x6A61, 0xCF, 0xF0 },  // 橡
    { 0x6A62, 0x99, 0x45 },  // 橢
    { 0x6A63, 0x99, 0x46 },  // 橣
    { 0x6A64, 0x99, 0x47 },  // 橤
    { 0x6A65, 0xE9, 0xCD },  // 橥
    { 0x6A66, 0x99, 0x48 },  // 橦
    { 0x6A67, 0x99, 0x49 },  // 橧
    { 0x6A68, 0x99, 0x4A },  // 橨
    { 0x6A69, 0x99, 0x4B },  // 橩
    { 0x6A6A, 0x99, 0x4C },  // 橪
    { 0x6A6B, 0x99, 0x4D },  // 橫
    { 0x6A6C, 0x99, 0x4E },  // 橬
    { 0x6A6D, 0x99, 0x4F },  // 橭
    { 0x6A6E, 0x99, 0x50 },  // 橮
    { 0x6A6F, 0x99, 0x51 },  // 橯
    { 0x6A70, 0x99, 0x52 },  // 橰
    { 0x6A71, 0xB3, 0xF7 },  // 橱
    { 0x6A72, 0x99, 0x53 },  // 橲
    { 0x6A73, 0x99, 0x54 },  // 橳
    { 0x6A74, 0x99, 0x55 },  // 橴
    { 0x6A75, 0x99, 0x56 },  // 橵
    { 0x6A76, 0x99, 0x57 },  // 橶
    { 0x6A77, 0x99, 0x58 },  // 橷
    { 0x6A78, 0x99, 0x59 },  // 橸
    { 0x6A79, 0xE9, 0xD6 },  // 橹
    { 0x6A7A, 0x99, 0x5A },  // 橺
    { 0x6A7B, 0x99, 0x5B },  // 橻
    { 0x6A7C, 0xE9, 0xDA },  // 橼
    { 0x6A7D, 0x99, 0x5C },  // 橽
    { 0x6A7E, 0x99, 0x5D },  // 橾
    { 0x6A7F, 0x99, 0x5E },  // 橿
    { 0x6A80, 0xCC, 0xB4 },  // 檀
    { 0x6A81, 0x99, 0x5F },  // 檁
    { 0x6A82, 0x99, 0x60 },  // 檂
    { 0x6A83, 0x99, 0x61 },  // 檃
    { 0x6A84, 0xCF, 0xAD },  // 檄
    { 0x6A85, 0x99, 0x62 },  // 檅
    { 0x6A86, 0x99, 0x63 },  // 檆
    { 0x6A87, 0x99, 0x64 },  // 檇
    { 0x6A88, 0x99, 0x65 },  // 檈
    { 0x6A89, 0x99, 0x66 },  // 檉
    { 0x6A8A, 0x99, 0x67 },  // 檊
    { 0x6A8B, 0x99, 0x68 },  // 檋
    { 0x6A8C, 0x99, 0x69 },  // 檌
    { 0x6A8D, 0x99, 0x6A },  // 檍
    { 0x6A8E, 0xE9, 0xD5 },  // 檎
    { 0x6A8F, 0x99, 0x6B },  // 檏
    { 0x6A90, 0xE9, 0xDC },  // 檐
    { 0x6A91, 0xE9, 0xDB },  // 檑
    { 0x6A92, 0x99, 0x6C },  // 檒
    { 0x6A93, 0x99, 0x6D },  // 檓
    { 0x6A94, 0x99, 0x6E },  // 檔
    { 0x6A95, 0x99, 0x6F },  // 檕
    { 0x6A96, 0x99, 0x70 },  // 檖
    { 0x6A97, 0xE9, 0xDE },  // 檗
    { 0x6A98, 0x99, 0x71 },  // 檘
    { 0x6A99, 0x99, 0x72 },  // 檙
    { 0x6A9A, 0x99, 0x73 },  // 檚
    { 0x6A9B, 0x99, 0x74 },  // 檛
    { 0x6A9C, 0x99, 0x75 },  // 檜
    { 0x6A9D, 0x99, 0x76 },  // 檝
    { 0x6A9E, 0x99, 0x77 },  // 檞
    { 0x6A9F, 0x99, 0x78 },  // 檟
    { 0x6AA0, 0xE9, 0xD1 },  // 檠
    { 0x6AA1, 0x99, 0x79 },  // 檡
    { 0x6AA2, 0x99, 0x7A },  // 檢
    { 0x6AA3, 0x99, 0x7B },  // 檣
    { 0x6AA4, 0x99, 0x7C },  // 檤
    { 0x6AA5, 0x99, 0x7D },  // 檥
    { 0x6AA6, 0x99, 0x7E },  // 檦
    { 0x6AA7, 0x99, 0x80 },  // 檧
    { 0x6AA8, 0x99, 0x81 },  // 檨
    { 0x6AA9, 0xE9, 0xDD },  // 檩
    { 0x6AAA, 0x99, 0x82 },  // 檪
    { 0x6AAB, 0xE9, 0xDF },  // 檫
    { 0x6AAC, 0xC3, 0xCA },  // 檬
    { 0x6AAD, 0x99, 0x83 },  // 檭
    { 0x6AAE, 0x99, 0x84 },  // 檮
    { 0x6AAF, 0x99, 0x85 },  // 檯
    { 0x6AB0, 0x99, 0x86 },  // 檰
    { 0x6AB1, 0x99, 0x87 },  // 檱
    { 0x6AB2, 0x99, 0x88 },  // 檲
    { 0x6AB3, 0x99, 0x89 },  // 檳
    { 0x6AB4, 0x99, 0x8A },  // 檴
    { 0x6AB5, 0x99, 0x8B },  // 檵
    { 0x6AB6, 0x99, 0x8C },  // 檶
    { 0x6AB7, 0x99, 0x8D },  // 檷
    { 0x6AB8, 0x99, 0x8E },  // 檸
    { 0x6AB9, 0x99, 0x8F },  // 檹
    { 0x6ABA, 0x99, 0x90 },  // 檺
    { 0x6ABB, 0x99, 0x91 },  // 檻
    { 0x6ABC, 0x99, 0x92 },  // 檼
    { 0x6ABD, 0x99, 0x93 },  // 檽
    { 0x6ABE, 0x99, 0x94 },  // 檾
    { 0x6ABF, 0x99, 0x95 },  // 檿
    { 0x6AC0, 0x99, 0x96 },  // 櫀
    { 0x6AC1, 0x99, 0x97 },  // 櫁
    { 0x6AC2, 0x99, 0x98 },  // 櫂
    { 0x6AC3, 0x99, 0x99 },  // 櫃
    { 0x6AC4, 0x99, 0x9A },  // 櫄
    { 0x6AC5, 0x99, 0x9B },  // 櫅
    { 0x6AC6, 0x99, 0x9C },  // 櫆
    { 0x6AC7, 0x99, 0x9D },  // 櫇
    { 0x6AC8, 0x99, 0x9E },  // 櫈
    { 0x6AC9, 0x99, 0x9F },  // 櫉
    { 0x6ACA, 0x99, 0xA0 },  // 櫊
    { 0x6ACB, 0x99, 0xA1 },  // 櫋
    { 0x6ACC, 0x99, 0xA2 },  // 櫌
    { 0x6ACD, 0x99, 0xA3 },  // 櫍
    { 0x6ACE, 0x99, 0xA4 },  // 櫎
    { 0x6ACF, 0x99, 0xA5 },  // 櫏
    { 0x6AD0, 0x99, 0xA6 },  // 櫐
    { 0x6AD1, 0x99, 0xA7 },  // 櫑
    { 0x6AD2, 0x99, 0xA8 },  // 櫒
    { 0x6AD3, 0x99, 0xA9 },  // 櫓
    { 0x6AD4, 0x99, 0xAA },  // 櫔
    { 0x6AD5, 0x99, 0xAB },  // 櫕
    { 0x6AD6, 0x99, 0xAC },  // 櫖
    { 0x6AD7, 0x99, 0xAD },  // 櫗
    { 0x6AD8, 0x99, 0xAE },  // 櫘
    { 0x6AD9, 0x99, 0xAF },  // 櫙
    { 0x6ADA, 0x99, 0xB0 },  // 櫚
    { 0x6ADB, 0x99, 0xB1 },  // 櫛
    { 0x6ADC, 0x99, 0xB2 },  // 櫜
    { 0x6ADD, 0x99, 0xB3 },  // 櫝
    { 0x6ADE, 0x99, 0xB4 },  // 櫞
    { 0x6ADF, 0x99, 0xB5 },  // 櫟
    { 0x6AE0, 0x99, 0xB6 },  // 櫠
    { 0x6AE1, 0x99, 0xB7 },  // 櫡
    { 0x6AE2, 0x99, 0xB8 },  // 櫢
    { 0x6AE3, 0x99, 0xB9 },  // 櫣
    { 0x6AE4, 0x99, 0xBA },  // 櫤
    { 0x6AE5, 0x99, 0xBB },  // 櫥
    { 0x6AE6, 0x99, 0xBC },  // 櫦
    { 0x6AE7, 0x99, 0xBD },  // 櫧
    { 0x6AE8, 0x99, 0xBE },  // 櫨
    { 0x6AE9, 0x99, 0xBF },  // 櫩
    { 0x6AEA, 0x99, 0xC0 },  // 櫪
    { 0x6AEB, 0x99, 0xC1 },  // 櫫
    { 0x6AEC, 0x99, 0xC2 },  // 櫬
    { 0x6AED, 0x99, 0xC3 },  // 櫭
    { 0x6AEE, 0x99, 0xC4 },  // 櫮
    { 0x6AEF, 0x99, 0xC5 },  // 櫯
    { 0x6AF0, 0x99, 0xC6 },  // 櫰
    { 0x6AF1, 0x99, 0xC7 },  // 櫱
    { 0x6AF2, 0x99, 0xC8 },  // 櫲
    { 0x6AF3, 0x99, 0xC9 },  // 櫳
    { 0x6AF4, 0x99, 0xCA },  // 櫴
    { 0x6AF5, 0x99, 0xCB },  // 櫵
    { 0x6AF6, 0x99, 0xCC },  // 櫶
    { 0x6AF7, 0x99, 0xCD },  // 櫷
    { 0x6AF8, 0x99, 0xCE },  // 櫸
    { 0x6AF9, 0x99, 0xCF },  // 櫹
    { 0x6AFA, 0x99, 0xD0 },  // 櫺
    { 0x6AFB, 0x99, 0xD1 },  // 櫻
    { 0x6AFC, 0x99, 0xD2 },  // 櫼
    { 0x6AFD, 0x99, 0xD3 },  // 櫽
    { 0x6AFE, 0x99, 0xD4 },  // 櫾
    { 0x6AFF, 0x99, 0xD5 },  // 櫿
    { 0x6B00, 0x99, 0xD6 },  // 欀
    { 0x6B01, 0x99, 0xD7 },  // 欁
    { 0x6B02, 0x99, 0xD8 },  // 欂
    { 0x6B03, 0x99, 0xD9 },  // 欃
    { 0x6B04, 0x99, 0xDA },  // 欄
    { 0x6B05, 0x99, 0xDB },  // 欅
    { 0x6B06, 0x99, 0xDC },  // 欆
    { 0x6B07, 0x99, 0xDD },  // 欇
    { 0x6B08, 0x99, 0xDE },  // 欈
    { 0x6B09, 0x99, 0xDF },  // 欉
    { 0x6B0A, 0x99, 0xE0 },  // 權
    { 0x6B0B, 0x99, 0xE1 },  // 欋
    { 0x6B0C, 0x99, 0xE2 },  // 欌
    { 0x6B0D, 0x99, 0xE3 },  // 欍
    { 0x6B0E, 0x99, 0xE4 },  // 欎
    { 0x6B0F, 0x99, 0xE5 },  // 欏
    { 0x6B10, 0x99, 0xE6 },  // 欐
    { 0x6B11, 0x99, 0xE7 },  // 欑
    { 0x6B12, 0x99, 0xE8 },  // 欒
    { 0x6B13, 0x99, 0xE9 },  // 欓
    { 0x6B14, 0x99, 0xEA },  // 欔
    { 0x6B15, 0x99, 0xEB },  // 欕
    { 0x6B16, 0x99, 0xEC },  // 欖
    { 0x6B17, 0x99, 0xED },  // 欗
    { 0x6B18, 0x99, 0xEE },  // 欘
    { 0x6B19, 0x99, 0xEF },  // 欙
    { 0x6B1A, 0x99, 0xF0 },  // 欚
    { 0x6B1B, 0x99, 0xF1 },  // 欛
    { 0x6B1C, 0x99, 0xF2 },  // 欜
    { 0x6B1D, 0x99, 0xF3 },  // 欝
    { 0x6B1E, 0x99, 0xF4 },  // 欞
    { 0x6B1F, 0x99, 0xF5 },  // 欟
    { 0x6B20, 0xC7, 0xB7 },  // 欠
    { 0x6B21, 0xB4, 0xCE },  // 次
    { 0x6B22, 0xBB, 0xB6 },  // 欢
    { 0x6B23, 0xD0, 0xC0 },  // 欣
    { 0x6B24, 0xEC, 0xA3 },  // 欤
    { 0x6B25, 0x99, 0xF6 },  // 欥
    { 0x6B26, 0x99, 0xF7 },  // 欦
    { 0x6B27, 0xC5, 0xB7 },  // 欧
    { 0x6B28, 0x99, 0xF8 },  // 欨
    { 0x6B29, 0x99, 0xF9 },  // 欩
    { 0x6B2A, 0x99, 0xFA },  // 欪
    { 0x6B2B, 0x99, 0xFB },  // 欫
    { 0x6B2C, 0x99, 0xFC },  // 欬
    { 0x6B2D, 0x99, 0xFD },  // 欭
    { 0x6B2E, 0x99, 0xFE },  // 欮
    { 0x6B2F, 0x9A, 0x40 },  // 欯
    { 0x6B30, 0x9A, 0x41 },  // 欰
    { 0x6B31, 0x9A, 0x42 },  // 欱
    { 0x6B32, 0xD3, 0xFB },  // 欲
    { 0x6B33, 0x9A, 0x43 },  // 欳
    { 0x6B34, 0x9A, 0x44 },  // 欴
    { 0x6B35, 0x9A, 0x45 },  // 欵
    { 0x6B36, 0x9A, 0x46 },  // 欶
    { 0x6B37, 0xEC, 0xA4 },  // 欷
    { 0x6B38, 0x9A, 0x47 },  // 欸
    { 0x6B39, 0xEC, 0xA5 },  // 欹
    { 0x6B3A, 0xC6, 0xDB },  // 欺
    { 0x6B3B, 0x9A, 0x48 },  // 欻
    { 0x6B3C, 0x9A, 0x49 },  // 欼
    { 0x6B3D, 0x9A, 0x4A },  // 欽
    { 0x6B3E, 0xBF, 0xEE },  // 款
    { 0x6B3F, 0x9A, 0x4B },  // 欿
    { 0x6B40, 0x9A, 0x4C },  // 歀
    { 0x6B41, 0x9A, 0x4D },  // 歁
    { 0x6B42, 0x9A, 0x4E },  // 歂
    { 0x6B43, 0xEC, 0xA6 },  // 歃
    { 0x6B44, 0x9A, 0x4F },  // 歄
    { 0x6B45, 0x9A, 0x50 },  // 歅
    { 0x6B46, 0xEC, 0xA7 },  // 歆
    { 0x6B47, 0xD0, 0xAA },  // 歇
    { 0x6B48, 0x9A, 0x51 },  // 歈
    { 0x6B49, 0xC7, 0xB8 },  // 歉
    { 0x6B4A, 0x9A, 0x52 },  // 歊
    { 0x6B4B, 0x9A, 0x53 },  // 歋
    { 0x6B4C, 0xB8, 0xE8 },  // 歌
    { 0x6B4D, 0x9A, 0x54 },  // 歍
    { 0x6B4E, 0x9A, 0x55 },  // 歎
    { 0x6B4F, 0x9A, 0x56 },  // 歏
    { 0x6B50, 0x9A, 0x57 },  // 歐
    { 0x6B51, 0x9A, 0x58 },  // 歑
    { 0x6B52, 0x9A, 0x59 },  // 歒
    { 0x6B53, 0x9A, 0x5A },  // 歓
    { 0x6B54, 0x9A, 0x5B },  // 歔
    { 0x6B55, 0x9A, 0x5C },  // 歕
    { 0x6B56, 0x9A, 0x5D },  // 歖
    { 0x6B57, 0x9A, 0x5E },  // 歗
    { 0x6B58, 0x9A, 0x5F },  // 歘
    { 0x6B59, 0xEC, 0xA8 },  // 歙
    { 0x6B5A, 0x9A, 0x60 },  // 歚
    { 0x6B5B, 0x9A, 0x61 },  // 歛
    { 0x6B5C, 0x9A, 0x62 },  // 歜
    { 0x6B5D, 0x9A, 0x63 },  // 歝
    { 0x6B5E, 0x9A, 0x64 },  // 歞
    { 0x6B5F, 0x9A, 0x65 },  // 歟
    { 0x6B60, 0x9A, 0x66 },  // 歠
    { 0x6B61, 0x9A, 0x67 },  // 歡
    { 0x6B62, 0xD6, 0xB9 },  // 止
    { 0x6B63, 0xD5, 0xFD },  // 正
    { 0x6B64, 0xB4, 0xCB },  // 此
    { 0x6B65, 0xB2, 0xBD },  // 步
    { 0x6B66, 0xCE, 0xE4 },  // 武
    { 0x6B67, 0xC6, 0xE7 },  // 歧
    { 0x6B68, 0x9A, 0x68 },  // 歨
    { 0x6B69, 0x9A, 0x69 },  // 歩
    { 0x6B6A, 0xCD, 0xE1 },  // 歪
    { 0x6B6B, 0x9A, 0x6A },  // 歫
    { 0x6B6C, 0x9A, 0x6B },  // 歬
    { 0x6B6D, 0x9A, 0x6C },  // 歭
    { 0x6B6E, 0x9A, 0x6D },  // 歮
    { 0x6B6F, 0x9A, 0x6E },  // 歯
    { 0x6B70, 0x9A, 0x6F },  // 歰
    { 0x6B71, 0x9A, 0x70 },  // 歱
    { 0x6B72, 0x9A, 0x71 },  // 歲
    { 0x6B73, 0x9A, 0x72 },  // 歳
    { 0x6B74, 0x9A, 0x73 },  // 歴
    { 0x6B75, 0x9A, 0x74 },  // 歵
    { 0x6B76, 0x9A, 0x75 },  // 歶
    { 0x6B77, 0x9A, 0x76 },  // 歷
    { 0x6B78, 0x9A, 0x77 },  // 歸
    { 0x6B79, 0xB4, 0xF5 },  // 歹
    { 0x6B7A, 0x9A, 0x78 },  // 歺
    { 0x6B7B, 0xCB, 0xC0 },  // 死
    { 0x6B7C, 0xBC, 0xDF },  // 歼
    { 0x6B7D, 0x9A, 0x79 },  // 歽
    { 0x6B7E, 0x9A, 0x7A },  // 歾
    { 0x6B7F, 0x9A, 0x7B },  // 歿
    { 0x6B80, 0x9A, 0x7C },  // 殀
    { 0x6B81, 0xE9, 0xE2 },  // 殁
    { 0x6B82, 0xE9, 0xE3 },  // 殂
    { 0x6B83, 0xD1, 0xEA },  // 殃
    { 0x6B84, 0xE9, 0xE5 },  // 殄
    { 0x6B85, 0x9A, 0x7D },  // 殅
    { 0x6B86, 0xB4, 0xF9 },  // 殆
    { 0x6B87, 0xE9, 0xE4 },  // 殇
    { 0x6B88, 0x9A, 0x7E },  // 殈
    { 0x6B89, 0xD1, 0xB3 },  // 殉
    { 0x6B8A, 0xCA, 0xE2 },  // 殊
    { 0x6B8B, 0xB2, 0xD0 },  // 残
    { 0x6B8C, 0x9A, 0x80 },  // 殌
    { 0x6B8D, 0xE9, 0xE8 },  // 殍
    { 0x6B8E, 0x9A, 0x81 },  // 殎
    { 0x6B8F, 0x9A, 0x82 },  // 殏
    { 0x6B90, 0x9A, 0x83 },  // 殐
    { 0x6B91, 0x9A, 0x84 },  // 殑
    { 0x6B92, 0xE9, 0xE6 },  // 殒
    { 0x6B93, 0xE9, 0xE7 },  // 殓
    { 0x6B94, 0x9A, 0x85 },  // 殔
    { 0x6B95, 0x9A, 0x86 },  // 殕
    { 0x6B96, 0xD6, 0xB3 },  // 殖
    { 0x6B97, 0x9A, 0x87 },  // 殗
    { 0x6B98, 0x9A, 0x88 },  // 殘
    { 0x6B99, 0x9A, 0x89 },  // 殙
    { 0x6B9A, 0xE9, 0xE9 },  // 殚
    { 0x6B9B, 0xE9, 0xEA },  // 殛
    { 0x6B9C, 0x9A, 0x8A },  // 殜
    { 0x6B9D, 0x9A, 0x8B },  // 殝
    { 0x6B9E, 0x9A, 0x8C },  // 殞
    { 0x6B9F, 0x9A, 0x8D },  // 殟
    { 0x6BA0, 0x9A, 0x8E },  // 殠
    { 0x6BA1, 0xE9, 0xEB },  // 殡
    { 0x6BA2, 0x9A, 0x8F },  // 殢
    { 0x6BA3, 0x9A, 0x90 },  // 殣
    { 0x6BA4, 0x9A, 0x91 },  // 殤
    { 0x6BA5, 0x9A, 0x92 },  // 殥
    { 0x6BA6, 0x9A, 0x93 },  // 殦
    { 0x6BA7, 0x9A, 0x94 },  // 殧
    { 0x6BA8, 0x9A, 0x95 },  // 殨
    { 0x6BA9, 0x9A, 0x96 },  // 殩
    { 0x6BAA, 0xE9, 0xEC },  // 殪
    { 0x6BAB, 0x9A, 0x97 },  // 殫
    { 0x6BAC, 0x9A, 0x98 },  // 殬
    { 0x6BAD, 0x9A, 0x99 },  // 殭
    { 0x6BAE, 0x9A, 0x9A },  // 殮
    { 0x6BAF, 0x9A, 0x9B },  // 殯
    { 0x6BB0, 0x9A, 0x9C },  // 殰
    { 0x6BB1, 0x9A, 0x9D },  // 殱
    { 0x6BB2, 0x9A, 0x9E },  // 殲
    { 0x6BB3, 0xEC, 0xAF },  // 殳
    { 0x6BB4, 0xC5, 0xB9 },  // 殴
    { 0x6BB5, 0xB6, 0xCE },  // 段
    { 0x6BB6, 0x9A, 0x9F },  // 殶
    { 0x6BB7, 0xD2, 0xF3 },  // 殷
    { 0x6BB8, 0x9A, 0xA0 },  // 殸
    { 0x6BB9, 0x9A, 0xA1 },  // 殹
    { 0x6BBA, 0x9A, 0xA2 },  // 殺
    { 0x6BBB, 0x9A, 0xA3 },  // 殻
    { 0x6BBC, 0x9A, 0xA4 },  // 殼
    { 0x6BBD, 0x9A, 0xA5 },  // 殽
    { 0x6BBE, 0x9A, 0xA6 },  // 殾
    { 0x6BBF, 0xB5, 0xEE },  // 殿
    { 0x6BC0, 0x9A, 0xA7 },  // 毀
    { 0x6BC1, 0xBB, 0xD9 },  // 毁
    { 0x6BC2, 0xEC, 0xB1 },  // 毂
    { 0x6BC3, 0x9A, 0xA8 },  // 毃
    { 0x6BC4, 0x9A, 0xA9 },  // 毄
    { 0x6BC5, 0xD2, 0xE3 },  // 毅
    { 0x6BC6, 0x9A, 0xAA },  // 毆
    { 0x6BC7, 0x9A, 0xAB },  // 毇
    { 0x6BC8, 0x9A, 0xAC },  // 毈
    { 0x6BC9, 0x9A, 0xAD },  // 毉
    { 0x6BCA, 0x9A, 0xAE },  // 毊
    { 0x6BCB, 0xCE, 0xE3 },  // 毋
    { 0x6BCC, 0x9A, 0xAF },  // 毌
    { 0x6BCD, 0xC4, 0xB8 },  // 母
    { 0x6BCE, 0x9A, 0xB0 },  // 毎
    { 0x6BCF, 0xC3, 0xBF },  // 每
    { 0x6BD0, 0x9A, 0xB1 },  // 毐
    { 0x6BD1, 0x9A, 0xB2 },  // 毑
    { 0x6BD2, 0xB6, 0xBE },  // 毒
    { 0x6BD3, 0xD8, 0xB9 },  // 毓
    { 0x6BD4, 0xB1, 0xC8 },  // 比
    { 0x6BD5, 0xB1, 0xCF },  // 毕
    { 0x6BD6, 0xB1, 0xD1 },  // 毖
    { 0x6BD7, 0xC5, 0xFE },  // 毗
    { 0x6BD8, 0x9A, 0xB3 },  // 毘
    { 0x6BD9, 0xB1, 0xD0 },  // 毙
    { 0x6BDA, 0x9A, 0xB4 },  // 毚
    { 0x6BDB, 0xC3, 0xAB },  // 毛
    { 0x6BDC, 0x9A, 0xB5 },  // 毜
    { 0x6BDD, 0x9A, 0xB6 },  // 毝
    { 0x6BDE, 0x9A, 0xB7 },  // 毞
    { 0x6BDF, 0x9A, 0xB8 },  // 毟
    { 0x6BE0, 0x9A, 0xB9 },  // 毠
    { 0x6BE1, 0xD5, 0xB1 },  // 毡
    { 0x6BE2, 0x9A, 0xBA },  // 毢
    { 0x6BE3, 0x9A, 0xBB },  // 毣
    { 0x6BE4, 0x9A, 0xBC },  // 毤
    { 0x6BE5, 0x9A, 0xBD },  // 毥
    { 0x6BE6, 0x9A, 0xBE },  // 毦
    { 0x6BE7, 0x9A, 0xBF },  // 毧
    { 0x6BE8, 0x9A, 0xC0 },  // 毨
    { 0x6BE9, 0x9A, 0xC1 },  // 毩
    { 0x6BEA, 0xEB, 0xA4 },  // 毪
    { 0x6BEB, 0xBA, 0xC1 },  // 毫
    { 0x6BEC, 0x9A, 0xC2 },  // 毬
    { 0x6BED, 0x9A, 0xC3 },  // 毭
    { 0x6BEE, 0x9A, 0xC4 },  // 毮
    { 0x6BEF, 0xCC, 0xBA },  // 毯
    { 0x6BF0, 0x9A, 0xC5 },  // 毰
    { 0x6BF1, 0x9A, 0xC6 },  // 毱
    { 0x6BF2, 0x9A, 0xC7 },  // 毲
    { 0x6BF3, 0xEB, 0xA5 },  // 毳
    { 0x6BF4, 0x9A, 0xC8 },  // 毴
    { 0x6BF5, 0xEB, 0xA7 },  // 毵
    { 0x6BF6, 0x9A, 0xC9 },  // 毶
    { 0x6BF7, 0x9A, 0xCA },  // 毷
    { 0x6BF8, 0x9A, 0xCB },  // 毸
    { 0x6BF9, 0xEB, 0xA8 },  // 毹
    { 0x6BFA, 0x9A, 0xCC },  // 毺
    { 0x6BFB, 0x9A, 0xCD },  // 毻
    { 0x6BFC, 0x9A, 0xCE },  // 毼
    { 0x6BFD, 0xEB, 0xA6 },  // 毽
    { 0x6BFE, 0x9A, 0xCF },  // 毾
    { 0x6BFF, 0x9A, 0xD0 },  // 毿
    { 0x6C00, 0x9A, 0xD1 },  // 氀
    { 0x6C01, 0x9A, 0xD2 },  // 氁
    { 0x6C02, 0x9A, 0xD3 },  // 氂
    { 0x6C03, 0x9A, 0xD4 },  // 氃
    { 0x6C04, 0x9A, 0xD5 },  // 氄
    { 0x6C05, 0xEB, 0xA9 },  // 氅
    { 0x6C06, 0xEB, 0xAB },  // 氆
    { 0x6C07, 0xEB, 0xAA },  // 氇
    { 0x6C08, 0x9A, 0xD6 },  // 氈
    { 0x6C09, 0x9A, 0xD7 },  // 氉
    { 0x6C0A, 0x9A, 0xD8 },  // 氊
    { 0x6C0B, 0x9A, 0xD9 },  // 氋
    { 0x6C0C, 0x9A, 0xDA },  // 氌
    { 0x6C0D, 0xEB, 0xAC },  // 氍
    { 0x6C0E, 0x9A, 0xDB },  // 氎
    { 0x6C0F, 0xCA, 0xCF },  // 氏
    { 0x6C10, 0xD8, 0xB5 },  // 氐
    { 0x6C11, 0xC3, 0xF1 },  // 民
    { 0x6C12, 0x9A, 0xDC },  // 氒
    { 0x6C13, 0xC3, 0xA5 },  // 氓
    { 0x6C14, 0xC6, 0xF8 },  // 气
    { 0x6C15, 0xEB, 0xAD },  // 氕
    { 0x6C16, 0xC4, 0xCA },  // 氖
    { 0x6C17, 0x9A, 0xDD },  // 気
    { 0x6C18, 0xEB, 0xAE },  // 氘
    { 0x6C19, 0xEB, 0xAF },  // 氙
    { 0x6C1A, 0xEB, 0xB0 },  // 氚
    { 0x6C1B, 0xB7, 0xD5 },  // 氛
    { 0x6C1C, 0x9A, 0xDE },  // 氜
    { 0x6C1D, 0x9A, 0xDF },  // 氝
    { 0x6C1E, 0x9A, 0xE0 },  // 氞
    { 0x6C1F, 0xB7, 0xFA },  // 氟
    { 0x6C20, 0x9A, 0xE1 },  // 氠
    { 0x6C21, 0xEB, 0xB1 },  // 氡
    { 0x6C22, 0xC7, 0xE2 },  // 氢
    { 0x6C23, 0x9A, 0xE2 },  // 氣
    { 0x6C24, 0xEB, 0xB3 },  // 氤
    { 0x6C25, 0x9A, 0xE3 },  // 氥
    { 0x6C26, 0xBA, 0xA4 },  // 氦
    { 0x6C27, 0xD1, 0xF5 },  // 氧
    { 0x6C28, 0xB0, 0xB1 },  // 氨
    { 0x6C29, 0xEB, 0xB2 },  // 氩
    { 0x6C2A, 0xEB, 0xB4 },  // 氪
    { 0x6C2B, 0x9A, 0xE4 },  // 氫
    { 0x6C2C, 0x9A, 0xE5 },  // 氬
    { 0x6C2D, 0x9A, 0xE6 },  // 氭
    { 0x6C2E, 0xB5, 0xAA },  // 氮
    { 0x6C2F, 0xC2, 0xC8 },  // 氯
    { 0x6C30, 0xC7, 0xE8 },  // 氰
    { 0x6C31, 0x9A, 0xE7 },  // 氱
    { 0x6C32, 0xEB, 0xB5 },  // 氲
    { 0x6C33, 0x9A, 0xE8 },  // 氳
    { 0x6C34, 0xCB, 0xAE },  // 水
    { 0x6C35, 0xE3, 0xDF },  // 氵
    { 0x6C36, 0x9A, 0xE9 },  // 氶
    { 0x6C37, 0x9A, 0xEA },  // 氷
    { 0x6C38, 0xD3, 0xC0 },  // 永
    { 0x6C39, 0x9A, 0xEB },  // 氹
    { 0x6C3A, 0x9A, 0xEC },  // 氺
    { 0x6C3B, 0x9A, 0xED },  // 氻
    { 0x6C3C, 0x9A, 0xEE },  // 氼
    { 0x6C3D, 0xD9, 0xDB },  // 氽
    { 0x6C3E, 0x9A, 0xEF },  // 氾
    { 0x6C3F, 0x9A, 0xF0 },  // 氿
    { 0x6C40, 0xCD, 0xA1 },  // 汀
    { 0x6C41, 0xD6, 0xAD },  // 汁
    { 0x6C42, 0xC7, 0xF3 },  // 求
    { 0x6C43, 0x9A, 0xF1 },  // 汃
    { 0x6C44, 0x9A, 0xF2 },  // 汄
    { 0x6C45, 0x9A, 0xF3 },  // 汅
    { 0x6C46, 0xD9, 0xE0 },  // 汆
    { 0x6C47, 0xBB, 0xE3 },  // 汇
    { 0x6C48, 0x9A, 0xF4 },  // 汈
    { 0x6C49, 0xBA, 0xBA },  // 汉
    { 0x6C4A, 0xE3, 0xE2 },  // 汊
    { 0x6C4B, 0x9A, 0xF5 },  // 汋
    { 0x6C4C, 0x9A, 0xF6 },  // 汌
    { 0x6C4D, 0x9A, 0xF7 },  // 汍
    { 0x6C4E, 0x9A, 0xF8 },  // 汎
    { 0x6C4F, 0x9A, 0xF9 },  // 汏
    { 0x6C50, 0xCF, 0xAB },  // 汐
    { 0x6C51, 0x9A, 0xFA },  // 汑
    { 0x6C52, 0x9A, 0xFB },  // 汒
    { 0x6C53, 0x9A, 0xFC },  // 汓
    { 0x6C54, 0xE3, 0xE0 },  // 汔
    { 0x6C55, 0xC9, 0xC7 },  // 汕
    { 0x6C56, 0x9A, 0xFD },  // 汖
    { 0x6C57, 0xBA, 0xB9 },  // 汗
    { 0x6C58, 0x9A, 0xFE },  // 汘
    { 0x6C59, 0x9B, 0x40 },  // 汙
    { 0x6C5A, 0x9B, 0x41 },  // 汚
    { 0x6C5B, 0xD1, 0xB4 },  // 汛
    { 0x6C5C, 0xE3, 0xE1 },  // 汜
    { 0x6C5D, 0xC8, 0xEA },  // 汝
    { 0x6C5E, 0xB9, 0xAF },  // 汞
    { 0x6C5F, 0xBD, 0xAD },  // 江
    { 0x6C60, 0xB3, 0xD8 },  // 池
    { 0x6C61, 0xCE, 0xDB },  // 污
    { 0x6C62, 0x9B, 0x42 },  // 汢
    { 0x6C63, 0x9B, 0x43 },  // 汣
    { 0x6C64, 0xCC, 0xC0 },  // 汤
    { 0x6C65, 0x9B, 0x44 },  // 汥
    { 0x6C66, 0x9B, 0x45 },  // 汦
    { 0x6C67, 0x9B, 0x46 },  // 汧
    { 0x6C68, 0xE3, 0xE8 },  // 汨
    { 0x6C69, 0xE3, 0xE9 },  // 汩
    { 0x6C6A, 0xCD, 0xF4 },  // 汪
    { 0x6C6B, 0x9B, 0x47 },  // 汫
    { 0x6C6C, 0x9B, 0x48 },  // 汬
    { 0x6C6D, 0x9B, 0x49 },  // 汭
    { 0x6C6E, 0x9B, 0x4A },  // 汮
    { 0x6C6F, 0x9B, 0x4B },  // 汯
    { 0x6C70, 0xCC, 0xAD },  // 汰
    { 0x6C71, 0x9B, 0x4C },  // 汱
    { 0x6C72, 0xBC, 0xB3 },  // 汲
    { 0x6C73, 0x9B, 0x4D },  // 汳
    { 0x6C74, 0xE3, 0xEA },  // 汴
    { 0x6C75, 0x9B, 0x4E },  // 汵
    { 0x6C76, 0xE3, 0xEB },  // 汶
    { 0x6C77, 0x9B, 0x4F },  // 汷
    { 0x6C78, 0x9B, 0x50 },  // 汸
    { 0x6C79, 0xD0, 0xDA },  // 汹
    { 0x6C7A, 0x9B, 0x51 },  // 決
    { 0x6C7B, 0x9B, 0x52 },  // 汻
    { 0x6C7C, 0x9B, 0x53 },  // 汼
    { 0x6C7D, 0xC6, 0xFB },  // 汽
    { 0x6C7E, 0xB7, 0xDA },  // 汾
    { 0x6C7F, 0x9B, 0x54 },  // 汿
    { 0x6C80, 0x9B, 0x55 },  // 沀
    { 0x6C81, 0xC7, 0xDF },  // 沁
    { 0x6C82, 0xD2, 0xCA },  // 沂
    { 0x6C83, 0xCE, 0xD6 },  // 沃
    { 0x6C84, 0x9B, 0x56 },  // 沄
    { 0x6C85, 0xE3, 0xE4 },  // 沅
    { 0x6C86, 0xE3, 0xEC },  // 沆
    { 0x6C87, 0x9B, 0x57 },  // 沇
    { 0x6C88, 0xC9, 0xF2 },  // 沈
    { 0x6C89, 0xB3, 0xC1 },  // 沉
    { 0x6C8A, 0x9B, 0x58 },  // 沊
    { 0x6C8B, 0x9B, 0x59 },  // 沋
    { 0x6C8C, 0xE3, 0xE7 },  // 沌
    { 0x6C8D, 0x9B, 0x5A },  // 沍
    { 0x6C8E, 0x9B, 0x5B },  // 沎
    { 0x6C8F, 0xC6, 0xE3 },  // 沏
    { 0x6C90, 0xE3, 0xE5 },  // 沐
    { 0x6C91, 0x9B, 0x5C },  // 沑
    { 0x6C92, 0x9B, 0x5D },  // 沒
    { 0x6C93, 0xED, 0xB3 },  // 沓
    { 0x6C94, 0xE3, 0xE6 },  // 沔
    { 0x6C95, 0x9B, 0x5E },  // 沕
    { 0x6C96, 0x9B, 0x5F },  // 沖
    { 0x6C97, 0x9B, 0x60 },  // 沗
    { 0x6C98, 0x9B, 0x61 },  // 沘
    { 0x6C99, 0xC9, 0xB3 },  // 沙
    { 0x6C9A, 0x9B, 0x62 },  // 沚
    { 0x6C9B, 0xC5, 0xE6 },  // 沛
    { 0x6C9C, 0x9B, 0x63 },  // 沜
    { 0x6C9D, 0x9B, 0x64 },  // 沝
    { 0x6C9E, 0x9B, 0x65 },  // 沞
    { 0x6C9F, 0xB9, 0xB5 },  // 沟
    { 0x6CA0, 0x9B, 0x66 },  // 沠
    { 0x6CA1, 0xC3, 0xBB },  // 没
    { 0x6CA2, 0x9B, 0x67 },  // 沢
    { 0x6CA3, 0xE3, 0xE3 },  // 沣
    { 0x6CA4, 0xC5, 0xBD },  // 沤
    { 0x6CA5, 0xC1, 0xA4 },  // 沥
    { 0x6CA6, 0xC2, 0xD9 },  // 沦
    { 0x6CA7, 0xB2, 0xD7 },  // 沧
    { 0x6CA8, 0x9B, 0x68 },  // 沨
    { 0x6CA9, 0xE3, 0xED },  // 沩
    { 0x6CAA, 0xBB, 0xA6 },  // 沪
    { 0x6CAB, 0xC4, 0xAD },  // 沫
    { 0x6CAC, 0x9B, 0x69 },  // 沬
    { 0x6CAD, 0xE3, 0xF0 },  // 沭
    { 0x6CAE, 0xBE, 0xDA },  // 沮
    { 0x6CAF, 0x9B, 0x6A },  // 沯
    { 0x6CB0, 0x9B, 0x6B },  // 沰
    { 0x6CB1, 0xE3, 0xFB },  // 沱
    { 0x6CB2, 0xE3, 0xF5 },  // 沲
    { 0x6CB3, 0xBA, 0xD3 },  // 河
    { 0x6CB4, 0x9B, 0x6C },  // 沴
    { 0x6CB5, 0x9B, 0x6D },  // 沵
    { 0x6CB6, 0x9B, 0x6E },  // 沶
    { 0x6CB7, 0x9B, 0x6F },  // 沷
    { 0x6CB8, 0xB7, 0xD0 },  // 沸
    { 0x6CB9, 0xD3, 0xCD },  // 油
    { 0x6CBA, 0x9B, 0x70 },  // 沺
    { 0x6CBB, 0xD6, 0xCE },  // 治
    { 0x6CBC, 0xD5, 0xD3 },  // 沼
    { 0x6CBD, 0xB9, 0xC1 },  // 沽
    { 0x6CBE, 0xD5, 0xB4 },  // 沾
    { 0x6CBF, 0xD1, 0xD8 },  // 沿
    { 0x6CC0, 0x9B, 0x71 },  // 泀
    { 0x6CC1, 0x9B, 0x72 },  // 況
    { 0x6CC2, 0x9B, 0x73 },  // 泂
    { 0x6CC3, 0x9B, 0x74 },  // 泃
    { 0x6CC4, 0xD0, 0xB9 },  // 泄
    { 0x6CC5, 0xC7, 0xF6 },  // 泅
    { 0x6CC6, 0x9B, 0x75 },  // 泆
    { 0x6CC7, 0x9B, 0x76 },  // 泇
    { 0x6CC8, 0x9B, 0x77 },  // 泈
    { 0x6CC9, 0xC8, 0xAA },  // 泉
    { 0x6CCA, 0xB2, 0xB4 },  // 泊
    { 0x6CCB, 0x9B, 0x78 },  // 泋
    { 0x6CCC, 0xC3, 0xDA },  // 泌
    { 0x6CCD, 0x9B, 0x79 },  // 泍
    { 0x6CCE, 0x9B, 0x7A },  // 泎
    { 0x6CCF, 0x9B, 0x7B },  // 泏
    { 0x6CD0, 0xE3, 0xEE },  // 泐
    { 0x6CD1, 0x9B, 0x7C },  // 泑
    { 0x6CD2, 0x9B, 0x7D },  // 泒
    { 0x6CD3, 0xE3, 0xFC },  // 泓
    { 0x6CD4, 0xE3, 0xEF },  // 泔
    { 0x6CD5, 0xB7, 0xA8 },  // 法
    { 0x6CD6, 0xE3, 0xF7 },  // 泖
    { 0x6CD7, 0xE3, 0xF4 },  // 泗
    { 0x6CD8, 0x9B, 0x7E },  // 泘
    { 0x6CD9, 0x9B, 0x80 },  // 泙
    { 0x6CDA, 0x9B, 0x81 },  // 泚
    { 0x6CDB, 0xB7, 0xBA },  // 泛
    { 0x6CDC, 0x9B, 0x82 },  // 泜
    { 0x6CDD, 0x9B, 0x83 },  // 泝
    { 0x6CDE, 0xC5, 0xA2 },  // 泞
    { 0x6CDF, 0x9B, 0x84 },  // 泟
    { 0x6CE0, 0xE3, 0xF6 },  // 泠
    { 0x6CE1, 0xC5, 0xDD },  // 泡
    { 0x6CE2, 0xB2, 0xA8 },  // 波
    { 0x6CE3, 0xC6, 0xFC },  // 泣
    { 0x6CE4, 0x9B, 0x85 },  // 泤
    { 0x6CE5, 0xC4, 0xE0 },  // 泥
    { 0x6CE6, 0x9B, 0x86 },  // 泦
    { 0x6CE7, 0x9B, 0x87 },  // 泧
    { 0x6CE8, 0xD7, 0xA2 },  // 注
    { 0x6CE9, 0x9B, 0x88 },  // 泩
    { 0x6CEA, 0xC0, 0xE1 },  // 泪
    { 0x6CEB, 0xE3, 0xF9 },  // 泫
    { 0x6CEC, 0x9B, 0x89 },  // 泬
    { 0x6CED, 0x9B, 0x8A },  // 泭
    { 0x6CEE, 0xE3, 0xFA },  // 泮
    { 0x6CEF, 0xE3, 0xFD },  // 泯
    { 0x6CF0, 0xCC, 0xA9 },  // 泰
    { 0x6CF1, 0xE3, 0xF3 },  // 泱
    { 0x6CF2, 0x9B, 0x8B },  // 泲
    { 0x6CF3, 0xD3, 0xBE },  // 泳
    { 0x6CF4, 0x9B, 0x8C },  // 泴
    { 0x6CF5, 0xB1, 0xC3 },  // 泵
    { 0x6CF6, 0xED, 0xB4 },  // 泶
    { 0x6CF7, 0xE3, 0xF1 },  // 泷
    { 0x6CF8, 0xE3, 0xF2 },  // 泸
    { 0x6CF9, 0x9B, 0x8D },  // 泹
    { 0x6CFA, 0xE3, 0xF8 },  // 泺
    { 0x6CFB, 0xD0, 0xBA },  // 泻
    { 0x6CFC, 0xC6, 0xC3 },  // 泼
    { 0x6CFD, 0xD4, 0xF3 },  // 泽
    { 0x6CFE, 0xE3, 0xFE },  // 泾
    { 0x6CFF, 0x9B, 0x8E },  // 泿
    { 0x6D00, 0x9B, 0x8F },  // 洀
    { 0x6D01, 0xBD, 0xE0 },  // 洁
    { 0x6D02, 0x9B, 0x90 },  // 洂
    { 0x6D03, 0x9B, 0x91 },  // 洃
    { 0x6D04, 0xE4, 0xA7 },  // 洄
    { 0x6D05, 0x9B, 0x92 },  // 洅
    { 0x6D06, 0x9B, 0x93 },  // 洆
    { 0x6D07, 0xE4, 0xA6 },  // 洇
    { 0x6D08, 0x9B, 0x94 },  // 洈
    { 0x6D09, 0x9B, 0x95 },  // 洉
    { 0x6D0A, 0x9B, 0x96 },  // 洊
    { 0x6D0B, 0xD1, 0xF3 },  // 洋
    { 0x6D0C, 0xE4, 0xA3 },  // 洌
    { 0x6D0D, 0x9B, 0x97 },  // 洍
    { 0x6D0E, 0xE4, 0xA9 },  // 洎
    { 0x6D0F, 0x9B, 0x98 },  // 洏
    { 0x6D10, 0x9B, 0x99 },  // 洐
    { 0x6D11, 0x9B, 0x9A },  // 洑
    { 0x6D12, 0xC8, 0xF7 },  // 洒
    { 0x6D13, 0x9B, 0x9B },  // 洓
    { 0x6D14, 0x9B, 0x9C },  // 洔
    { 0x6D15, 0x9B, 0x9D },  // 洕
    { 0x6D16, 0x9B, 0x9E },  // 洖
    { 0x6D17, 0xCF, 0xB4 },  // 洗
    { 0x6D18, 0x9B, 0x9F },  // 洘
    { 0x6D19, 0xE4, 0xA8 },  // 洙
    { 0x6D1A, 0xE4, 0xAE },  // 洚
    { 0x6D1B, 0xC2, 0xE5 },  // 洛
    { 0x6D1C, 0x9B, 0xA0 },  // 洜
    { 0x6D1D, 0x9B, 0xA1 },  // 洝
    { 0x6D1E, 0xB6, 0xB4 },  // 洞
    { 0x6D1F, 0x9B, 0xA2 },  // 洟
    { 0x6D20, 0x9B, 0xA3 },  // 洠
    { 0x6D21, 0x9B, 0xA4 },  // 洡
    { 0x6D22, 0x9B, 0xA5 },  // 洢
    { 0x6D23, 0x9B, 0xA6 },  // 洣
    { 0x6D24, 0x9B, 0xA7 },  // 洤
    { 0x6D25, 0xBD, 0xF2 },  // 津
    { 0x6D26, 0x9B, 0xA8 },  // 洦
    { 0x6D27, 0xE4, 0xA2 },  // 洧
    { 0x6D28, 0x9B, 0xA9 },  // 洨
    { 0x6D29, 0x9B, 0xAA },  // 洩
    { 0x6D2A, 0xBA, 0xE9 },  // 洪
    { 0x6D2B, 0xE4, 0xAA },  // 洫
    { 0x6D2C, 0x9B, 0xAB },  // 洬
    { 0x6D2D, 0x9B, 0xAC },  // 洭
    { 0x6D2E, 0xE4, 0xAC },  // 洮
    { 0x6D2F, 0x9B, 0xAD },  // 洯
    { 0x6D30, 0x9B, 0xAE },  // 洰
    { 0x6D31, 0xB6, 0xFD },  // 洱
    { 0x6D32, 0xD6, 0xDE },  // 洲
    { 0x6D33, 0xE4, 0xB2 },  // 洳
    { 0x6D34, 0x9B, 0xAF },  // 洴
    { 0x6D35, 0xE4, 0xAD },  // 洵
    { 0x6D36, 0x9B, 0xB0 },  // 洶
    { 0x6D37, 0x9B, 0xB1 },  // 洷
    { 0x6D38, 0x9B, 0xB2 },  // 洸
    { 0x6D39, 0xE4, 0xA1 },  // 洹
    { 0x6D3A, 0x9B, 0xB3 },  // 洺
    { 0x6D3B, 0xBB, 0xEE },  // 活
    { 0x6D3C, 0xCD, 0xDD },  // 洼
    { 0x6D3D, 0xC7, 0xA2 },  // 洽
    { 0x6D3E, 0xC5, 0xC9 },  // 派
    { 0x6D3F, 0x9B, 0xB4 },  // 洿
    { 0x6D40, 0x9B, 0xB5 },  // 浀
    { 0x6D41, 0xC1, 0xF7 },  // 流
    { 0x6D42, 0x9B, 0xB6 },  // 浂
    { 0x6D43, 0xE4, 0xA4 },  // 浃
    { 0x6D44, 0x9B, 0xB7 },  // 浄
    { 0x6D45, 0xC7, 0xB3 },  // 浅
    { 0x6D46, 0xBD, 0xAC },  // 浆
    { 0x6D47, 0xBD, 0xBD },  // 浇
    { 0x6D48, 0xE4, 0xA5 },  // 浈
    { 0x6D49, 0x9B, 0xB8 },  // 浉
    { 0x6D4A, 0xD7, 0xC7 },  // 浊
    { 0x6D4B, 0xB2, 0xE2 },  // 测
    { 0x6D4C, 0x9B, 0xB9 },  // 浌
    { 0x6D4D, 0xE4, 0xAB },  // 浍
    { 0x6D4E, 0xBC, 0xC3 },  // 济
    { 0x6D4F, 0xE4, 0xAF },  // 浏
    { 0x6D50, 0x9B, 0xBA },  // 浐
    { 0x6D51, 0xBB, 0xEB },  // 浑
    { 0x6D52, 0xE4, 0xB0 },  // 浒
    { 0x6D53, 0xC5, 0xA8 },  // 浓
    { 0x6D54, 0xE4, 0xB1 },  // 浔
    { 0x6D55, 0x9B, 0xBB },  // 浕
    { 0x6D56, 0x9B, 0xBC },  // 浖
    { 0x6D57, 0x9B, 0xBD },  // 浗
    { 0x6D58, 0x9B, 0xBE },  // 浘
    { 0x6D59, 0xD5, 0xE3 },  // 浙
    { 0x6D5A, 0xBF, 0xA3 },  // 浚
    { 0x6D5B, 0x9B, 0xBF },  // 浛
    { 0x6D5C, 0xE4, 0xBA },  // 浜
    { 0x6D5D, 0x9B, 0xC0 },  // 浝
    { 0x6D5E, 0xE4, 0xB7 },  // 浞
    { 0x6D5F, 0x9B, 0xC1 },  // 浟
    { 0x6D60, 0xE4, 0xBB },  // 浠
    { 0x6D61, 0x9B, 0xC2 },  // 浡
    { 0x6D62, 0x9B, 0xC3 },  // 浢
    { 0x6D63, 0xE4, 0xBD },  // 浣
    { 0x6D64, 0x9B, 0xC4 },  // 浤
    { 0x6D65, 0x9B, 0xC5 },  // 浥
    { 0x6D66, 0xC6, 0xD6 },  // 浦
    { 0x6D67, 0x9B, 0xC6 },  // 浧
    { 0x6D68, 0x9B, 0xC7 },  // 浨
    { 0x6D69, 0xBA, 0xC6 },  // 浩
    { 0x6D6A, 0xC0, 0xCB },  // 浪
    { 0x6D6B, 0x9B, 0xC8 },  // 浫
    { 0x6D6C, 0x9B, 0xC9 },  // 浬
    { 0x6D6D, 0x9B, 0xCA },  // 浭
    { 0x6D6E, 0xB8, 0xA1 },  // 浮
    { 0x6D6F, 0xE4, 0xB4 },  // 浯
    { 0x6D70, 0x9B, 0xCB },  // 浰
    { 0x6D71, 0x9B, 0xCC },  // 浱
    { 0x6D72, 0x9B, 0xCD },  // 浲
    { 0x6D73, 0x9B, 0xCE },  // 浳
    { 0x6D74, 0xD4, 0xA1 },  // 浴
    { 0x6D75, 0x9B, 0xCF },  // 浵
    { 0x6D76, 0x9B, 0xD0 },  // 浶
    { 0x6D77, 0xBA, 0xA3 },  // 海
    { 0x6D78, 0xBD, 0xFE },  // 浸
    { 0x6D79, 0x9B, 0xD1 },  // 浹
    { 0x6D7A, 0x9B, 0xD2 },  // 浺
    { 0x6D7B, 0x9B, 0xD3 },  // 浻
    { 0x6D7C, 0xE4, 0xBC },  // 浼
    { 0x6D7D, 0x9B, 0xD4 },  // 浽
    { 0x6D7E, 0x9B, 0xD5 },  // 浾
    { 0x6D7F, 0x9B, 0xD6 },  // 浿
    { 0x6D80, 0x9B, 0xD7 },  // 涀
    { 0x6D81, 0x9B, 0xD8 },  // 涁
    { 0x6D82, 0xCD, 0xBF },  // 涂
    { 0x6D83, 0x9B, 0xD9 },  // 涃
    { 0x6D84, 0x9B, 0xDA },  // 涄
    { 0x6D85, 0xC4, 0xF9 },  // 涅
    { 0x6D86, 0x9B, 0xDB },  // 涆
    { 0x6D87, 0x9B, 0xDC },  // 涇
    { 0x6D88, 0xCF, 0xFB },  // 消
    { 0x6D89, 0xC9, 0xE6 },  // 涉
    { 0x6D8A, 0x9B, 0xDD },  // 涊
    { 0x6D8B, 0x9B, 0xDE },  // 涋
    { 0x6D8C, 0xD3, 0xBF },  // 涌
    { 0x6D8D, 0x9B, 0xDF },  // 涍
    { 0x6D8E, 0xCF, 0xD1 },  // 涎
    { 0x6D8F, 0x9B, 0xE0 },  // 涏
    { 0x6D90, 0x9B, 0xE1 },  // 涐
    { 0x6D91, 0xE4, 0xB3 },  // 涑
    { 0x6D92, 0x9B, 0xE2 },  // 涒
    { 0x6D93, 0xE4, 0xB8 },  // 涓
    { 0x6D94, 0xE4, 0xB9 },  // 涔
    { 0x6D95, 0xCC, 0xE9 },  // 涕
    { 0x6D96, 0x9B, 0xE3 },  // 涖
    { 0x6D97, 0x9B, 0xE4 },  // 涗
    { 0x6D98, 0x9B, 0xE5 },  // 涘
    { 0x6D99, 0x9B, 0xE6 },  // 涙
    { 0x6D9A, 0x9B, 0xE7 },  // 涚
    { 0x6D9B, 0xCC, 0xCE },  // 涛
    { 0x6D9C, 0x9B, 0xE8 },  // 涜
    { 0x6D9D, 0xC0, 0xD4 },  // 涝
    { 0x6D9E, 0xE4, 0xB5 },  // 涞
    { 0x6D9F, 0xC1, 0xB0 },  // 涟
    { 0x6DA0, 0xE4, 0xB6 },  // 涠
    { 0x6DA1, 0xCE, 0xD0 },  // 涡
    { 0x6DA2, 0x9B, 0xE9 },  // 涢
    { 0x6DA3, 0xBB, 0xC1 },  // 涣
    { 0x6DA4, 0xB5, 0xD3 },  // 涤
    { 0x6DA5, 0x9B, 0xEA },  // 涥
    { 0x6DA6, 0xC8, 0xF3 },  // 润
    { 0x6DA7, 0xBD, 0xA7 },  // 涧
    { 0x6DA8, 0xD5, 0xC7 },  // 涨
    { 0x6DA9, 0xC9, 0xAC },  // 涩
    { 0x6DAA, 0xB8, 0xA2 },  // 涪
    { 0x6DAB, 0xE4, 0xCA },  // 涫
    { 0x6DAC, 0x9B, 0xEB },  // 涬
    { 0x6DAD, 0x9B, 0xEC },  // 涭
    { 0x6DAE, 0xE4, 0xCC },  // 涮
    { 0x6DAF, 0xD1, 0xC4 },  // 涯
    { 0x6DB0, 0x9B, 0xED },  // 涰
    { 0x6DB1, 0x9B, 0xEE },  // 涱
    { 0x6DB2, 0xD2, 0xBA },  // 液
    { 0x6DB3, 0x9B, 0xEF },  // 涳
    { 0x6DB4, 0x9B, 0xF0 },  // 涴
    { 0x6DB5, 0xBA, 0xAD },  // 涵
    { 0x6DB6, 0x9B, 0xF1 },  // 涶
    { 0x6DB7, 0x9B, 0xF2 },  // 涷
    { 0x6DB8, 0xBA, 0xD4 },  // 涸
    { 0x6DB9, 0x9B, 0xF3 },  // 涹
    { 0x6DBA, 0x9B, 0xF4 },  // 涺
    { 0x6DBB, 0x9B, 0xF5 },  // 涻
    { 0x6DBC, 0x9B, 0xF6 },  // 涼
    { 0x6DBD, 0x9B, 0xF7 },  // 涽
    { 0x6DBE, 0x9B, 0xF8 },  // 涾
    { 0x6DBF, 0xE4, 0xC3 },  // 涿
    { 0x6DC0, 0xB5, 0xED },  // 淀
    { 0x6DC1, 0x9B, 0xF9 },  // 淁
    { 0x6DC2, 0x9B, 0xFA },  // 淂
    { 0x6DC3, 0x9B, 0xFB },  // 淃
    { 0x6DC4, 0xD7, 0xCD },  // 淄
    { 0x6DC5, 0xE4, 0xC0 },  // 淅
    { 0x6DC6, 0xCF, 0xFD },  // 淆
    { 0x6DC7, 0xE4, 0xBF },  // 淇
    { 0x6DC8, 0x9B, 0xFC },  // 淈
    { 0x6DC9, 0x9B, 0xFD },  // 淉
    { 0x6DCA, 0x9B, 0xFE },  // 淊
    { 0x6DCB, 0xC1, 0xDC },  // 淋
    { 0x6DCC, 0xCC, 0xCA },  // 淌
    { 0x6DCD, 0x9C, 0x40 },  // 淍
    { 0x6DCE, 0x9C, 0x41 },  // 淎
    { 0x6DCF, 0x9C, 0x42 },  // 淏
    { 0x6DD0, 0x9C, 0x43 },  // 淐
    { 0x6DD1, 0xCA, 0xE7 },  // 淑
    { 0x6DD2, 0x9C, 0x44 },  // 淒
    { 0x6DD3, 0x9C, 0x45 },  // 淓
    { 0x6DD4, 0x9C, 0x46 },  // 淔
    { 0x6DD5, 0x9C, 0x47 },  // 淕
    { 0x6DD6, 0xC4, 0xD7 },  // 淖
    { 0x6DD7, 0x9C, 0x48 },  // 淗
    { 0x6DD8, 0xCC, 0xD4 },  // 淘
    { 0x6DD9, 0xE4, 0xC8 },  // 淙
    { 0x6DDA, 0x9C, 0x49 },  // 淚
    { 0x6DDB, 0x9C, 0x4A },  // 淛
    { 0x6DDC, 0x9C, 0x4B },  // 淜
    { 0x6DDD, 0xE4, 0xC7 },  // 淝
    { 0x6DDE, 0xE4, 0xC1 },  // 淞
    { 0x6DDF, 0x9C, 0x4C },  // 淟
    { 0x6DE0, 0xE4, 0xC4 },  // 淠
    { 0x6DE1, 0xB5, 0xAD },  // 淡
    { 0x6DE2, 0x9C, 0x4D },  // 淢
    { 0x6DE3, 0x9C, 0x4E },  // 淣
    { 0x6DE4, 0xD3, 0xD9 },  // 淤
    { 0x6DE5, 0x9C, 0x4F },  // 淥
    { 0x6DE6, 0xE4, 0xC6 },  // 淦
    { 0x6DE7, 0x9C, 0x50 },  // 淧
    { 0x6DE8, 0x9C, 0x51 },  // 淨
    { 0x6DE9, 0x9C, 0x52 },  // 淩
    { 0x6DEA, 0x9C, 0x53 },  // 淪
    { 0x6DEB, 0xD2, 0xF9 },  // 淫
    { 0x6DEC, 0xB4, 0xE3 },  // 淬
    { 0x6DED, 0x9C, 0x54 },  // 淭
    { 0x6DEE, 0xBB, 0xB4 },  // 淮
    { 0x6DEF, 0x9C, 0x55 },  // 淯
    { 0x6DF0, 0x9C, 0x56 },  // 淰
    { 0x6DF1, 0xC9, 0xEE },  // 深
    { 0x6DF2, 0x9C, 0x57 },  // 淲
    { 0x6DF3, 0xB4, 0xBE },  // 淳
    { 0x6DF4, 0x9C, 0x58 },  // 淴
    { 0x6DF5, 0x9C, 0x59 },  // 淵
    { 0x6DF6, 0x9C, 0x5A },  // 淶
    { 0x6DF7, 0xBB, 0xEC },  // 混
    { 0x6DF8, 0x9C, 0x5B },  // 淸
    { 0x6DF9, 0xD1, 0xCD },  // 淹
    { 0x6DFA, 0x9C, 0x5C },  // 淺
    { 0x6DFB, 0xCC, 0xED },  // 添
    { 0x6DFC, 0xED, 0xB5 },  // 淼
    { 0x6DFD, 0x9C, 0x5D },  // 淽
    { 0x6DFE, 0x9C, 0x5E },  // 淾
    { 0x6DFF, 0x9C, 0x5F },  // 淿
    { 0x6E00, 0x9C, 0x60 },  // 渀
    { 0x6E01, 0x9C, 0x61 },  // 渁
    { 0x6E02, 0x9C, 0x62 },  // 渂
    { 0x6E03, 0x9C, 0x63 },  // 渃
    { 0x6E04, 0x9C, 0x64 },  // 渄
    { 0x6E05, 0xC7, 0xE5 },  // 清
    { 0x6E06, 0x9C, 0x65 },  // 渆
    { 0x6E07, 0x9C, 0x66 },  // 渇
    { 0x6E08, 0x9C, 0x67 },  // 済
    { 0x6E09, 0x9C, 0x68 },  // 渉
    { 0x6E0A, 0xD4, 0xA8 },  // 渊
    { 0x6E0B, 0x9C, 0x69 },  // 渋
    { 0x6E0C, 0xE4, 0xCB },  // 渌
    { 0x6E0D, 0xD7, 0xD5 },  // 渍
    { 0x6E0E, 0xE4, 0xC2 },  // 渎
    { 0x6E0F, 0x9C, 0x6A },  // 渏
    { 0x6E10, 0xBD, 0xA5 },  // 渐
    { 0x6E11, 0xE4, 0xC5 },  // 渑
    { 0x6E12, 0x9C, 0x6B },  // 渒
    { 0x6E13, 0x9C, 0x6C },  // 渓
    { 0x6E14, 0xD3, 0xE6 },  // 渔
    { 0x6E15, 0x9C, 0x6D },  // 渕
    { 0x6E16, 0xE4, 0xC9 },  // 渖
    { 0x6E17, 0xC9, 0xF8 },  // 渗
    { 0x6E18, 0x9C, 0x6E },  // 渘
    { 0x6E19, 0x9C, 0x6F },  // 渙
    { 0x6E1A, 0xE4, 0xBE },  // 渚
    { 0x6E1B, 0x9C, 0x70 },  // 減
    { 0x6E1C, 0x9C, 0x71 },  // 渜
    { 0x6E1D, 0xD3, 0xE5 },  // 渝
    { 0x6E1E, 0x9C, 0x72 },  // 渞
    { 0x6E1F, 0x9C, 0x73 },  // 渟
    { 0x6E20, 0xC7, 0xFE },  // 渠
    { 0x6E21, 0xB6, 0xC9 },  // 渡
    { 0x6E22, 0x9C, 0x74 },  // 渢
    { 0x6E23, 0xD4, 0xFC },  // 渣
    { 0x6E24, 0xB2, 0xB3 },  // 渤
    { 0x6E25, 0xE4, 0xD7 },  // 渥
    { 0x6E26, 0x9C, 0x75 },  // 渦
    { 0x6E27, 0x9C, 0x76 },  // 渧
    { 0x6E28, 0x9C, 0x77 },  // 渨
    { 0x6E29, 0xCE, 0xC2 },  // 温
    { 0x6E2A, 0x9C, 0x78 },  // 渪
    { 0x6E2B, 0xE4, 0xCD },  // 渫
    { 0x6E2C, 0x9C, 0x79 },  // 測
    { 0x6E2D, 0xCE, 0xBC },  // 渭
    { 0x6E2E, 0x9C, 0x7A },  // 渮
    { 0x6E2F, 0xB8, 0xDB },  // 港
    { 0x6E30, 0x9C, 0x7B },  // 渰
    { 0x6E31, 0x9C, 0x7C },  // 渱
    { 0x6E32, 0xE4, 0xD6 },  // 渲
    { 0x6E33, 0x9C, 0x7D },  // 渳
    { 0x6E34, 0xBF, 0xCA },  // 渴
    { 0x6E35, 0x9C, 0x7E },  // 渵
    { 0x6E36, 0x9C, 0x80 },  // 渶
    { 0x6E37, 0x9C, 0x81 },  // 渷
    { 0x6E38, 0xD3, 0xCE },  // 游
    { 0x6E39, 0x9C, 0x82 },  // 渹
    { 0x6E3A, 0xC3, 0xEC },  // 渺
    { 0x6E3B, 0x9C, 0x83 },  // 渻
    { 0x6E3C, 0x9C, 0x84 },  // 渼
    { 0x6E3D, 0x9C, 0x85 },  // 渽
    { 0x6E3E, 0x9C, 0x86 },  // 渾
    { 0x6E3F, 0x9C, 0x87 },  // 渿
    { 0x6E40, 0x9C, 0x88 },  // 湀
    { 0x6E41, 0x9C, 0x89 },  // 湁
    { 0x6E42, 0x9C, 0x8A },  // 湂
    { 0x6E43, 0xC5, 0xC8 },  // 湃
    { 0x6E44, 0xE4, 0xD8 },  // 湄
    { 0x6E45, 0x9C, 0x8B },  // 湅
    { 0x6E46, 0x9C, 0x8C },  // 湆
    { 0x6E47, 0x9C, 0x8D },  // 湇
    { 0x6E48, 0x9C, 0x8E },  // 湈
    { 0x6E49, 0x9C, 0x8F },  // 湉
    { 0x6E4A, 0x9C, 0x90 },  // 湊
    { 0x6E4B, 0x9C, 0x91 },  // 湋
    { 0x6E4C, 0x9C, 0x92 },  // 湌
    { 0x6E4D, 0xCD, 0xC4 },  // 湍
    { 0x6E4E, 0xE4, 0xCF },  // 湎
    { 0x6E4F, 0x9C, 0x93 },  // 湏
    { 0x6E50, 0x9C, 0x94 },  // 湐
    { 0x6E51, 0x9C, 0x95 },  // 湑
    { 0x6E52, 0x9C, 0x96 },  // 湒
    { 0x6E53, 0xE4, 0xD4 },  // 湓
    { 0x6E54, 0xE4, 0xD5 },  // 湔
    { 0x6E55, 0x9C, 0x97 },  // 湕
    { 0x6E56, 0xBA, 0xFE },  // 湖
    { 0x6E57, 0x9C, 0x98 },  // 湗
    { 0x6E58, 0xCF, 0xE6 },  // 湘
    { 0x6E59, 0x9C, 0x99 },  // 湙
    { 0x6E5A, 0x9C, 0x9A },  // 湚
    { 0x6E5B, 0xD5, 0xBF },  // 湛
    { 0x6E5C, 0x9C, 0x9B },  // 湜
    { 0x6E5D, 0x9C, 0x9C },  // 湝
    { 0x6E5E, 0x9C, 0x9D },  // 湞
    { 0x6E5F, 0xE4, 0xD2 },  // 湟
    { 0x6E60, 0x9C, 0x9E },  // 湠
    { 0x6E61, 0x9C, 0x9F },  // 湡
    { 0x6E62, 0x9C, 0xA0 },  // 湢
    { 0x6E63, 0x9C, 0xA1 },  // 湣
    { 0x6E64, 0x9C, 0xA2 },  // 湤
    { 0x6E65, 0x9C, 0xA3 },  // 湥
    { 0x6E66, 0x9C, 0xA4 },  // 湦
    { 0x6E67, 0x9C, 0xA5 },  // 湧
    { 0x6E68, 0x9C, 0xA6 },  // 湨
    { 0x6E69, 0x9C, 0xA7 },  // 湩
    { 0x6E6A, 0x9C, 0xA8 },  // 湪
    { 0x6E6B, 0xE4, 0xD0 },  // 湫
    { 0x6E6C, 0x9C, 0xA9 },  // 湬
    { 0x6E6D, 0x9C, 0xAA },  // 湭
    { 0x6E6E, 0xE4, 0xCE },  // 湮
    { 0x6E6F, 0x9C, 0xAB },  // 湯
    { 0x6E70, 0x9C, 0xAC },  // 湰
    { 0x6E71, 0x9C, 0xAD },  // 湱
    { 0x6E72, 0x9C, 0xAE },  // 湲
    { 0x6E73, 0x9C, 0xAF },  // 湳
    { 0x6E74, 0x9C, 0xB0 },  // 湴
    { 0x6E75, 0x9C, 0xB1 },  // 湵
    { 0x6E76, 0x9C, 0xB2 },  // 湶
    { 0x6E77, 0x9C, 0xB3 },  // 湷
    { 0x6E78, 0x9C, 0xB4 },  // 湸
    { 0x6E79, 0x9C, 0xB5 },  // 湹
    { 0x6E7A, 0x9C, 0xB6 },  // 湺
    { 0x6E7B, 0x9C, 0xB7 },  // 湻
    { 0x6E7C, 0x9C, 0xB8 },  // 湼
    { 0x6E7D, 0x9C, 0xB9 },  // 湽
    { 0x6E7E, 0xCD, 0xE5 },  // 湾
    { 0x6E7F, 0xCA, 0xAA },  // 湿
    { 0x6E80, 0x9C, 0xBA },  // 満
    { 0x6E81, 0x9C, 0xBB },  // 溁
    { 0x6E82, 0x9C, 0xBC },  // 溂
    { 0x6E83, 0xC0, 0xA3 },  // 溃
    { 0x6E84, 0x9C, 0xBD },  // 溄
    { 0x6E85, 0xBD, 0xA6 },  // 溅
    { 0x6E86, 0xE4, 0xD3 },  // 溆
    { 0x6E87, 0x9C, 0xBE },  // 溇
    { 0x6E88, 0x9C, 0xBF },  // 溈
    { 0x6E89, 0xB8, 0xC8 },  // 溉
    { 0x6E8A, 0x9C, 0xC0 },  // 溊
    { 0x6E8B, 0x9C, 0xC1 },  // 溋
    { 0x6E8C, 0x9C, 0xC2 },  // 溌
    { 0x6E8D, 0x9C, 0xC3 },  // 溍
    { 0x6E8E, 0x9C, 0xC4 },  // 溎
    { 0x6E8F, 0xE4, 0xE7 },  // 溏
    { 0x6E90, 0xD4, 0xB4 },  // 源
    { 0x6E91, 0x9C, 0xC5 },  // 溑
    { 0x6E92, 0x9C, 0xC6 },  // 溒
    { 0x6E93, 0x9C, 0xC7 },  // 溓
    { 0x6E94, 0x9C, 0xC8 },  // 溔
    { 0x6E95, 0x9C, 0xC9 },  // 溕
    { 0x6E96, 0x9C, 0xCA },  // 準
    { 0x6E97, 0x9C, 0xCB },  // 溗
    { 0x6E98, 0xE4, 0xDB },  // 溘
    { 0x6E99, 0x9C, 0xCC },  // 溙
    { 0x6E9A, 0x9C, 0xCD },  // 溚
    { 0x6E9B, 0x9C, 0xCE },  // 溛
    { 0x6E9C, 0xC1, 0xEF },  // 溜
    { 0x6E9D, 0x9C, 0xCF },  // 溝
    { 0x6E9E, 0x9C, 0xD0 },  // 溞
    { 0x6E9F, 0xE4, 0xE9 },  // 溟
    { 0x6EA0, 0x9C, 0xD1 },  // 溠
    { 0x6EA1, 0x9C, 0xD2 },  // 溡
    { 0x6EA2, 0xD2, 0xE7 },  // 溢
    { 0x6EA3, 0x9C, 0xD3 },  // 溣
    { 0x6EA4, 0x9C, 0xD4 },  // 溤
    { 0x6EA5, 0xE4, 0xDF },  // 溥
    { 0x6EA6, 0x9C, 0xD5 },  // 溦
    { 0x6EA7, 0xE4, 0xE0 },  // 溧
    { 0x6EA8, 0x9C, 0xD6 },  // 溨
    { 0x6EA9, 0x9C, 0xD7 },  // 溩
    { 0x6EAA, 0xCF, 0xAA },  // 溪
    { 0x6EAB, 0x9C, 0xD8 },  // 溫
    { 0x6EAC, 0x9C, 0xD9 },  // 溬
    { 0x6EAD, 0x9C, 0xDA },  // 溭
    { 0x6EAE, 0x9C, 0xDB },  // 溮
    { 0x6EAF, 0xCB, 0xDD },  // 溯
    { 0x6EB0, 0x9C, 0xDC },  // 溰
    { 0x6EB1, 0xE4, 0xDA },  // 溱
    { 0x6EB2, 0xE4, 0xD1 },  // 溲
    { 0x6EB3, 0x9C, 0xDD },  // 溳
    { 0x6EB4, 0xE4, 0xE5 },  // 溴
    { 0x6EB5, 0x9C, 0xDE },  // 溵
    { 0x6EB6, 0xC8, 0xDC },  // 溶
    { 0x6EB7, 0xE4, 0xE3 },  // 溷
    { 0x6EB8, 0x9C, 0xDF },  // 溸
    { 0x6EB9, 0x9C, 0xE0 },  // 溹
    { 0x6EBA, 0xC4, 0xE7 },  // 溺
    { 0x6EBB, 0xE4, 0xE2 },  // 溻
    { 0x6EBC, 0x9C, 0xE1 },  // 溼
    { 0x6EBD, 0xE4, 0xE1 },  // 溽
    { 0x6EBE, 0x9C, 0xE2 },  // 溾
    { 0x6EBF, 0x9C, 0xE3 },  // 溿
    { 0x6EC0, 0x9C, 0xE4 },  // 滀
    { 0x6EC1, 0xB3, 0xFC },  // 滁
    { 0x6EC2, 0xE4, 0xE8 },  // 滂
    { 0x6EC3, 0x9C, 0xE5 },  // 滃
    { 0x6EC4, 0x9C, 0xE6 },  // 滄
    { 0x6EC5, 0x9C, 0xE7 },  // 滅
    { 0x6EC6, 0x9C, 0xE8 },  // 滆
    { 0x6EC7, 0xB5, 0xE1 },  // 滇
    { 0x6EC8, 0x9C, 0xE9 },  // 滈
    { 0x6EC9, 0x9C, 0xEA },  // 滉
    { 0x6ECA, 0x9C, 0xEB },  // 滊
    { 0x6ECB, 0xD7, 0xCC },  // 滋
    { 0x6ECC, 0x9C, 0xEC },  // 滌
    { 0x6ECD, 0x9C, 0xED },  // 滍
    { 0x6ECE, 0x9C, 0xEE },  // 滎
    { 0x6ECF, 0xE4, 0xE6 },  // 滏
    { 0x6ED0, 0x9C, 0xEF },  // 滐
    { 0x6ED1, 0xBB, 0xAC },  // 滑
    { 0x6ED2, 0x9C, 0xF0 },  // 滒
    { 0x6ED3, 0xD7, 0xD2 },  // 滓
    { 0x6ED4, 0xCC, 0xCF },  // 滔
    { 0x6ED5, 0xEB, 0xF8 },  // 滕
    { 0x6ED6, 0x9C, 0xF1 },  // 滖
    { 0x6ED7, 0xE4, 0xE4 },  // 滗
    { 0x6ED8, 0x9C, 0xF2 },  // 滘
    { 0x6ED9, 0x9C, 0xF3 },  // 滙
    { 0x6EDA, 0xB9, 0xF6 },  // 滚
    { 0x6EDB, 0x9C, 0xF4 },  // 滛
    { 0x6EDC, 0x9C, 0xF5 },  // 滜
    { 0x6EDD, 0x9C, 0xF6 },  // 滝
    { 0x6EDE, 0xD6, 0xCD },  // 滞
    { 0x6EDF, 0xE4, 0xD9 },  // 滟
    { 0x6EE0, 0xE4, 0xDC },  // 滠
    { 0x6EE1, 0xC2, 0xFA },  // 满
    { 0x6EE2, 0xE4, 0xDE },  // 滢
    { 0x6EE3, 0x9C, 0xF7 },  // 滣
    { 0x6EE4, 0xC2, 0xCB },  // 滤
    { 0x6EE5, 0xC0, 0xC4 },  // 滥
    { 0x6EE6, 0xC2, 0xD0 },  // 滦
    { 0x6EE7, 0x9C, 0xF8 },  // 滧
    { 0x6EE8, 0xB1, 0xF5 },  // 滨
    { 0x6EE9, 0xCC, 0xB2 },  // 滩
    { 0x6EEA, 0x9C, 0xF9 },  // 滪
    { 0x6EEB, 0x9C, 0xFA },  // 滫
    { 0x6EEC, 0x9C, 0xFB },  // 滬
    { 0x6EED, 0x9C, 0xFC },  // 滭
    { 0x6EEE, 0x9C, 0xFD },  // 滮
    { 0x6EEF, 0x9C, 0xFE },  // 滯
    { 0x6EF0, 0x9D, 0x40 },  // 滰
    { 0x6EF1, 0x9D, 0x41 },  // 滱
    { 0x6EF2, 0x9D, 0x42 },  // 滲
    { 0x6EF3, 0x9D, 0x43 },  // 滳
    { 0x6EF4, 0xB5, 0xCE },  // 滴
    { 0x6EF5, 0x9D, 0x44 },  // 滵
    { 0x6EF6, 0x9D, 0x45 },  // 滶
    { 0x6EF7, 0x9D, 0x46 },  // 滷
    { 0x6EF8, 0x9D, 0x47 },  // 滸
    { 0x6EF9, 0xE4, 0xEF },  // 滹
    { 0x6EFA, 0x9D, 0x48 },  // 滺
    { 0x6EFB, 0x9D, 0x49 },  // 滻
    { 0x6EFC, 0x9D, 0x4A },  // 滼
    { 0x6EFD, 0x9D, 0x4B },  // 滽
    { 0x6EFE, 0x9D, 0x4C },  // 滾
    { 0x6EFF, 0x9D, 0x4D },  // 滿
    { 0x6F00, 0x9D, 0x4E },  // 漀
    { 0x6F01, 0x9D, 0x4F },  // 漁
    { 0x6F02, 0xC6, 0xAF },  // 漂
    { 0x6F03, 0x9D, 0x50 },  // 漃
    { 0x6F04, 0x9D, 0x51 },  // 漄
    { 0x6F05, 0x9D, 0x52 },  // 漅
    { 0x6F06, 0xC6, 0xE1 },  // 漆
    { 0x6F07, 0x9D, 0x53 },  // 漇
    { 0x6F08, 0x9D, 0x54 },  // 漈
    { 0x6F09, 0xE4, 0xF5 },  // 漉
    { 0x6F0A, 0x9D, 0x55 },  // 漊
    { 0x6F0B, 0x9D, 0x56 },  // 漋
    { 0x6F0C, 0x9D, 0x57 },  // 漌
    { 0x6F0D, 0x9D, 0x58 },  // 漍
    { 0x6F0E, 0x9D, 0x59 },  // 漎
    { 0x6F0F, 0xC2, 0xA9 },  // 漏
    { 0x6F10, 0x9D, 0x5A },  // 漐
    { 0x6F11, 0x9D, 0x5B },  // 漑
    { 0x6F12, 0x9D, 0x5C },  // 漒
    { 0x6F13, 0xC0, 0xEC },  // 漓
    { 0x6F14, 0xD1, 0xDD },  // 演
    { 0x6F15, 0xE4, 0xEE },  // 漕
    { 0x6F16, 0x9D, 0x5D },  // 漖
    { 0x6F17, 0x9D, 0x5E },  // 漗
    { 0x6F18, 0x9D, 0x5F },  // 漘
    { 0x6F19, 0x9D, 0x60 },  // 漙
    { 0x6F1A, 0x9D, 0x61 },  // 漚
    { 0x6F1B, 0x9D, 0x62 },  // 漛
    { 0x6F1C, 0x9D, 0x63 },  // 漜
    { 0x6F1D, 0x9D, 0x64 },  // 漝
    { 0x6F1E, 0x9D, 0x65 },  // 漞
    { 0x6F1F, 0x9D, 0x66 },  // 漟
    { 0x6F20, 0xC4, 0xAE },  // 漠
    { 0x6F21, 0x9D, 0x67 },  // 漡
    { 0x6F22, 0x9D, 0x68 },  // 漢
    { 0x6F23, 0x9D, 0x69 },  // 漣
    { 0x6F24, 0xE4, 0xED },  // 漤
    { 0x6F25, 0x9D, 0x6A },  // 漥
    { 0x6F26, 0x9D, 0x6B },  // 漦
    { 0x6F27, 0x9D, 0x6C },  // 漧
    { 0x6F28, 0x9D, 0x6D },  // 漨
    { 0x6F29, 0xE4, 0xF6 },  // 漩
    { 0x6F2A, 0xE4, 0xF4 },  // 漪
    { 0x6F2B, 0xC2, 0xFE },  // 漫
    { 0x6F2C, 0x9D, 0x6E },  // 漬
    { 0x6F2D, 0xE4, 0xDD },  // 漭
    { 0x6F2E, 0x9D, 0x6F },  // 漮
    { 0x6F2F, 0xE4, 0xF0 },  // 漯
    { 0x6F30, 0x9D, 0x70 },  // 漰
    { 0x6F31, 0xCA, 0xFE },  // 漱
    { 0x6F32, 0x9D, 0x71 },  // 漲
    { 0x6F33, 0xD5, 0xC4 },  // 漳
    { 0x6F34, 0x9D, 0x72 },  // 漴
    { 0x6F35, 0x9D, 0x73 },  // 漵
    { 0x6F36, 0xE4, 0xF1 },  // 漶
    { 0x6F37, 0x9D, 0x74 },  // 漷
    { 0x6F38, 0x9D, 0x75 },  // 漸
    { 0x6F39, 0x9D, 0x76 },  // 漹
    { 0x6F3A, 0x9D, 0x77 },  // 漺
    { 0x6F3B, 0x9D, 0x78 },  // 漻
    { 0x6F3C, 0x9D, 0x79 },  // 漼
    { 0x6F3D, 0x9D, 0x7A },  // 漽
    { 0x6F3E, 0xD1, 0xFA },  // 漾
    { 0x6F3F, 0x9D, 0x7B },  // 漿
    { 0x6F40, 0x9D, 0x7C },  // 潀
    { 0x6F41, 0x9D, 0x7D },  // 潁
    { 0x6F42, 0x9D, 0x7E },  // 潂
    { 0x6F43, 0x9D, 0x80 },  // 潃
    { 0x6F44, 0x9D, 0x81 },  // 潄
    { 0x6F45, 0x9D, 0x82 },  // 潅
    { 0x6F46, 0xE4, 0xEB },  // 潆
    { 0x6F47, 0xE4, 0xEC },  // 潇
    { 0x6F48, 0x9D, 0x83 },  // 潈
    { 0x6F49, 0x9D, 0x84 },  // 潉
    { 0x6F4A, 0x9D, 0x85 },  // 潊
    { 0x6F4B, 0xE4, 0xF2 },  // 潋
    { 0x6F4C, 0x9D, 0x86 },  // 潌
    { 0x6F4D, 0xCE, 0xAB },  // 潍
    { 0x6F4E, 0x9D, 0x87 },  // 潎
    { 0x6F4F, 0x9D, 0x88 },  // 潏
    { 0x6F50, 0x9D, 0x89 },  // 潐
    { 0x6F51, 0x9D, 0x8A },  // 潑
    { 0x6F52, 0x9D, 0x8B },  // 潒
    { 0x6F53, 0x9D, 0x8C },  // 潓
    { 0x6F54, 0x9D, 0x8D },  // 潔
    { 0x6F55, 0x9D, 0x8E },  // 潕
    { 0x6F56, 0x9D, 0x8F },  // 潖
    { 0x6F57, 0x9D, 0x90 },  // 潗
    { 0x6F58, 0xC5, 0xCB },  // 潘
    { 0x6F59, 0x9D, 0x91 },  // 潙
    { 0x6F5A, 0x9D, 0x92 },  // 潚
    { 0x6F5B, 0x9D, 0x93 },  // 潛
    { 0x6F5C, 0xC7, 0xB1 },  // 潜
    { 0x6F5D, 0x9D, 0x94 },  // 潝
    { 0x6F5E, 0xC2, 0xBA },  // 潞
    { 0x6F5F, 0x9D, 0x95 },  // 潟
    { 0x6F60, 0x9D, 0x96 },  // 潠
    { 0x6F61, 0x9D, 0x97 },  // 潡
    { 0x6F62, 0xE4, 0xEA },  // 潢
    { 0x6F63, 0x9D, 0x98 },  // 潣
    { 0x6F64, 0x9D, 0x99 },  // 潤
    { 0x6F65, 0x9D, 0x9A },  // 潥
    { 0x6F66, 0xC1, 0xCA },  // 潦
    { 0x6F67, 0x9D, 0x9B },  // 潧
    { 0x6F68, 0x9D, 0x9C },  // 潨
    { 0x6F69, 0x9D, 0x9D },  // 潩
    { 0x6F6A, 0x9D, 0x9E },  // 潪
    { 0x6F6B, 0x9D, 0x9F },  // 潫
    { 0x6F6C, 0x9D, 0xA0 },  // 潬
    { 0x6F6D, 0xCC, 0xB6 },  // 潭
    { 0x6F6E, 0xB3, 0xB1 },  // 潮
    { 0x6F6F, 0x9D, 0xA1 },  // 潯
    { 0x6F70, 0x9D, 0xA2 },  // 潰
    { 0x6F71, 0x9D, 0xA3 },  // 潱
    { 0x6F72, 0xE4, 0xFB },  // 潲
    { 0x6F73, 0x9D, 0xA4 },  // 潳
    { 0x6F74, 0xE4, 0xF3 },  // 潴
    { 0x6F75, 0x9D, 0xA5 },  // 潵
    { 0x6F76, 0x9D, 0xA6 },  // 潶
    { 0x6F77, 0x9D, 0xA7 },  // 潷
    { 0x6F78, 0xE4, 0xFA },  // 潸
    { 0x6F79, 0x9D, 0xA8 },  // 潹
    { 0x6F7A, 0xE4, 0xFD },  // 潺
    { 0x6F7B, 0x9D, 0xA9 },  // 潻
    { 0x6F7C, 0xE4, 0xFC },  // 潼
    { 0x6F7D, 0x9D, 0xAA },  // 潽
    { 0x6F7E, 0x9D, 0xAB },  // 潾
    { 0x6F7F, 0x9D, 0xAC },  // 潿
    { 0x6F80, 0x9D, 0xAD },  // 澀
    { 0x6F81, 0x9D, 0xAE },  // 澁
    { 0x6F82, 0x9D, 0xAF },  // 澂
    { 0x6F83, 0x9D, 0xB0 },  // 澃
    { 0x6F84, 0xB3, 0xCE },  // 澄
    { 0x6F85, 0x9D, 0xB1 },  // 澅
    { 0x6F86, 0x9D, 0xB2 },  // 澆
    { 0x6F87, 0x9D, 0xB3 },  // 澇
    { 0x6F88, 0xB3, 0xBA },  // 澈
    { 0x6F89, 0xE4, 0xF7 },  // 澉
    { 0x6F8A, 0x9D, 0xB4 },  // 澊
    { 0x6F8B, 0x9D, 0xB5 },  // 澋
    { 0x6F8C, 0xE4, 0xF9 },  // 澌
    { 0x6F8D, 0xE4, 0xF8 },  // 澍
    { 0x6F8E, 0xC5, 0xEC },  // 澎
    { 0x6F8F, 0x9D, 0xB6 },  // 澏
    { 0x6F90, 0x9D, 0xB7 },  // 澐
    { 0x6F91, 0x9D, 0xB8 },  // 澑
    { 0x6F92, 0x9D, 0xB9 },  // 澒
    { 0x6F93, 0x9D, 0xBA },  // 澓
    { 0x6F94, 0x9D, 0xBB },  // 澔
    { 0x6F95, 0x9D, 0xBC },  // 澕
    { 0x6F96, 0x9D, 0xBD },  // 澖
    { 0x6F97, 0x9D, 0xBE },  // 澗
    { 0x6F98, 0x9D, 0xBF },  // 澘
    { 0x6F99, 0x9D, 0xC0 },  // 澙
    { 0x6F9A, 0x9D, 0xC1 },  // 澚
    { 0x6F9B, 0x9D, 0xC2 },  // 澛
    { 0x6F9C, 0xC0, 0xBD },  // 澜
    { 0x6F9D, 0x9D, 0xC3 },  // 澝
    { 0x6F9E, 0x9D, 0xC4 },  // 澞
    { 0x6F9F, 0x9D, 0xC5 },  // 澟
    { 0x6FA0, 0x9D, 0xC6 },  // 澠
    { 0x6FA1, 0xD4, 0xE8 },  // 澡
    { 0x6FA2, 0x9D, 0xC7 },  // 澢
    { 0x6FA3, 0x9D, 0xC8 },  // 澣
    { 0x6FA4, 0x9D, 0xC9 },  // 澤
    { 0x6FA5, 0x9D, 0xCA },  // 澥
    { 0x6FA6, 0x9D, 0xCB },  // 澦
    { 0x6FA7, 0xE5, 0xA2 },  // 澧
    { 0x6FA8, 0x9D, 0xCC },  // 澨
    { 0x6FA9, 0x9D, 0xCD },  // 澩
    { 0x6FAA, 0x9D, 0xCE },  // 澪
    { 0x6FAB, 0x9D, 0xCF },  // 澫
    { 0x6FAC, 0x9D, 0xD0 },  // 澬
    { 0x6FAD, 0x9D, 0xD1 },  // 澭
    { 0x6FAE, 0x9D, 0xD2 },  // 澮
    { 0x6FAF, 0x9D, 0xD3 },  // 澯
    { 0x6FB0, 0x9D, 0xD4 },  // 澰
    { 0x6FB1, 0x9D, 0xD5 },  // 澱
    { 0x6FB2, 0x9D, 0xD6 },  // 澲
    { 0x6FB3, 0xB0, 0xC4 },  // 澳
    { 0x6FB4, 0x9D, 0xD7 },  // 澴
    { 0x6FB5, 0x9D, 0xD8 },  // 澵
    { 0x6FB6, 0xE5, 0xA4 },  // 澶
    { 0x6FB7, 0x9D, 0xD9 },  // 澷
    { 0x6FB8, 0x9D, 0xDA },  // 澸
    { 0x6FB9, 0xE5, 0xA3 },  // 澹
    { 0x6FBA, 0x9D, 0xDB },  // 澺
    { 0x6FBB, 0x9D, 0xDC },  // 澻
    { 0x6FBC, 0x9D, 0xDD },  // 澼
    { 0x6FBD, 0x9D, 0xDE },  // 澽
    { 0x6FBE, 0x9D, 0xDF },  // 澾
    { 0x6FBF, 0x9D, 0xE0 },  // 澿
    { 0x6FC0, 0xBC, 0xA4 },  // 激
    { 0x6FC1, 0x9D, 0xE1 },  // 濁
    { 0x6FC2, 0xE5, 0xA5 },  // 濂
    { 0x6FC3, 0x9D, 0xE2 },  // 濃
    { 0x6FC4, 0x9D, 0xE3 },  // 濄
    { 0x6FC5, 0x9D, 0xE4 },  // 濅
    { 0x6FC6, 0x9D, 0xE5 },  // 濆
    { 0x6FC7, 0x9D, 0xE6 },  // 濇
    { 0x6FC8, 0x9D, 0xE7 },  // 濈
    { 0x6FC9, 0xE5, 0xA1 },  // 濉
    { 0x6FCA, 0x9D, 0xE8 },  // 濊
    { 0x6FCB, 0x9D, 0xE9 },  // 濋
    { 0x6FCC, 0x9D, 0xEA },  // 濌
    { 0x6FCD, 0x9D, 0xEB },  // 濍
    { 0x6FCE, 0x9D, 0xEC },  // 濎
    { 0x6FCF, 0x9D, 0xED },  // 濏
    { 0x6FD0, 0x9D, 0xEE },  // 濐
    { 0x6FD1, 0xE4, 0xFE },  // 濑
    { 0x6FD2, 0xB1, 0xF4 },  // 濒
    { 0x6FD3, 0x9D, 0xEF },  // 濓
    { 0x6FD4, 0x9D, 0xF0 },  // 濔
    { 0x6FD5, 0x9D, 0xF1 },  // 濕
    { 0x6FD6, 0x9D, 0xF2 },  // 濖
    { 0x6FD7, 0x9D, 0xF3 },  // 濗
    { 0x6FD8, 0x9D, 0xF4 },  // 濘
    { 0x6FD9, 0x9D, 0xF5 },  // 濙
    { 0x6FDA, 0x9D, 0xF6 },  // 濚
    { 0x6FDB, 0x9D, 0xF7 },  // 濛
    { 0x6FDC, 0x9D, 0xF8 },  // 濜
    { 0x6FDD, 0x9D, 0xF9 },  // 濝
    { 0x6FDE, 0xE5, 0xA8 },  // 濞
    { 0x6FDF, 0x9D, 0xFA },  // 濟
    { 0x6FE0, 0xE5, 0xA9 },  // 濠
    { 0x6FE1, 0xE5, 0xA6 },  // 濡
    { 0x6FE2, 0x9D, 0xFB },  // 濢
    { 0x6FE3, 0x9D, 0xFC },  // 濣
    { 0x6FE4, 0x9D, 0xFD },  // 濤
    { 0x6FE5, 0x9D, 0xFE },  // 濥
    { 0x6FE6, 0x9E, 0x40 },  // 濦
    { 0x6FE7, 0x9E, 0x41 },  // 濧
    { 0x6FE8, 0x9E, 0x42 },  // 濨
    { 0x6FE9, 0x9E, 0x43 },  // 濩
    { 0x6FEA, 0x9E, 0x44 },  // 濪
    { 0x6FEB, 0x9E, 0x45 },  // 濫
    { 0x6FEC, 0x9E, 0x46 },  // 濬
    { 0x6FED, 0x9E, 0x47 },  // 濭
    { 0x6FEE, 0xE5, 0xA7 },  // 濮
    { 0x6FEF, 0xE5, 0xAA },  // 濯
    { 0x6FF0, 0x9E, 0x48 },  // 濰
    { 0x6FF1, 0x9E, 0x49 },  // 濱
    { 0x6FF2, 0x9E, 0x4A },  // 濲
    { 0x6FF3, 0x9E, 0x4B },  // 濳
    { 0x6FF4, 0x9E, 0x4C },  // 濴
    { 0x6FF5, 0x9E, 0x4D },  // 濵
    { 0x6FF6, 0x9E, 0x4E },  // 濶
    { 0x6FF7, 0x9E, 0x4F },  // 濷
    { 0x6FF8, 0x9E, 0x50 },  // 濸
    { 0x6FF9, 0x9E, 0x51 },  // 濹
    { 0x6FFA, 0x9E, 0x52 },  // 濺
    { 0x6FFB, 0x9E, 0x53 },  // 濻
    { 0x6FFC, 0x9E, 0x54 },  // 濼
    { 0x6FFD, 0x9E, 0x55 },  // 濽
    { 0x6FFE, 0x9E, 0x56 },  // 濾
    { 0x6FFF, 0x9E, 0x57 },  // 濿
    { 0x7000, 0x9E, 0x58 },  // 瀀
    { 0x7001, 0x9E, 0x59 },  // 瀁
    { 0x7002, 0x9E, 0x5A },  // 瀂
    { 0x7003, 0x9E, 0x5B },  // 瀃
    { 0x7004, 0x9E, 0x5C },  // 瀄
    { 0x7005, 0x9E, 0x5D },  // 瀅
    { 0x7006, 0x9E, 0x5E },  // 瀆
    { 0x7007, 0x9E, 0x5F },  // 瀇
    { 0x7008, 0x9E, 0x60 },  // 瀈
    { 0x7009, 0x9E, 0x61 },  // 瀉
    { 0x700A, 0x9E, 0x62 },  // 瀊
    { 0x700B, 0x9E, 0x63 },  // 瀋
    { 0x700C, 0x9E, 0x64 },  // 瀌
    { 0x700D, 0x9E, 0x65 },  // 瀍
    { 0x700E, 0x9E, 0x66 },  // 瀎
    { 0x700F, 0x9E, 0x67 },  // 瀏
    { 0x7010, 0x9E, 0x68 },  // 瀐
    { 0x7011, 0xC6, 0xD9 },  // 瀑
    { 0x7012, 0x9E, 0x69 },  // 瀒
    { 0x7013, 0x9E, 0x6A },  // 瀓
    { 0x7014, 0x9E, 0x6B },  // 瀔
    { 0x7015, 0x9E, 0x6C },  // 瀕
    { 0x7016, 0x9E, 0x6D },  // 瀖
    { 0x7017, 0x9E, 0x6E },  // 瀗
    { 0x7018, 0x9E, 0x6F },  // 瀘
    { 0x7019, 0x9E, 0x70 },  // 瀙
    { 0x701A, 0xE5, 0xAB },  // 瀚
    { 0x701B, 0xE5, 0xAD },  // 瀛
    { 0x701C, 0x9E, 0x71 },  // 瀜
    { 0x701D, 0x9E, 0x72 },  // 瀝
    { 0x701E, 0x9E, 0x73 },  // 瀞
    { 0x701F, 0x9E, 0x74 },  // 瀟
    { 0x7020, 0x9E, 0x75 },  // 瀠
    { 0x7021, 0x9E, 0x76 },  // 瀡
    { 0x7022, 0x9E, 0x77 },  // 瀢
    { 0x7023, 0xE5, 0xAC },  // 瀣
    { 0x7024, 0x9E, 0x78 },  // 瀤
    { 0x7025, 0x9E, 0x79 },  // 瀥
    { 0x7026, 0x9E, 0x7A },  // 瀦
    { 0x7027, 0x9E, 0x7B },  // 瀧
    { 0x7028, 0x9E, 0x7C },  // 瀨
    { 0x7029, 0x9E, 0x7D },  // 瀩
    { 0x702A, 0x9E, 0x7E },  // 瀪
    { 0x702B, 0x9E, 0x80 },  // 瀫
    { 0x702C, 0x9E, 0x81 },  // 瀬
    { 0x702D, 0x9E, 0x82 },  // 瀭
    { 0x702E, 0x9E, 0x83 },  // 瀮
    { 0x702F, 0x9E, 0x84 },  // 瀯
    { 0x7030, 0x9E, 0x85 },  // 瀰
    { 0x7031, 0x9E, 0x86 },  // 瀱
    { 0x7032, 0x9E, 0x87 },  // 瀲
    { 0x7033, 0x9E, 0x88 },  // 瀳
    { 0x7034, 0x9E, 0x89 },  // 瀴
    { 0x7035, 0xE5, 0xAF },  // 瀵
    { 0x7036, 0x9E, 0x8A },  // 瀶
    { 0x7037, 0x9E, 0x8B },  // 瀷
    { 0x7038, 0x9E, 0x8C },  // 瀸
    { 0x7039, 0xE5, 0xAE },  // 瀹
    { 0x703A, 0x9E, 0x8D },  // 瀺
    { 0x703B, 0x9E, 0x8E },  // 瀻
    { 0x703C, 0x9E, 0x8F },  // 瀼
    { 0x703D, 0x9E, 0x90 },  // 瀽
    { 0x703E, 0x9E, 0x91 },  // 瀾
    { 0x703F, 0x9E, 0x92 },  // 瀿
    { 0x7040, 0x9E, 0x93 },  // 灀
    { 0x7041, 0x9E, 0x94 },  // 灁
    { 0x7042, 0x9E, 0x95 },  // 灂
    { 0x7043, 0x9E, 0x96 },  // 灃
    { 0x7044, 0x9E, 0x97 },  // 灄
    { 0x7045, 0x9E, 0x98 },  // 灅
    { 0x7046, 0x9E, 0x99 },  // 灆
    { 0x7047, 0x9E, 0x9A },  // 灇
    { 0x7048, 0x9E, 0x9B },  // 灈
    { 0x7049, 0x9E, 0x9C },  // 灉
    { 0x704A, 0x9E, 0x9D },  // 灊
    { 0x704B, 0x9E, 0x9E },  // 灋
    { 0x704C, 0xB9, 0xE0 },  // 灌
    { 0x704D, 0x9E, 0x9F },  // 灍
    { 0x704E, 0x9E, 0xA0 },  // 灎
    { 0x704F, 0xE5, 0xB0 },  // 灏
    { 0x7050, 0x9E, 0xA1 },  // 灐
    { 0x7051, 0x9E, 0xA2 },  // 灑
    { 0x7052, 0x9E, 0xA3 },  // 灒
    { 0x7053, 0x9E, 0xA4 },  // 灓
    { 0x7054, 0x9E, 0xA5 },  // 灔
    { 0x7055, 0x9E, 0xA6 },  // 灕
    { 0x7056, 0x9E, 0xA7 },  // 灖
    { 0x7057, 0x9E, 0xA8 },  // 灗
    { 0x7058, 0x9E, 0xA9 },  // 灘
    { 0x7059, 0x9E, 0xAA },  // 灙
    { 0x705A, 0x9E, 0xAB },  // 灚
    { 0x705B, 0x9E, 0xAC },  // 灛
    { 0x705C, 0x9E, 0xAD },  // 灜
    { 0x705D, 0x9E, 0xAE },  // 灝
    { 0x705E, 0xE5, 0xB1 },  // 灞
    { 0x705F, 0x9E, 0xAF },  // 灟
    { 0x7060, 0x9E, 0xB0 },  // 灠
    { 0x7061, 0x9E, 0xB1 },  // 灡
    { 0x7062, 0x9E, 0xB2 },  // 灢
    { 0x7063, 0x9E, 0xB3 },  // 灣
    { 0x7064, 0x9E, 0xB4 },  // 灤
    { 0x7065, 0x9E, 0xB5 },  // 灥
    { 0x7066, 0x9E, 0xB6 },  // 灦
    { 0x7067, 0x9E, 0xB7 },  // 灧
    { 0x7068, 0x9E, 0xB8 },  // 灨
    { 0x7069, 0x9E, 0xB9 },  // 灩
    { 0x706A, 0x9E, 0xBA },  // 灪
    { 0x706B, 0xBB, 0xF0 },  // 火
    { 0x706C, 0xEC, 0xE1 },  // 灬
    { 0x706D, 0xC3, 0xF0 },  // 灭
    { 0x706E, 0x9E, 0xBB },  // 灮
    { 0x706F, 0xB5, 0xC6 },  // 灯
    { 0x7070, 0xBB, 0xD2 },  // 灰
    { 0x7071, 0x9E, 0xBC },  // 灱
    { 0x7072, 0x9E, 0xBD },  // 灲
    { 0x7073, 0x9E, 0xBE },  // 灳
    { 0x7074, 0x9E, 0xBF },  // 灴
    { 0x7075, 0xC1, 0xE9 },  // 灵
    { 0x7076, 0xD4, 0xEE },  // 灶
    { 0x7077, 0x9E, 0xC0 },  // 灷
    { 0x7078, 0xBE, 0xC4 },  // 灸
    { 0x7079, 0x9E, 0xC1 },  // 灹
    { 0x707A, 0x9E, 0xC2 },  // 灺
    { 0x707B, 0x9E, 0xC3 },  // 灻
    { 0x707C, 0xD7, 0xC6 },  // 灼
    { 0x707D, 0x9E, 0xC4 },  // 災
    { 0x707E, 0xD4, 0xD6 },  // 灾
    { 0x707F, 0xB2, 0xD3 },  // 灿
    { 0x7080, 0xEC, 0xBE },  // 炀
    { 0x7081, 0x9E, 0xC5 },  // 炁
    { 0x7082, 0x9E, 0xC6 },  // 炂
    { 0x7083, 0x9E, 0xC7 },  // 炃
    { 0x7084, 0x9E, 0xC8 },  // 炄
    { 0x7085, 0xEA, 0xC1 },  // 炅
    { 0x7086, 0x9E, 0xC9 },  // 炆
    { 0x7087, 0x9E, 0xCA },  // 炇
    { 0x7088, 0x9E, 0xCB },  // 炈
    { 0x7089, 0xC2, 0xAF },  // 炉
    { 0x708A, 0xB4, 0xB6 },  // 炊
    { 0x708B, 0x9E, 0xCC },  // 炋
    { 0x708C, 0x9E, 0xCD },  // 炌
    { 0x708D, 0x9E, 0xCE },  // 炍
    { 0x708E, 0xD1, 0xD7 },  // 炎
    { 0x708F, 0x9E, 0xCF },  // 炏
    { 0x7090, 0x9E, 0xD0 },  // 炐
    { 0x7091, 0x9E, 0xD1 },  // 炑
    { 0x7092, 0xB3, 0xB4 },  // 炒
    { 0x7093, 0x9E, 0xD2 },  // 炓
    { 0x7094, 0xC8, 0xB2 },  // 炔
    { 0x7095, 0xBF, 0xBB },  // 炕
    { 0x7096, 0xEC, 0xC0 },  // 炖
    { 0x7097, 0x9E, 0xD3 },  // 炗
    { 0x7098, 0x9E, 0xD4 },  // 炘
    { 0x7099, 0xD6, 0xCB },  // 炙
    { 0x709A, 0x9E, 0xD5 },  // 炚
    { 0x709B, 0x9E, 0xD6 },  // 炛
    { 0x709C, 0xEC, 0xBF },  // 炜
    { 0x709D, 0xEC, 0xC1 },  // 炝
    { 0x709E, 0x9E, 0xD7 },  // 炞
    { 0x709F, 0x9E, 0xD8 },  // 炟
    { 0x70A0, 0x9E, 0xD9 },  // 炠
    { 0x70A1, 0x9E, 0xDA },  // 炡
    { 0x70A2, 0x9E, 0xDB },  // 炢
    { 0x70A3, 0x9E, 0xDC },  // 炣
    { 0x70A4, 0x9E, 0xDD },  // 炤
    { 0x70A5, 0x9E, 0xDE },  // 炥
    { 0x70A6, 0x9E, 0xDF },  // 炦
    { 0x70A7, 0x9E, 0xE0 },  // 炧
    { 0x70A8, 0x9E, 0xE1 },  // 炨
    { 0x70A9, 0x9E, 0xE2 },  // 炩
    { 0x70AA, 0x9E, 0xE3 },  // 炪
    { 0x70AB, 0xEC, 0xC5 },  // 炫
    { 0x70AC, 0xBE, 0xE6 },  // 炬
    { 0x70AD, 0xCC, 0xBF },  // 炭
    { 0x70AE, 0xC5, 0xDA },  // 炮
    { 0x70AF, 0xBE, 0xBC },  // 炯
    { 0x70B0, 0x9E, 0xE4 },  // 炰
    { 0x70B1, 0xEC, 0xC6 },  // 炱
    { 0x70B2, 0x9E, 0xE5 },  // 炲
    { 0x70B3, 0xB1, 0xFE },  // 炳
    { 0x70B4, 0x9E, 0xE6 },  // 炴
    { 0x70B5, 0x9E, 0xE7 },  // 炵
    { 0x70B6, 0x9E, 0xE8 },  // 炶
    { 0x70B7, 0xEC, 0xC4 },  // 炷
    { 0x70B8, 0xD5, 0xA8 },  // 炸
    { 0x70B9, 0xB5, 0xE3 },  // 点
    { 0x70BA, 0x9E, 0xE9 },  // 為
    { 0x70BB, 0xEC, 0xC2 },  // 炻
    { 0x70BC, 0xC1, 0xB6 },  // 炼
    { 0x70BD, 0xB3, 0xE3 },  // 炽
    { 0x70BE, 0x9E, 0xEA },  // 炾
    { 0x70BF, 0x9E, 0xEB },  // 炿
    { 0x70C0, 0xEC, 0xC3 },  // 烀
    { 0x70C1, 0xCB, 0xB8 },  // 烁
    { 0x70C2, 0xC0, 0xC3 },  // 烂
    { 0x70C3, 0xCC, 0xFE },  // 烃
    { 0x70C4, 0x9E, 0xEC },  // 烄
    { 0x70C5, 0x9E, 0xED },  // 烅
    { 0x70C6, 0x9E, 0xEE },  // 烆
    { 0x70C7, 0x9E, 0xEF },  // 烇
    { 0x70C8, 0xC1, 0xD2 },  // 烈
    { 0x70C9, 0x9E, 0xF0 },  // 烉
    { 0x70CA, 0xEC, 0xC8 },  // 烊
    { 0x70CB, 0x9E, 0xF1 },  // 烋
    { 0x70CC, 0x9E, 0xF2 },  // 烌
    { 0x70CD, 0x9E, 0xF3 },  // 烍
    { 0x70CE, 0x9E, 0xF4 },  // 烎
    { 0x70CF, 0x9E, 0xF5 },  // 烏
    { 0x70D0, 0x9E, 0xF6 },  // 烐
    { 0x70D1, 0x9E, 0xF7 },  // 烑
    { 0x70D2, 0x9E, 0xF8 },  // 烒
    { 0x70D3, 0x9E, 0xF9 },  // 烓
    { 0x70D4, 0x9E, 0xFA },  // 烔
    { 0x70D5, 0x9E, 0xFB },  // 烕
    { 0x70D6, 0x9E, 0xFC },  // 烖
    { 0x70D7, 0x9E, 0xFD },  // 烗
    { 0x70D8, 0xBA, 0xE6 },  // 烘
    { 0x70D9, 0xC0, 0xD3 },  // 烙
    { 0x70DA, 0x9E, 0xFE },  // 烚
    { 0x70DB, 0xD6, 0xF2 },  // 烛
    { 0x70DC, 0x9F, 0x40 },  // 烜
    { 0x70DD, 0x9F, 0x41 },  // 烝
    { 0x70DE, 0x9F, 0x42 },  // 烞
    { 0x70DF, 0xD1, 0xCC },  // 烟
    { 0x70E0, 0x9F, 0x43 },  // 烠
    { 0x70E1, 0x9F, 0x44 },  // 烡
    { 0x70E2, 0x9F, 0x45 },  // 烢
    { 0x70E3, 0x9F, 0x46 },  // 烣
    { 0x70E4, 0xBF, 0xBE },  // 烤
    { 0x70E5, 0x9F, 0x47 },  // 烥
    { 0x70E6, 0xB7, 0xB3 },  // 烦
    { 0x70E7, 0xC9, 0xD5 },  // 烧
    { 0x70E8, 0xEC, 0xC7 },  // 烨
    { 0x70E9, 0xBB, 0xE2 },  // 烩
    { 0x70EA, 0x9F, 0x48 },  // 烪
    { 0x70EB, 0xCC, 0xCC },  // 烫
    { 0x70EC, 0xBD, 0xFD },  // 烬
    { 0x70ED, 0xC8, 0xC8 },  // 热
    { 0x70EE, 0x9F, 0x49 },  // 烮
    { 0x70EF, 0xCF, 0xA9 },  // 烯
    { 0x70F0, 0x9F, 0x4A },  // 烰
    { 0x70F1, 0x9F, 0x4B },  // 烱
    { 0x70F2, 0x9F, 0x4C },  // 烲
    { 0x70F3, 0x9F, 0x4D },  // 烳
    { 0x70F4, 0x9F, 0x4E },  // 烴
    { 0x70F5, 0x9F, 0x4F },  // 烵
    { 0x70F6, 0x9F, 0x50 },  // 烶
    { 0x70F7, 0xCD, 0xE9 },  // 烷
    { 0x70F8, 0x9F, 0x51 },  // 烸
    { 0x70F9, 0xC5, 0xEB },  // 烹
    { 0x70FA, 0x9F, 0x52 },  // 烺
    { 0x70FB, 0x9F, 0x53 },  // 烻
    { 0x70FC, 0x9F, 0x54 },  // 烼
    { 0x70FD, 0xB7, 0xE9 },  // 烽
    { 0x70FE, 0x9F, 0x55 },  // 烾
    { 0x70FF, 0x9F, 0x56 },  // 烿
    { 0x7100, 0x9F, 0x57 },  // 焀
    { 0x7101, 0x9F, 0x58 },  // 焁
    { 0x7102, 0x9F, 0x59 },  // 焂
    { 0x7103, 0x9F, 0x5A },  // 焃
    { 0x7104, 0x9F, 0x5B },  // 焄
    { 0x7105, 0x9F, 0x5C },  // 焅
    { 0x7106, 0x9F, 0x5D },  // 焆
    { 0x7107, 0x9F, 0x5E },  // 焇
    { 0x7108, 0x9F, 0x5F },  // 焈
    { 0x7109, 0xD1, 0xC9 },  // 焉
    { 0x710A, 0xBA, 0xB8 },  // 焊
    { 0x710B, 0x9F, 0x60 },  // 焋
    { 0x710C, 0x9F, 0x61 },  // 焌
    { 0x710D, 0x9F, 0x62 },  // 焍
    { 0x710E, 0x9F, 0x63 },  // 焎
    { 0x710F, 0x9F, 0x64 },  // 焏
    { 0x7110, 0xEC, 0xC9 },  // 焐
    { 0x7111, 0x9F, 0x65 },  // 焑
    { 0x7112, 0x9F, 0x66 },  // 焒
    { 0x7113, 0xEC, 0xCA },  // 焓
    { 0x7114, 0x9F, 0x67 },  // 焔
    { 0x7115, 0xBB, 0xC0 },  // 焕
    { 0x7116, 0xEC, 0xCB },  // 焖
    { 0x7117, 0x9F, 0x68 },  // 焗
    { 0x7118, 0xEC, 0xE2 },  // 焘
    { 0x7119, 0xB1, 0xBA },  // 焙
    { 0x711A, 0xB7, 0xD9 },  // 焚
    { 0x711B, 0x9F, 0x69 },  // 焛
    { 0x711C, 0x9F, 0x6A },  // 焜
    { 0x711D, 0x9F, 0x6B },  // 焝
    { 0x711E, 0x9F, 0x6C },  // 焞
    { 0x711F, 0x9F, 0x6D },  // 焟
    { 0x7120, 0x9F, 0x6E },  // 焠
    { 0x7121, 0x9F, 0x6F },  // 無
    { 0x7122, 0x9F, 0x70 },  // 焢
    { 0x7123, 0x9F, 0x71 },  // 焣
    { 0x7124, 0x9F, 0x72 },  // 焤
    { 0x7125, 0x9F, 0x73 },  // 焥
    { 0x7126, 0xBD, 0xB9 },  // 焦
    { 0x7127, 0x9F, 0x74 },  // 焧
    { 0x7128, 0x9F, 0x75 },  // 焨
    { 0x7129, 0x9F, 0x76 },  // 焩
    { 0x712A, 0x9F, 0x77 },  // 焪
    { 0x712B, 0x9F, 0x78 },  // 焫
    { 0x712C, 0x9F, 0x79 },  // 焬
    { 0x712D, 0x9F, 0x7A },  // 焭
    { 0x712E, 0x9F, 0x7B },  // 焮
    { 0x712F, 0xEC, 0xCC },  // 焯
    { 0x7130, 0xD1, 0xE6 },  // 焰
    { 0x7131, 0xEC, 0xCD },  // 焱
    { 0x7132, 0x9F, 0x7C },  // 焲
    { 0x7133, 0x9F, 0x7D },  // 焳
    { 0x7134, 0x9F, 0x7E },  // 焴
    { 0x7135, 0x9F, 0x80 },  // 焵
    { 0x7136, 0xC8, 0xBB },  // 然
    { 0x7137, 0x9F, 0x81 },  // 焷
    { 0x7138, 0x9F, 0x82 },  // 焸
    { 0x7139, 0x9F, 0x83 },  // 焹
    { 0x713A, 0x9F, 0x84 },  // 焺
    { 0x713B, 0x9F, 0x85 },  // 焻
    { 0x713C, 0x9F, 0x86 },  // 焼
    { 0x713D, 0x9F, 0x87 },  // 焽
    { 0x713E, 0x9F, 0x88 },  // 焾
    { 0x713F, 0x9F, 0x89 },  // 焿
    { 0x7140, 0x9F, 0x8A },  // 煀
    { 0x7141, 0x9F, 0x8B },  // 煁
    { 0x7142, 0x9F, 0x8C },  // 煂
    { 0x7143, 0x9F, 0x8D },  // 煃
    { 0x7144, 0x9F, 0x8E },  // 煄
    { 0x7145, 0xEC, 0xD1 },  // 煅
    { 0x7146, 0x9F, 0x8F },  // 煆
    { 0x7147, 0x9F, 0x90 },  // 煇
    { 0x7148, 0x9F, 0x91 },  // 煈
    { 0x7149, 0x9F, 0x92 },  // 煉
    { 0x714A, 0xEC, 0xD3 },  // 煊
    { 0x714B, 0x9F, 0x93 },  // 煋
    { 0x714C, 0xBB, 0xCD },  // 煌
    { 0x714D, 0x9F, 0x94 },  // 煍
    { 0x714E, 0xBC, 0xE5 },  // 煎
    { 0x714F, 0x9F, 0x95 },  // 煏
    { 0x7150, 0x9F, 0x96 },  // 煐
    { 0x7151, 0x9F, 0x97 },  // 煑
    { 0x7152, 0x9F, 0x98 },  // 煒
    { 0x7153, 0x9F, 0x99 },  // 煓
    { 0x7154, 0x9F, 0x9A },  // 煔
    { 0x7155, 0x9F, 0x9B },  // 煕
    { 0x7156, 0x9F, 0x9C },  // 煖
    { 0x7157, 0x9F, 0x9D },  // 煗
    { 0x7158, 0x9F, 0x9E },  // 煘
    { 0x7159, 0x9F, 0x9F },  // 煙
    { 0x715A, 0x9F, 0xA0 },  // 煚
    { 0x715B, 0x9F, 0xA1 },  // 煛
    { 0x715C, 0xEC, 0xCF },  // 煜
    { 0x715D, 0x9F, 0xA2 },  // 煝
    { 0x715E, 0xC9, 0xB7 },  // 煞
    { 0x715F, 0x9F, 0xA3 },  // 煟
    { 0x7160, 0x9F, 0xA4 },  // 煠
    { 0x7161, 0x9F, 0xA5 },  // 煡
    { 0x7162, 0x9F, 0xA6 },  // 煢
    { 0x7163, 0x9F, 0xA7 },  // 煣
    { 0x7164, 0xC3, 0xBA },  // 煤
    { 0x7165, 0x9F, 0xA8 },  // 煥
    { 0x7166, 0xEC, 0xE3 },  // 煦
    { 0x7167, 0xD5, 0xD5 },  // 照
    { 0x7168, 0xEC, 0xD0 },  // 煨
    { 0x7169, 0x9F, 0xA9 },  // 煩
    { 0x716A, 0x9F, 0xAA },  // 煪
    { 0x716B, 0x9F, 0xAB },  // 煫
    { 0x716C, 0x9F, 0xAC },  // 煬
    { 0x716D, 0x9F, 0xAD },  // 煭
    { 0x716E, 0xD6, 0xF3 },  // 煮
    { 0x716F, 0x9F, 0xAE },  // 煯
    { 0x7170, 0x9F, 0xAF },  // 煰
    { 0x7171, 0x9F, 0xB0 },  // 煱
    { 0x7172, 0xEC, 0xD2 },  // 煲
    { 0x7173, 0xEC, 0xCE },  // 煳
    { 0x7174, 0x9F, 0xB1 },  // 煴
    { 0x7175, 0x9F, 0xB2 },  // 煵
    { 0x7176, 0x9F, 0xB3 },  // 煶
    { 0x7177, 0x9F, 0xB4 },  // 煷
    { 0x7178, 0xEC, 0xD4 },  // 煸
    { 0x7179, 0x9F, 0xB5 },  // 煹
    { 0x717A, 0xEC, 0xD5 },  // 煺
    { 0x717B, 0x9F, 0xB6 },  // 煻
    { 0x717C, 0x9F, 0xB7 },  // 煼
    { 0x717D, 0xC9, 0xBF },  // 煽
    { 0x717E, 0x9F, 0xB8 },  // 煾
    { 0x717F, 0x9F, 0xB9 },  // 煿
    { 0x7180, 0x9F, 0xBA },  // 熀
    { 0x7181, 0x9F, 0xBB },  // 熁
    { 0x7182, 0x9F, 0xBC },  // 熂
    { 0x7183, 0x9F, 0xBD },  // 熃
    { 0x7184, 0xCF, 0xA8 },  // 熄
    { 0x7185, 0x9F, 0xBE },  // 熅
    { 0x7186, 0x9F, 0xBF },  // 熆
    { 0x7187, 0x9F, 0xC0 },  // 熇
    { 0x7188, 0x9F, 0xC1 },  // 熈
    { 0x7189, 0x9F, 0xC2 },  // 熉
    { 0x718A, 0xD0, 0xDC },  // 熊
    { 0x718B, 0x9F, 0xC3 },  // 熋
    { 0x718C, 0x9F, 0xC4 },  // 熌
    { 0x718D, 0x9F, 0xC5 },  // 熍
    { 0x718E, 0x9F, 0xC6 },  // 熎
    { 0x718F, 0xD1, 0xAC },  // 熏
    { 0x7190, 0x9F, 0xC7 },  // 熐
    { 0x7191, 0x9F, 0xC8 },  // 熑
    { 0x7192, 0x9F, 0xC9 },  // 熒
    { 0x7193, 0x9F, 0xCA },  // 熓
    { 0x7194, 0xC8, 0xDB },  // 熔
    { 0x7195, 0x9F, 0xCB },  // 熕
    { 0x7196, 0x9F, 0xCC },  // 熖
    { 0x7197, 0x9F, 0xCD },  // 熗
    { 0x7198, 0xEC, 0xD6 },  // 熘
    { 0x7199, 0xCE, 0xF5 },  // 熙
    { 0x719A, 0x9F, 0xCE },  // 熚
    { 0x719B, 0x9F, 0xCF },  // 熛
    { 0x719C, 0x9F, 0xD0 },  // 熜
    { 0x719D, 0x9F, 0xD1 },  // 熝
    { 0x719E, 0x9F, 0xD2 },  // 熞
    { 0x719F, 0xCA, 0xEC },  // 熟
    { 0x71A0, 0xEC, 0xDA },  // 熠
    { 0x71A1, 0x9F, 0xD3 },  // 熡
    { 0x71A2, 0x9F, 0xD4 },  // 熢
    { 0x71A3, 0x9F, 0xD5 },  // 熣
    { 0x71A4, 0x9F, 0xD6 },  // 熤
    { 0x71A5, 0x9F, 0xD7 },  // 熥
    { 0x71A6, 0x9F, 0xD8 },  // 熦
    { 0x71A7, 0x9F, 0xD9 },  // 熧
    { 0x71A8, 0xEC, 0xD9 },  // 熨
    { 0x71A9, 0x9F, 0xDA },  // 熩
    { 0x71AA, 0x9F, 0xDB },  // 熪
    { 0x71AB, 0x9F, 0xDC },  // 熫
    { 0x71AC, 0xB0, 0xBE },  // 熬
    { 0x71AD, 0x9F, 0xDD },  // 熭
    { 0x71AE, 0x9F, 0xDE },  // 熮
    { 0x71AF, 0x9F, 0xDF },  // 熯
    { 0x71B0, 0x9F, 0xE0 },  // 熰
    { 0x71B1, 0x9F, 0xE1 },  // 熱
    { 0x71B2, 0x9F, 0xE2 },  // 熲
    { 0x71B3, 0xEC, 0xD7 },  // 熳
    { 0x71B4, 0x9F, 0xE3 },  // 熴
    { 0x71B5, 0xEC, 0xD8 },  // 熵
    { 0x71B6, 0x9F, 0xE4 },  // 熶
    { 0x71B7, 0x9F, 0xE5 },  // 熷
    { 0x71B8, 0x9F, 0xE6 },  // 熸
    { 0x71B9, 0xEC, 0xE4 },  // 熹
    { 0x71BA, 0x9F, 0xE7 },  // 熺
    { 0x71BB, 0x9F, 0xE8 },  // 熻
    { 0x71BC, 0x9F, 0xE9 },  // 熼
    { 0x71BD, 0x9F, 0xEA },  // 熽
    { 0x71BE, 0x9F, 0xEB },  // 熾
    { 0x71BF, 0x9F, 0xEC },  // 熿
    { 0x71C0, 0x9F, 0xED },  // 燀
    { 0x71C1, 0x9F, 0xEE },  // 燁
    { 0x71C2, 0x9F, 0xEF },  // 燂
    { 0x71C3, 0xC8, 0xBC },  // 燃
    { 0x71C4, 0x9F, 0xF0 },  // 燄
    { 0x71C5, 0x9F, 0xF1 },  // 燅
    { 0x71C6, 0x9F, 0xF2 },  // 燆
    { 0x71C7, 0x9F, 0xF3 },  // 燇
    { 0x71C8, 0x9F, 0xF4 },  // 燈
    { 0x71C9, 0x9F, 0xF5 },  // 燉
    { 0x71CA, 0x9F, 0xF6 },  // 燊
    { 0x71CB, 0x9F, 0xF7 },  // 燋
    { 0x71CC, 0x9F, 0xF8 },  // 燌
    { 0x71CD, 0x9F, 0xF9 },  // 燍
    { 0x71CE, 0xC1, 0xC7 },  // 燎
    { 0x71CF, 0x9F, 0xFA },  // 燏
    { 0x71D0, 0x9F, 0xFB },  // 燐
    { 0x71D1, 0x9F, 0xFC },  // 燑
    { 0x71D2, 0x9F, 0xFD },  // 燒
    { 0x71D3, 0x9F, 0xFE },  // 燓
    { 0x71D4, 0xEC, 0xDC },  // 燔
    { 0x71D5, 0xD1, 0xE0 },  // 燕
    { 0x71D6, 0xA0, 0x40 },  // 燖
    { 0x71D7, 0xA0, 0x41 },  // 燗
    { 0x71D8, 0xA0, 0x42 },  // 燘
    { 0x71D9, 0xA0, 0x43 },  // 燙
    { 0x71DA, 0xA0, 0x44 },  // 燚
    { 0x71DB, 0xA0, 0x45 },  // 燛
    { 0x71DC, 0xA0, 0x46 },  // 燜
    { 0x71DD, 0xA0, 0x47 },  // 燝
    { 0x71DE, 0xA0, 0x48 },  // 燞
    { 0x71DF, 0xA0, 0x49 },  // 營
    { 0x71E0, 0xEC, 0xDB },  // 燠
    { 0x71E1, 0xA0, 0x4A },  // 燡
    { 0x71E2, 0xA0, 0x4B },  // 燢
    { 0x71E3, 0xA0, 0x4C },  // 燣
    { 0x71E4, 0xA0, 0x4D },  // 燤
    { 0x71E5, 0xD4, 0xEF },  // 燥
    { 0x71E6, 0xA0, 0x4E },  // 燦
    { 0x71E7, 0xEC, 0xDD },  // 燧
    { 0x71E8, 0xA0, 0x4F },  // 燨
    { 0x71E9, 0xA0, 0x50 },  // 燩
    { 0x71EA, 0xA0, 0x51 },  // 燪
    { 0x71EB, 0xA0, 0x52 },  // 燫
    { 0x71EC, 0xA0, 0x53 },  // 燬
    { 0x71ED, 0xA0, 0x54 },  // 燭
    { 0x71EE, 0xDB, 0xC6 },  // 燮
    { 0x71EF, 0xA0, 0x55 },  // 燯
    { 0x71F0, 0xA0, 0x56 },  // 燰
    { 0x71F1, 0xA0, 0x57 },  // 燱
    { 0x71F2, 0xA0, 0x58 },  // 燲
    { 0x71F3, 0xA0, 0x59 },  // 燳
    { 0x71F4, 0xA0, 0x5A },  // 燴
    { 0x71F5, 0xA0, 0x5B },  // 燵
    { 0x71F6, 0xA0, 0x5C },  // 燶
    { 0x71F7, 0xA0, 0x5D },  // 燷
    { 0x71F8, 0xA0, 0x5E },  // 燸
    { 0x71F9, 0xEC, 0xDE },  // 燹
    { 0x71FA, 0xA0, 0x5F },  // 燺
    { 0x71FB, 0xA0, 0x60 },  // 燻
    { 0x71FC, 0xA0, 0x61 },  // 燼
    { 0x71FD, 0xA0, 0x62 },  // 燽
    { 0x71FE, 0xA0, 0x63 },  // 燾
    { 0x71FF, 0xA0, 0x64 },  // 燿
    { 0x7200, 0xA0, 0x65 },  // 爀
    { 0x7201, 0xA0, 0x66 },  // 爁
    { 0x7202, 0xA0, 0x67 },  // 爂
    { 0x7203, 0xA0, 0x68 },  // 爃
    { 0x7204, 0xA0, 0x69 },  // 爄
    { 0x7205, 0xA0, 0x6A },  // 爅
    { 0x7206, 0xB1, 0xAC },  // 爆
    { 0x7207, 0xA0, 0x6B },  // 爇
    { 0x7208, 0xA0, 0x6C },  // 爈
    { 0x7209, 0xA0, 0x6D },  // 爉
    { 0x720A, 0xA0, 0x6E },  // 爊
    { 0x720B, 0xA0, 0x6F },  // 爋
    { 0x720C, 0xA0, 0x70 },  // 爌
    { 0x720D, 0xA0, 0x71 },  // 爍
    { 0x720E, 0xA0, 0x72 },  // 爎
    { 0x720F, 0xA0, 0x73 },  // 爏
    { 0x7210, 0xA0, 0x74 },  // 爐
    { 0x7211, 0xA0, 0x75 },  // 爑
    { 0x7212, 0xA0, 0x76 },  // 爒
    { 0x7213, 0xA0, 0x77 },  // 爓
    { 0x7214, 0xA0, 0x78 },  // 爔
    { 0x7215, 0xA0, 0x79 },  // 爕
    { 0x7216, 0xA0, 0x7A },  // 爖
    { 0x7217, 0xA0, 0x7B },  // 爗
    { 0x7218, 0xA0, 0x7C },  // 爘
    { 0x7219, 0xA0, 0x7D },  // 爙
    { 0x721A, 0xA0, 0x7E },  // 爚
    { 0x721B, 0xA0, 0x80 },  // 爛
    { 0x721C, 0xA0, 0x81 },  // 爜
    { 0x721D, 0xEC, 0xDF },  // 爝
    { 0x721E, 0xA0, 0x82 },  // 爞
    { 0x721F, 0xA0, 0x83 },  // 爟
    { 0x7220, 0xA0, 0x84 },  // 爠
    { 0x7221, 0xA0, 0x85 },  // 爡
    { 0x7222, 0xA0, 0x86 },  // 爢
    { 0x7223, 0xA0, 0x87 },  // 爣
    { 0x7224, 0xA0, 0x88 },  // 爤
    { 0x7225, 0xA0, 0x89 },  // 爥
    { 0x7226, 0xA0, 0x8A },  // 爦
    { 0x7227, 0xA0, 0x8B },  // 爧
    { 0x7228, 0xEC, 0xE0 },  // 爨
    { 0x7229, 0xA0, 0x8C },  // 爩
    { 0x722A, 0xD7, 0xA6 },  // 爪
    { 0x722B, 0xA0, 0x8D },  // 爫
    { 0x722C, 0xC5, 0xC0 },  // 爬
    { 0x722D, 0xA0, 0x8E },  // 爭
    { 0x722E, 0xA0, 0x8F },  // 爮
    { 0x722F, 0xA0, 0x90 },  // 爯
    { 0x7230, 0xEB, 0xBC },  // 爰
    { 0x7231, 0xB0, 0xAE },  // 爱
    { 0x7232, 0xA0, 0x91 },  // 爲
    { 0x7233, 0xA0, 0x92 },  // 爳
    { 0x7234, 0xA0, 0x93 },  // 爴
    { 0x7235, 0xBE, 0xF4 },  // 爵
    { 0x7236, 0xB8, 0xB8 },  // 父
    { 0x7237, 0xD2, 0xAF },  // 爷
    { 0x7238, 0xB0, 0xD6 },  // 爸
    { 0x7239, 0xB5, 0xF9 },  // 爹
    { 0x723A, 0xA0, 0x94 },  // 爺
    { 0x723B, 0xD8, 0xB3 },  // 爻
    { 0x723C, 0xA0, 0x95 },  // 爼
    { 0x723D, 0xCB, 0xAC },  // 爽
    { 0x723E, 0xA0, 0x96 },  // 爾
    { 0x723F, 0xE3, 0xDD },  // 爿
    { 0x7240, 0xA0, 0x97 },  // 牀
    { 0x7241, 0xA0, 0x98 },  // 牁
    { 0x7242, 0xA0, 0x99 },  // 牂
    { 0x7243, 0xA0, 0x9A },  // 牃
    { 0x7244, 0xA0, 0x9B },  // 牄
    { 0x7245, 0xA0, 0x9C },  // 牅
    { 0x7246, 0xA0, 0x9D },  // 牆
    { 0x7247, 0xC6, 0xAC },  // 片
    { 0x7248, 0xB0, 0xE6 },  // 版
    { 0x7249, 0xA0, 0x9E },  // 牉
    { 0x724A, 0xA0, 0x9F },  // 牊
    { 0x724B, 0xA0, 0xA0 },  // 牋
    { 0x724C, 0xC5, 0xC6 },  // 牌
    { 0x724D, 0xEB, 0xB9 },  // 牍
    { 0x724E, 0xA0, 0xA1 },  // 牎
    { 0x724F, 0xA0, 0xA2 },  // 牏
    { 0x7250, 0xA0, 0xA3 },  // 牐
    { 0x7251, 0xA0, 0xA4 },  // 牑
    { 0x7252, 0xEB, 0xBA },  // 牒
    { 0x7253, 0xA0, 0xA5 },  // 牓
    { 0x7254, 0xA0, 0xA6 },  // 牔
    { 0x7255, 0xA0, 0xA7 },  // 牕
    { 0x7256, 0xEB, 0xBB },  // 牖
    { 0x7257, 0xA0, 0xA8 },  // 牗
    { 0x7258, 0xA0, 0xA9 },  // 牘
    { 0x7259, 0xD1, 0xC0 },  // 牙
    { 0x725A, 0xA0, 0xAA },  // 牚
    { 0x725B, 0xC5, 0xA3 },  // 牛
    { 0x725C, 0xA0, 0xAB },  // 牜
    { 0x725D, 0xEA, 0xF2 },  // 牝
    { 0x725E, 0xA0, 0xAC },  // 牞
    { 0x725F, 0xC4, 0xB2 },  // 牟
    { 0x7260, 0xA0, 0xAD },  // 牠
    { 0x7261, 0xC4, 0xB5 },  // 牡
    { 0x7262, 0xC0, 0xCE },  // 牢
    { 0x7263, 0xA0, 0xAE },  // 牣
    { 0x7264, 0xA0, 0xAF },  // 牤
    { 0x7265, 0xA0, 0xB0 },  // 牥
    { 0x7266, 0xEA, 0xF3 },  // 牦
    { 0x7267, 0xC4, 0xC1 },  // 牧
    { 0x7268, 0xA0, 0xB1 },  // 牨
    { 0x7269, 0xCE, 0xEF },  // 物
    { 0x726A, 0xA0, 0xB2 },  // 牪
    { 0x726B, 0xA0, 0xB3 },  // 牫
    { 0x726C, 0xA0, 0xB4 },  // 牬
    { 0x726D, 0xA0, 0xB5 },  // 牭
    { 0x726E, 0xEA, 0xF0 },  // 牮
    { 0x726F, 0xEA, 0xF4 },  // 牯
    { 0x7270, 0xA0, 0xB6 },  // 牰
    { 0x7271, 0xA0, 0xB7 },  // 牱
    { 0x7272, 0xC9, 0xFC },  // 牲
    { 0x7273, 0xA0, 0xB8 },  // 牳
    { 0x7274, 0xA0, 0xB9 },  // 牴
    { 0x7275, 0xC7, 0xA3 },  // 牵
    { 0x7276, 0xA0, 0xBA },  // 牶
    { 0x7277, 0xA0, 0xBB },  // 牷
    { 0x7278, 0xA0, 0xBC },  // 牸
    { 0x7279, 0xCC, 0xD8 },  // 特
    { 0x727A, 0xCE, 0xFE },  // 牺
    { 0x727B, 0xA0, 0xBD },  // 牻
    { 0x727C, 0xA0, 0xBE },  // 牼
    { 0x727D, 0xA0, 0xBF },  // 牽
    { 0x727E, 0xEA, 0xF5 },  // 牾
    { 0x727F, 0xEA, 0xF6 },  // 牿
    { 0x7280, 0xCF, 0xAC },  // 犀
    { 0x7281, 0xC0, 0xE7 },  // 犁
    { 0x7282, 0xA0, 0xC0 },  // 犂
    { 0x7283, 0xA0, 0xC1 },  // 犃
    { 0x7284, 0xEA, 0xF7 },  // 犄
    { 0x7285, 0xA0, 0xC2 },  // 犅
    { 0x7286, 0xA0, 0xC3 },  // 犆
    { 0x7287, 0xA0, 0xC4 },  // 犇
    { 0x7288, 0xA0, 0xC5 },  // 犈
    { 0x7289, 0xA0, 0xC6 },  // 犉
    { 0x728A, 0xB6, 0xBF },  // 犊
    { 0x728B, 0xEA, 0xF8 },  // 犋
    { 0x728C, 0xA0, 0xC7 },  // 犌
    { 0x728D, 0xEA, 0xF9 },  // 犍
    { 0x728E, 0xA0, 0xC8 },  // 犎
    { 0x728F, 0xEA, 0xFA },  // 犏
    { 0x7290, 0xA0, 0xC9 },  // 犐
    { 0x7291, 0xA0, 0xCA },  // 犑
    { 0x7292, 0xEA, 0xFB },  // 犒
    { 0x7293, 0xA0, 0xCB },  // 犓
    { 0x7294, 0xA0, 0xCC },  // 犔
    { 0x7295, 0xA0, 0xCD },  // 犕
    { 0x7296, 0xA0, 0xCE },  // 犖
    { 0x7297, 0xA0, 0xCF },  // 犗
    { 0x7298, 0xA0, 0xD0 },  // 犘
    { 0x7299, 0xA0, 0xD1 },  // 犙
    { 0x729A, 0xA0, 0xD2 },  // 犚
    { 0x729B, 0xA0, 0xD3 },  // 犛
    { 0x729C, 0xA0, 0xD4 },  // 犜
    { 0x729D, 0xA0, 0xD5 },  // 犝
    { 0x729E, 0xA0, 0xD6 },  // 犞
    { 0x729F, 0xEA, 0xF1 },  // 犟
    { 0x72A0, 0xA0, 0xD7 },  // 犠
    { 0x72A1, 0xA0, 0xD8 },  // 犡
    { 0x72A2, 0xA0, 0xD9 },  // 犢
    { 0x72A3, 0xA0, 0xDA },  // 犣
    { 0x72A4, 0xA0, 0xDB },  // 犤
    { 0x72A5, 0xA0, 0xDC },  // 犥
    { 0x72A6, 0xA0, 0xDD },  // 犦
    { 0x72A7, 0xA0, 0xDE },  // 犧
    { 0x72A8, 0xA0, 0xDF },  // 犨
    { 0x72A9, 0xA0, 0xE0 },  // 犩
    { 0x72AA, 0xA0, 0xE1 },  // 犪
    { 0x72AB, 0xA0, 0xE2 },  // 犫
    { 0x72AC, 0xC8, 0xAE },  // 犬
    { 0x72AD, 0xE1, 0xEB },  // 犭
    { 0x72AE, 0xA0, 0xE3 },  // 犮
    { 0x72AF, 0xB7, 0xB8 },  // 犯
    { 0x72B0, 0xE1, 0xEC },  // 犰
    { 0x72B1, 0xA0, 0xE4 },  // 犱
    { 0x72B2, 0xA0, 0xE5 },  // 犲
    { 0x72B3, 0xA0, 0xE6 },  // 犳
    { 0x72B4, 0xE1, 0xED },  // 犴
    { 0x72B5, 0xA0, 0xE7 },  // 犵
    { 0x72B6, 0xD7, 0xB4 },  // 状
    { 0x72B7, 0xE1, 0xEE },  // 犷
    { 0x72B8, 0xE1, 0xEF },  // 犸
    { 0x72B9, 0xD3, 0xCC },  // 犹
    { 0x72BA, 0xA0, 0xE8 },  // 犺
    { 0x72BB, 0xA0, 0xE9 },  // 犻
    { 0x72BC, 0xA0, 0xEA },  // 犼
    { 0x72BD, 0xA0, 0xEB },  // 犽
    { 0x72BE, 0xA0, 0xEC },  // 犾
    { 0x72BF, 0xA0, 0xED },  // 犿
    { 0x72C0, 0xA0, 0xEE },  // 狀
    { 0x72C1, 0xE1, 0xF1 },  // 狁
    { 0x72C2, 0xBF, 0xF1 },  // 狂
    { 0x72C3, 0xE1, 0xF0 },  // 狃
    { 0x72C4, 0xB5, 0xD2 },  // 狄
    { 0x72C5, 0xA0, 0xEF },  // 狅
    { 0x72C6, 0xA0, 0xF0 },  // 狆
    { 0x72C7, 0xA0, 0xF1 },  // 狇
    { 0x72C8, 0xB1, 0xB7 },  // 狈
    { 0x72C9, 0xA0, 0xF2 },  // 狉
    { 0x72CA, 0xA0, 0xF3 },  // 狊
    { 0x72CB, 0xA0, 0xF4 },  // 狋
    { 0x72CC, 0xA0, 0xF5 },  // 狌
    { 0x72CD, 0xE1, 0xF3 },  // 狍
    { 0x72CE, 0xE1, 0xF2 },  // 狎
    { 0x72CF, 0xA0, 0xF6 },  // 狏
    { 0x72D0, 0xBA, 0xFC },  // 狐
    { 0x72D1, 0xA0, 0xF7 },  // 狑
    { 0x72D2, 0xE1, 0xF4 },  // 狒
    { 0x72D3, 0xA0, 0xF8 },  // 狓
    { 0x72D4, 0xA0, 0xF9 },  // 狔
    { 0x72D5, 0xA0, 0xFA },  // 狕
    { 0x72D6, 0xA0, 0xFB },  // 狖
    { 0x72D7, 0xB9, 0xB7 },  // 狗
    { 0x72D8, 0xA0, 0xFC },  // 狘
    { 0x72D9, 0xBE, 0xD1 },  // 狙
    { 0x72DA, 0xA0, 0xFD },  // 狚
    { 0x72DB, 0xA0, 0xFE },  // 狛
    { 0x72DC, 0xAA, 0x40 },  // 狜
    { 0x72DD, 0xAA, 0x41 },  // 狝
    { 0x72DE, 0xC4, 0xFC },  // 狞
    { 0x72DF, 0xAA, 0x42 },  // 狟
    { 0x72E0, 0xBA, 0xDD },  // 狠
    { 0x72E1, 0xBD, 0xC6 },  // 狡
    { 0x72E2, 0xAA, 0x43 },  // 狢
    { 0x72E3, 0xAA, 0x44 },  // 狣
    { 0x72E4, 0xAA, 0x45 },  // 狤
    { 0x72E5, 0xAA, 0x46 },  // 狥
    { 0x72E6, 0xAA, 0x47 },  // 狦
    { 0x72E7, 0xAA, 0x48 },  // 狧
    { 0x72E8, 0xE1, 0xF5 },  // 狨
    { 0x72E9, 0xE1, 0xF7 },  // 狩
    { 0x72EA, 0xAA, 0x49 },  // 狪
    { 0x72EB, 0xAA, 0x4A },  // 狫
    { 0x72EC, 0xB6, 0xC0 },  // 独
    { 0x72ED, 0xCF, 0xC1 },  // 狭
    { 0x72EE, 0xCA, 0xA8 },  // 狮
    { 0x72EF, 0xE1, 0xF6 },  // 狯
    { 0x72F0, 0xD5, 0xF8 },  // 狰
    { 0x72F1, 0xD3, 0xFC },  // 狱
    { 0x72F2, 0xE1, 0xF8 },  // 狲
    { 0x72F3, 0xE1, 0xFC },  // 狳
    { 0x72F4, 0xE1, 0xF9 },  // 狴
    { 0x72F5, 0xAA, 0x4B },  // 狵
    { 0x72F6, 0xAA, 0x4C },  // 狶
    { 0x72F7, 0xE1, 0xFA },  // 狷
    { 0x72F8, 0xC0, 0xEA },  // 狸
    { 0x72F9, 0xAA, 0x4D },  // 狹
    { 0x72FA, 0xE1, 0xFE },  // 狺
    { 0x72FB, 0xE2, 0xA1 },  // 狻
    { 0x72FC, 0xC0, 0xC7 },  // 狼
    { 0x72FD, 0xAA, 0x4E },  // 狽
    { 0x72FE, 0xAA, 0x4F },  // 狾
    { 0x72FF, 0xAA, 0x50 },  // 狿
    { 0x7300, 0xAA, 0x51 },  // 猀
    { 0x7301, 0xE1, 0xFB },  // 猁
    { 0x7302, 0xAA, 0x52 },  // 猂
    { 0x7303, 0xE1, 0xFD },  // 猃
    { 0x7304, 0xAA, 0x53 },  // 猄
    { 0x7305, 0xAA, 0x54 },  // 猅
    { 0x7306, 0xAA, 0x55 },  // 猆
    { 0x7307, 0xAA, 0x56 },  // 猇
    { 0x7308, 0xAA, 0x57 },  // 猈
    { 0x7309, 0xAA, 0x58 },  // 猉
    { 0x730A, 0xE2, 0xA5 },  // 猊
    { 0x730B, 0xAA, 0x59 },  // 猋
    { 0x730C, 0xAA, 0x5A },  // 猌
    { 0x730D, 0xAA, 0x5B },  // 猍
    { 0x730E, 0xC1, 0xD4 },  // 猎
    { 0x730F, 0xAA, 0x5C },  // 猏
    { 0x7310, 0xAA, 0x5D },  // 猐
    { 0x7311, 0xAA, 0x5E },  // 猑
    { 0x7312, 0xAA, 0x5F },  // 猒
    { 0x7313, 0xE2, 0xA3 },  // 猓
    { 0x7314, 0xAA, 0x60 },  // 猔
    { 0x7315, 0xE2, 0xA8 },  // 猕
    { 0x7316, 0xB2, 0xFE },  // 猖
    { 0x7317, 0xE2, 0xA2 },  // 猗
    { 0x7318, 0xAA, 0x61 },  // 猘
    { 0x7319, 0xAA, 0x62 },  // 猙
    { 0x731A, 0xAA, 0x63 },  // 猚
    { 0x731B, 0xC3, 0xCD },  // 猛
    { 0x731C, 0xB2, 0xC2 },  // 猜
    { 0x731D, 0xE2, 0xA7 },  // 猝
    { 0x731E, 0xE2, 0xA6 },  // 猞
    { 0x731F, 0xAA, 0x64 },  // 猟
    { 0x7320, 0xAA, 0x65 },  // 猠
    { 0x7321, 0xE2, 0xA4 },  // 猡
    { 0x7322, 0xE2, 0xA9 },  // 猢
    { 0x7323, 0xAA, 0x66 },  // 猣
    { 0x7324, 0xAA, 0x67 },  // 猤
    { 0x7325, 0xE2, 0xAB },  // 猥
    { 0x7326, 0xAA, 0x68 },  // 猦
    { 0x7327, 0xAA, 0x69 },  // 猧
    { 0x7328, 0xAA, 0x6A },  // 猨
    { 0x7329, 0xD0, 0xC9 },  // 猩
    { 0x732A, 0xD6, 0xED },  // 猪
    { 0x732B, 0xC3, 0xA8 },  // 猫
    { 0x732C, 0xE2, 0xAC },  // 猬
    { 0x732D, 0xAA, 0x6B },  // 猭
    { 0x732E, 0xCF, 0xD7 },  // 献
    { 0x732F, 0xAA, 0x6C },  // 猯
    { 0x7330, 0xAA, 0x6D },  // 猰
    { 0x7331, 0xE2, 0xAE },  // 猱
    { 0x7332, 0xAA, 0x6E },  // 猲
    { 0x7333, 0xAA, 0x6F },  // 猳
    { 0x7334, 0xBA, 0xEF },  // 猴
    { 0x7335, 0xAA, 0x70 },  // 猵
    { 0x7336, 0xAA, 0x71 },  // 猶
    { 0x7337, 0xE9, 0xE0 },  // 猷
    { 0x7338, 0xE2, 0xAD },  // 猸
    { 0x7339, 0xE2, 0xAA },  // 猹
    { 0x733A, 0xAA, 0x72 },  // 猺
    { 0x733B, 0xAA, 0x73 },  // 猻
    { 0x733C, 0xAA, 0x74 },  // 猼
    { 0x733D, 0xAA, 0x75 },  // 猽
    { 0x733E, 0xBB, 0xAB },  // 猾
    { 0x733F, 0xD4, 0xB3 },  // 猿
    { 0x7340, 0xAA, 0x76 },  // 獀
    { 0x7341, 0xAA, 0x77 },  // 獁
    { 0x7342, 0xAA, 0x78 },  // 獂
    { 0x7343, 0xAA, 0x79 },  // 獃
    { 0x7344, 0xAA, 0x7A },  // 獄
    { 0x7345, 0xAA, 0x7B },  // 獅
    { 0x7346, 0xAA, 0x7C },  // 獆
    { 0x7347, 0xAA, 0x7D },  // 獇
    { 0x7348, 0xAA, 0x7E },  // 獈
    { 0x7349, 0xAA, 0x80 },  // 獉
    { 0x734A, 0xAA, 0x81 },  // 獊
    { 0x734B, 0xAA, 0x82 },  // 獋
    { 0x734C, 0xAA, 0x83 },  // 獌
    { 0x734D, 0xE2, 0xB0 },  // 獍
    { 0x734E, 0xAA, 0x84 },  // 獎
    { 0x734F, 0xAA, 0x85 },  // 獏
    { 0x7350, 0xE2, 0xAF },  // 獐
    { 0x7351, 0xAA, 0x86 },  // 獑
    { 0x7352, 0xE9, 0xE1 },  // 獒
    { 0x7353, 0xAA, 0x87 },  // 獓
    { 0x7354, 0xAA, 0x88 },  // 獔
    { 0x7355, 0xAA, 0x89 },  // 獕
    { 0x7356, 0xAA, 0x8A },  // 獖
    { 0x7357, 0xE2, 0xB1 },  // 獗
    { 0x7358, 0xAA, 0x8B },  // 獘
    { 0x7359, 0xAA, 0x8C },  // 獙
    { 0x735A, 0xAA, 0x8D },  // 獚
    { 0x735B, 0xAA, 0x8E },  // 獛
    { 0x735C, 0xAA, 0x8F },  // 獜
    { 0x735D, 0xAA, 0x90 },  // 獝
    { 0x735E, 0xAA, 0x91 },  // 獞
    { 0x735F, 0xAA, 0x92 },  // 獟
    { 0x7360, 0xE2, 0xB2 },  // 獠
    { 0x7361, 0xAA, 0x93 },  // 獡
    { 0x7362, 0xAA, 0x94 },  // 獢
    { 0x7363, 0xAA, 0x95 },  // 獣
    { 0x7364, 0xAA, 0x96 },  // 獤
    { 0x7365, 0xAA, 0x97 },  // 獥
    { 0x7366, 0xAA, 0x98 },  // 獦
    { 0x7367, 0xAA, 0x99 },  // 獧
    { 0x7368, 0xAA, 0x9A },  // 獨
    { 0x7369, 0xAA, 0x9B },  // 獩
    { 0x736A, 0xAA, 0x9C },  // 獪
    { 0x736B, 0xAA, 0x9D },  // 獫
    { 0x736C, 0xE2, 0xB3 },  // 獬
    { 0x736D, 0xCC, 0xA1 },  // 獭
    { 0x736E, 0xAA, 0x9E },  // 獮
    { 0x736F, 0xE2, 0xB4 },  // 獯
    { 0x7370, 0xAA, 0x9F },  // 獰
    { 0x7371, 0xAA, 0xA0 },  // 獱
    { 0x7372, 0xAB, 0x40 },  // 獲
    { 0x7373, 0xAB, 0x41 },  // 獳
    { 0x7374, 0xAB, 0x42 },  // 獴
    { 0x7375, 0xAB, 0x43 },  // 獵
    { 0x7376, 0xAB, 0x44 },  // 獶
    { 0x7377, 0xAB, 0x45 },  // 獷
    { 0x7378, 0xAB, 0x46 },  // 獸
    { 0x7379, 0xAB, 0x47 },  // 獹
    { 0x737A, 0xAB, 0x48 },  // 獺
    { 0x737B, 0xAB, 0x49 },  // 獻
    { 0x737C, 0xAB, 0x4A },  // 獼
    { 0x737D, 0xAB, 0x4B },  // 獽
    { 0x737E, 0xE2, 0xB5 },  // 獾
    { 0x737F, 0xAB, 0x4C },  // 獿
    { 0x7380, 0xAB, 0x4D },  // 玀
    { 0x7381, 0xAB, 0x4E },  // 玁
    { 0x7382, 0xAB, 0x4F },  // 玂
    { 0x7383, 0xAB, 0x50 },  // 玃
    { 0x7384, 0xD0, 0xFE },  // 玄
    { 0x7385, 0xAB, 0x51 },  // 玅
    { 0x7386, 0xAB, 0x52 },  // 玆
    { 0x7387, 0xC2, 0xCA },  // 率
    { 0x7388, 0xAB, 0x53 },  // 玈
    { 0x7389, 0xD3, 0xF1 },  // 玉
    { 0x738A, 0xAB, 0x54 },  // 玊
    { 0x738B, 0xCD, 0xF5 },  // 王
    { 0x738C, 0xAB, 0x55 },  // 玌
    { 0x738D, 0xAB, 0x56 },  // 玍
    { 0x738E, 0xE7, 0xE0 },  // 玎
    { 0x738F, 0xAB, 0x57 },  // 玏
    { 0x7390, 0xAB, 0x58 },  // 玐
    { 0x7391, 0xE7, 0xE1 },  // 玑
    { 0x7392, 0xAB, 0x59 },  // 玒
    { 0x7393, 0xAB, 0x5A },  // 玓
    { 0x7394, 0xAB, 0x5B },  // 玔
    { 0x7395, 0xAB, 0x5C },  // 玕
    { 0x7396, 0xBE, 0xC1 },  // 玖
    { 0x7397, 0xAB, 0x5D },  // 玗
    { 0x7398, 0xAB, 0x5E },  // 玘
    { 0x7399, 0xAB, 0x5F },  // 玙
    { 0x739A, 0xAB, 0x60 },  // 玚
    { 0x739B, 0xC2, 0xEA },  // 玛
    { 0x739C, 0xAB, 0x61 },  // 玜
    { 0x739D, 0xAB, 0x62 },  // 玝
    { 0x739E, 0xAB, 0x63 },  // 玞
    { 0x739F, 0xE7, 0xE4 },  // 玟
    { 0x73A0, 0xAB, 0x64 },  // 玠
    { 0x73A1, 0xAB, 0x65 },  // 玡
    { 0x73A2, 0xE7, 0xE3 },  // 玢
    { 0x73A3, 0xAB, 0x66 },  // 玣
    { 0x73A4, 0xAB, 0x67 },  // 玤
    { 0x73A5, 0xAB, 0x68 },  // 玥
    { 0x73A6, 0xAB, 0x69 },  // 玦
    { 0x73A7, 0xAB, 0x6A },  // 玧
    { 0x73A8, 0xAB, 0x6B },  // 玨
    { 0x73A9, 0xCD, 0xE6 },  // 玩
    { 0x73AA, 0xAB, 0x6C },  // 玪
    { 0x73AB, 0xC3, 0xB5 },  // 玫
    { 0x73AC, 0xAB, 0x6D },  // 玬
    { 0x73AD, 0xAB, 0x6E },  // 玭
    { 0x73AE, 0xE7, 0xE2 },  // 玮
    { 0x73AF, 0xBB, 0xB7 },  // 环
    { 0x73B0, 0xCF, 0xD6 },  // 现
    { 0x73B1, 0xAB, 0x6F },  // 玱
    { 0x73B2, 0xC1, 0xE1 },  // 玲
    { 0x73B3, 0xE7, 0xE9 },  // 玳
    { 0x73B4, 0xAB, 0x70 },  // 玴
    { 0x73B5, 0xAB, 0x71 },  // 玵
    { 0x73B6, 0xAB, 0x72 },  // 玶
    { 0x73B7, 0xE7, 0xE8 },  // 玷
    { 0x73B8, 0xAB, 0x73 },  // 玸
    { 0x73B9, 0xAB, 0x74 },  // 玹
    { 0x73BA, 0xE7, 0xF4 },  // 玺
    { 0x73BB, 0xB2, 0xA3 },  // 玻
    { 0x73BC, 0xAB, 0x75 },  // 玼
    { 0x73BD, 0xAB, 0x76 },  // 玽
    { 0x73BE, 0xAB, 0x77 },  // 玾
    { 0x73BF, 0xAB, 0x78 },  // 玿
    { 0x73C0, 0xE7, 0xEA },  // 珀
    { 0x73C1, 0xAB, 0x79 },  // 珁
    { 0x73C2, 0xE7, 0xE6 },  // 珂
    { 0x73C3, 0xAB, 0x7A },  // 珃
    { 0x73C4, 0xAB, 0x7B },  // 珄
    { 0x73C5, 0xAB, 0x7C },  // 珅
    { 0x73C6, 0xAB, 0x7D },  // 珆
    { 0x73C7, 0xAB, 0x7E },  // 珇
    { 0x73C8, 0xE7, 0xEC },  // 珈
    { 0x73C9, 0xE7, 0xEB },  // 珉
    { 0x73CA, 0xC9, 0xBA },  // 珊
    { 0x73CB, 0xAB, 0x80 },  // 珋
    { 0x73CC, 0xAB, 0x81 },  // 珌
    { 0x73CD, 0xD5, 0xE4 },  // 珍
    { 0x73CE, 0xAB, 0x82 },  // 珎
    { 0x73CF, 0xE7, 0xE5 },  // 珏
    { 0x73D0, 0xB7, 0xA9 },  // 珐
    { 0x73D1, 0xE7, 0xE7 },  // 珑
    { 0x73D2, 0xAB, 0x83 },  // 珒
    { 0x73D3, 0xAB, 0x84 },  // 珓
    { 0x73D4, 0xAB, 0x85 },  // 珔
    { 0x73D5, 0xAB, 0x86 },  // 珕
    { 0x73D6, 0xAB, 0x87 },  // 珖
    { 0x73D7, 0xAB, 0x88 },  // 珗
    { 0x73D8, 0xAB, 0x89 },  // 珘
    { 0x73D9, 0xE7, 0xEE },  // 珙
    { 0x73DA, 0xAB, 0x8A },  // 珚
    { 0x73DB, 0xAB, 0x8B },  // 珛
    { 0x73DC, 0xAB, 0x8C },  // 珜
    { 0x73DD, 0xAB, 0x8D },  // 珝
    { 0x73DE, 0xE7, 0xF3 },  // 珞
    { 0x73DF, 0xAB, 0x8E },  // 珟
    { 0x73E0, 0xD6, 0xE9 },  // 珠
    { 0x73E1, 0xAB, 0x8F },  // 珡
    { 0x73E2, 0xAB, 0x90 },  // 珢
    { 0x73E3, 0xAB, 0x91 },  // 珣
    { 0x73E4, 0xAB, 0x92 },  // 珤
    { 0x73E5, 0xE7, 0xED },  // 珥
    { 0x73E6, 0xAB, 0x93 },  // 珦
    { 0x73E7, 0xE7, 0xF2 },  // 珧
    { 0x73E8, 0xAB, 0x94 },  // 珨
    { 0x73E9, 0xE7, 0xF1 },  // 珩
    { 0x73EA, 0xAB, 0x95 },  // 珪
    { 0x73EB, 0xAB, 0x96 },  // 珫
    { 0x73EC, 0xAB, 0x97 },  // 珬
    { 0x73ED, 0xB0, 0xE0 },  // 班
    { 0x73EE, 0xAB, 0x98 },  // 珮
    { 0x73EF, 0xAB, 0x99 },  // 珯
    { 0x73F0, 0xAB, 0x9A },  // 珰
    { 0x73F1, 0xAB, 0x9B },  // 珱
    { 0x73F2, 0xE7, 0xF5 },  // 珲
    { 0x73F3, 0xAB, 0x9C },  // 珳
    { 0x73F4, 0xAB, 0x9D },  // 珴
    { 0x73F5, 0xAB, 0x9E },  // 珵
    { 0x73F6, 0xAB, 0x9F },  // 珶
    { 0x73F7, 0xAB, 0xA0 },  // 珷
    { 0x73F8, 0xAC, 0x40 },  // 珸
    { 0x73F9, 0xAC, 0x41 },  // 珹
    { 0x73FA, 0xAC, 0x42 },  // 珺
    { 0x73FB, 0xAC, 0x43 },  // 珻
    { 0x73FC, 0xAC, 0x44 },  // 珼
    { 0x73FD, 0xAC, 0x45 },  // 珽
    { 0x73FE, 0xAC, 0x46 },  // 現
    { 0x73FF, 0xAC, 0x47 },  // 珿
    { 0x7400, 0xAC, 0x48 },  // 琀
    { 0x7401, 0xAC, 0x49 },  // 琁
    { 0x7402, 0xAC, 0x4A },  // 琂
    { 0x7403, 0xC7, 0xF2 },  // 球
    { 0x7404, 0xAC, 0x4B },  // 琄
    { 0x7405, 0xC0, 0xC5 },  // 琅
    { 0x7406, 0xC0, 0xED },  // 理
    { 0x7407, 0xAC, 0x4C },  // 琇
    { 0x7408, 0xAC, 0x4D },  // 琈
    { 0x7409, 0xC1, 0xF0 },  // 琉
    { 0x740A, 0xE7, 0xF0 },  // 琊
    { 0x740B, 0xAC, 0x4E },  // 琋
    { 0x740C, 0xAC, 0x4F },  // 琌
    { 0x740D, 0xAC, 0x50 },  // 琍
    { 0x740E, 0xAC, 0x51 },  // 琎
    { 0x740F, 0xE7, 0xF6 },  // 琏
    { 0x7410, 0xCB, 0xF6 },  // 琐
    { 0x7411, 0xAC, 0x52 },  // 琑
    { 0x7412, 0xAC, 0x53 },  // 琒
    { 0x7413, 0xAC, 0x54 },  // 琓
    { 0x7414, 0xAC, 0x55 },  // 琔
    { 0x7415, 0xAC, 0x56 },  // 琕
    { 0x7416, 0xAC, 0x57 },  // 琖
    { 0x7417, 0xAC, 0x58 },  // 琗
    { 0x7418, 0xAC, 0x59 },  // 琘
    { 0x7419, 0xAC, 0x5A },  // 琙
    { 0x741A, 0xE8, 0xA2 },  // 琚
    { 0x741B, 0xE8, 0xA1 },  // 琛
    { 0x741C, 0xAC, 0x5B },  // 琜
    { 0x741D, 0xAC, 0x5C },  // 琝
    { 0x741E, 0xAC, 0x5D },  // 琞
    { 0x741F, 0xAC, 0x5E },  // 琟
    { 0x7420, 0xAC, 0x5F },  // 琠
    { 0x7421, 0xAC, 0x60 },  // 琡
    { 0x7422, 0xD7, 0xC1 },  // 琢
    { 0x7423, 0xAC, 0x61 },  // 琣
    { 0x7424, 0xAC, 0x62 },  // 琤
    { 0x7425, 0xE7, 0xFA },  // 琥
    { 0x7426, 0xE7, 0xF9 },  // 琦
    { 0x7427, 0xAC, 0x63 },  // 琧
    { 0x7428, 0xE7, 0xFB },  // 琨
    { 0x7429, 0xAC, 0x64 },  // 琩
    { 0x742A, 0xE7, 0xF7 },  // 琪
    { 0x742B, 0xAC, 0x65 },  // 琫
    { 0x742C, 0xE7, 0xFE },  // 琬
    { 0x742D, 0xAC, 0x66 },  // 琭
    { 0x742E, 0xE7, 0xFD },  // 琮
    { 0x742F, 0xAC, 0x67 },  // 琯
    { 0x7430, 0xE7, 0xFC },  // 琰
    { 0x7431, 0xAC, 0x68 },  // 琱
    { 0x7432, 0xAC, 0x69 },  // 琲
    { 0x7433, 0xC1, 0xD5 },  // 琳
    { 0x7434, 0xC7, 0xD9 },  // 琴
    { 0x7435, 0xC5, 0xFD },  // 琵
    { 0x7436, 0xC5, 0xC3 },  // 琶
    { 0x7437, 0xAC, 0x6A },  // 琷
    { 0x7438, 0xAC, 0x6B },  // 琸
    { 0x7439, 0xAC, 0x6C },  // 琹
    { 0x743A, 0xAC, 0x6D },  // 琺
    { 0x743B, 0xAC, 0x6E },  // 琻
    { 0x743C, 0xC7, 0xED },  // 琼
    { 0x743D, 0xAC, 0x6F },  // 琽
    { 0x743E, 0xAC, 0x70 },  // 琾
    { 0x743F, 0xAC, 0x71 },  // 琿
    { 0x7440, 0xAC, 0x72 },  // 瑀
    { 0x7441, 0xE8, 0xA3 },  // 瑁
    { 0x7442, 0xAC, 0x73 },  // 瑂
    { 0x7443, 0xAC, 0x74 },  // 瑃
    { 0x7444, 0xAC, 0x75 },  // 瑄
    { 0x7445, 0xAC, 0x76 },  // 瑅
    { 0x7446, 0xAC, 0x77 },  // 瑆
    { 0x7447, 0xAC, 0x78 },  // 瑇
    { 0x7448, 0xAC, 0x79 },  // 瑈
    { 0x7449, 0xAC, 0x7A },  // 瑉
    { 0x744A, 0xAC, 0x7B },  // 瑊
    { 0x744B, 0xAC, 0x7C },  // 瑋
    { 0x744C, 0xAC, 0x7D },  // 瑌
    { 0x744D, 0xAC, 0x7E },  // 瑍
    { 0x744E, 0xAC, 0x80 },  // 瑎
    { 0x744F, 0xAC, 0x81 },  // 瑏
    { 0x7450, 0xAC, 0x82 },  // 瑐
    { 0x7451, 0xAC, 0x83 },  // 瑑
    { 0x7452, 0xAC, 0x84 },  // 瑒
    { 0x7453, 0xAC, 0x85 },  // 瑓
    { 0x7454, 0xAC, 0x86 },  // 瑔
    { 0x7455, 0xE8, 0xA6 },  // 瑕
    { 0x7456, 0xAC, 0x87 },  // 瑖
    { 0x7457, 0xE8, 0xA5 },  // 瑗
    { 0x7458, 0xAC, 0x88 },  // 瑘
    { 0x7459, 0xE8, 0xA7 },  // 瑙
    { 0x745A, 0xBA, 0xF7 },  // 瑚
    { 0x745B, 0xE7, 0xF8 },  // 瑛
    { 0x745C, 0xE8, 0xA4 },  // 瑜
    { 0x745D, 0xAC, 0x89 },  // 瑝
    { 0x745E, 0xC8, 0xF0 },  // 瑞
    { 0x745F, 0xC9, 0xAA },  // 瑟
    { 0x7460, 0xAC, 0x8A },  // 瑠
    { 0x7461, 0xAC, 0x8B },  // 瑡
    { 0x7462, 0xAC, 0x8C },  // 瑢
    { 0x7463, 0xAC, 0x8D },  // 瑣
    { 0x7464, 0xAC, 0x8E },  // 瑤
    { 0x7465, 0xAC, 0x8F },  // 瑥
    { 0x7466, 0xAC, 0x90 },  // 瑦
    { 0x7467, 0xAC, 0x91 },  // 瑧
    { 0x7468, 0xAC, 0x92 },  // 瑨
    { 0x7469, 0xAC, 0x93 },  // 瑩
    { 0x746A, 0xAC, 0x94 },  // 瑪
    { 0x746B, 0xAC, 0x95 },  // 瑫
    { 0x746C, 0xAC, 0x96 },  // 瑬
    { 0x746D, 0xE8, 0xA9 },  // 瑭
    { 0x746E, 0xAC, 0x97 },  // 瑮
    { 0x746F, 0xAC, 0x98 },  // 瑯
    { 0x7470, 0xB9, 0xE5 },  // 瑰
    { 0x7471, 0xAC, 0x99 },  // 瑱
    { 0x7472, 0xAC, 0x9A },  // 瑲
    { 0x7473, 0xAC, 0x9B },  // 瑳
    { 0x7474, 0xAC, 0x9C },  // 瑴
    { 0x7475, 0xAC, 0x9D },  // 瑵
    { 0x7476, 0xD1, 0xFE },  // 瑶
    { 0x7477, 0xE8, 0xA8 },  // 瑷
    { 0x7478, 0xAC, 0x9E },  // 瑸
    { 0x7479, 0xAC, 0x9F },  // 瑹
    { 0x747A, 0xAC, 0xA0 },  // 瑺
    { 0x747B, 0xAD, 0x40 },  // 瑻
    { 0x747C, 0xAD, 0x41 },  // 瑼
    { 0x747D, 0xAD, 0x42 },  // 瑽
    { 0x747E, 0xE8, 0xAA },  // 瑾
    { 0x747F, 0xAD, 0x43 },  // 瑿
    { 0x7480, 0xE8, 0xAD },  // 璀
    { 0x7481, 0xE8, 0xAE },  // 璁
    { 0x7482, 0xAD, 0x44 },  // 璂
    { 0x7483, 0xC1, 0xA7 },  // 璃
    { 0x7484, 0xAD, 0x45 },  // 璄
    { 0x7485, 0xAD, 0x46 },  // 璅
    { 0x7486, 0xAD, 0x47 },  // 璆
    { 0x7487, 0xE8, 0xAF },  // 璇
    { 0x7488, 0xAD, 0x48 },  // 璈
    { 0x7489, 0xAD, 0x49 },  // 璉
    { 0x748A, 0xAD, 0x4A },  // 璊
    { 0x748B, 0xE8, 0xB0 },  // 璋
    { 0x748C, 0xAD, 0x4B },  // 璌
    { 0x748D, 0xAD, 0x4C },  // 璍
    { 0x748E, 0xE8, 0xAC },  // 璎
    { 0x748F, 0xAD, 0x4D },  // 璏
    { 0x7490, 0xE8, 0xB4 },  // 璐
    { 0x7491, 0xAD, 0x4E },  // 璑
    { 0x7492, 0xAD, 0x4F },  // 璒
    { 0x7493, 0xAD, 0x50 },  // 璓
    { 0x7494, 0xAD, 0x51 },  // 璔
    { 0x7495, 0xAD, 0x52 },  // 璕
    { 0x7496, 0xAD, 0x53 },  // 璖
    { 0x7497, 0xAD, 0x54 },  // 璗
    { 0x7498, 0xAD, 0x55 },  // 璘
    { 0x7499, 0xAD, 0x56 },  // 璙
    { 0x749A, 0xAD, 0x57 },  // 璚
    { 0x749B, 0xAD, 0x58 },  // 璛
    { 0x749C, 0xE8, 0xAB },  // 璜
    { 0x749D, 0xAD, 0x59 },  // 璝
    { 0x749E, 0xE8, 0xB1 },  // 璞
    { 0x749F, 0xAD, 0x5A },  // 璟
    { 0x74A0, 0xAD, 0x5B },  // 璠
    { 0x74A1, 0xAD, 0x5C },  // 璡
    { 0x74A2, 0xAD, 0x5D },  // 璢
    { 0x74A3, 0xAD, 0x5E },  // 璣
    { 0x74A4, 0xAD, 0x5F },  // 璤
    { 0x74A5, 0xAD, 0x60 },  // 璥
    { 0x74A6, 0xAD, 0x61 },  // 璦
    { 0x74A7, 0xE8, 0xB5 },  // 璧
    { 0x74A8, 0xE8, 0xB2 },  // 璨
    { 0x74A9, 0xE8, 0xB3 },  // 璩
    { 0x74AA, 0xAD, 0x62 },  // 璪
    { 0x74AB, 0xAD, 0x63 },  // 璫
    { 0x74AC, 0xAD, 0x64 },  // 璬
    { 0x74AD, 0xAD, 0x65 },  // 璭
    { 0x74AE, 0xAD, 0x66 },  // 璮
    { 0x74AF, 0xAD, 0x67 },  // 璯
    { 0x74B0, 0xAD, 0x68 },  // 環
    { 0x74B1, 0xAD, 0x69 },  // 璱
    { 0x74B2, 0xAD, 0x6A },  // 璲
    { 0x74B3, 0xAD, 0x6B },  // 璳
    { 0x74B4, 0xAD, 0x6C },  // 璴
    { 0x74B5, 0xAD, 0x6D },  // 璵
    { 0x74B6, 0xAD, 0x6E },  // 璶
    { 0x74B7, 0xAD, 0x6F },  // 璷
    { 0x74B8, 0xAD, 0x70 },  // 璸
    { 0x74B9, 0xAD, 0x71 },  // 璹
    { 0x74BA, 0xE8, 0xB7 },  // 璺
    { 0x74BB, 0xAD, 0x72 },  // 璻
    { 0x74BC, 0xAD, 0x73 },  // 璼
    { 0x74BD, 0xAD, 0x74 },  // 璽
    { 0x74BE, 0xAD, 0x75 },  // 璾
    { 0x74BF, 0xAD, 0x76 },  // 璿
    { 0x74C0, 0xAD, 0x77 },  // 瓀
    { 0x74C1, 0xAD, 0x78 },  // 瓁
    { 0x74C2, 0xAD, 0x79 },  // 瓂
    { 0x74C3, 0xAD, 0x7A },  // 瓃
    { 0x74C4, 0xAD, 0x7B },  // 瓄
    { 0x74C5, 0xAD, 0x7C },  // 瓅
    { 0x74C6, 0xAD, 0x7D },  // 瓆
    { 0x74C7, 0xAD, 0x7E },  // 瓇
    { 0x74C8, 0xAD, 0x80 },  // 瓈
    { 0x74C9, 0xAD, 0x81 },  // 瓉
    { 0x74CA, 0xAD, 0x82 },  // 瓊
    { 0x74CB, 0xAD, 0x83 },  // 瓋
    { 0x74CC, 0xAD, 0x84 },  // 瓌
    { 0x74CD, 0xAD, 0x85 },  // 瓍
    { 0x74CE, 0xAD, 0x86 },  // 瓎
    { 0x74CF, 0xAD, 0x87 },  // 瓏
    { 0x74D0, 0xAD, 0x88 },  // 瓐
    { 0x74D1, 0xAD, 0x89 },  // 瓑
    { 0x74D2, 0xE8, 0xB6 },  // 瓒
    { 0x74D3, 0xAD, 0x8A },  // 瓓
    { 0x74D4, 0xAD, 0x8B },  // 瓔
    { 0x74D5, 0xAD, 0x8C },  // 瓕
    { 0x74D6, 0xAD, 0x8D },  // 瓖
    { 0x74D7, 0xAD, 0x8E },  // 瓗
    { 0x74D8, 0xAD, 0x8F },  // 瓘
    { 0x74D9, 0xAD, 0x90 },  // 瓙
    { 0x74DA, 0xAD, 0x91 },  // 瓚
    { 0x74DB, 0xAD, 0x92 },  // 瓛
    { 0x74DC, 0xB9, 0xCF },  // 瓜
    { 0x74DD, 0xAD, 0x93 },  // 瓝
    { 0x74DE, 0xF0, 0xAC },  // 瓞
    { 0x74DF, 0xAD, 0x94 },  // 瓟
    { 0x74E0, 0xF0, 0xAD },  // 瓠
    { 0x74E1, 0xAD, 0x95 },  // 瓡
    { 0x74E2, 0xC6, 0xB0 },  // 瓢
    { 0x74E3, 0xB0, 0xEA },  // 瓣
    { 0x74E4, 0xC8, 0xBF },  // 瓤
    { 0x74E5, 0xAD, 0x96 },  // 瓥
    { 0x74E6, 0xCD, 0xDF },  // 瓦
    { 0x74E7, 0xAD, 0x97 },  // 瓧
    { 0x74E8, 0xAD, 0x98 },  // 瓨
    { 0x74E9, 0xAD, 0x99 },  // 瓩
    { 0x74EA, 0xAD, 0x9A },  // 瓪
    { 0x74EB, 0xAD, 0x9B },  // 瓫
    { 0x74EC, 0xAD, 0x9C },  // 瓬
    { 0x74ED, 0xAD, 0x9D },  // 瓭
    { 0x74EE, 0xCE, 0xCD },  // 瓮
    { 0x74EF, 0xEA, 0xB1 },  // 瓯
    { 0x74F0, 0xAD, 0x9E },  // 瓰
    { 0x74F1, 0xAD, 0x9F },  // 瓱
    { 0x74F2, 0xAD, 0xA0 },  // 瓲
    { 0x74F3, 0xAE, 0x40 },  // 瓳
    { 0x74F4, 0xEA, 0xB2 },  // 瓴
    { 0x74F5, 0xAE, 0x41 },  // 瓵
    { 0x74F6, 0xC6, 0xBF },  // 瓶
    { 0x74F7, 0xB4, 0xC9 },  // 瓷
    { 0x74F8, 0xAE, 0x42 },  // 瓸
    { 0x74F9, 0xAE, 0x43 },  // 瓹
    { 0x74FA, 0xAE, 0x44 },  // 瓺
    { 0x74FB, 0xAE, 0x45 },  // 瓻
    { 0x74FC, 0xAE, 0x46 },  // 瓼
    { 0x74FD, 0xAE, 0x47 },  // 瓽
    { 0x74FE, 0xAE, 0x48 },  // 瓾
    { 0x74FF, 0xEA, 0xB3 },  // 瓿
    { 0x7500, 0xAE, 0x49 },  // 甀
    { 0x7501, 0xAE, 0x4A },  // 甁
    { 0x7502, 0xAE, 0x4B },  // 甂
    { 0x7503, 0xAE, 0x4C },  // 甃
    { 0x7504, 0xD5, 0xE7 },  // 甄
    { 0x7505, 0xAE, 0x4D },  // 甅
    { 0x7506, 0xAE, 0x4E },  // 甆
    { 0x7507, 0xAE, 0x4F },  // 甇
    { 0x7508, 0xAE, 0x50 },  // 甈
    { 0x7509, 0xAE, 0x51 },  // 甉
    { 0x750A, 0xAE, 0x52 },  // 甊
    { 0x750B, 0xAE, 0x53 },  // 甋
    { 0x750C, 0xAE, 0x54 },  // 甌
    { 0x750D, 0xDD, 0xF9 },  // 甍
    { 0x750E, 0xAE, 0x55 },  // 甎
    { 0x750F, 0xEA, 0xB4 },  // 甏
    { 0x7510, 0xAE, 0x56 },  // 甐
    { 0x7511, 0xEA, 0xB5 },  // 甑
    { 0x7512, 0xAE, 0x57 },  // 甒
    { 0x7513, 0xEA, 0xB6 },  // 甓
    { 0x7514, 0xAE, 0x58 },  // 甔
    { 0x7515, 0xAE, 0x59 },  // 甕
    { 0x7516, 0xAE, 0x5A },  // 甖
    { 0x7517, 0xAE, 0x5B },  // 甗
    { 0x7518, 0xB8, 0xCA },  // 甘
    { 0x7519, 0xDF, 0xB0 },  // 甙
    { 0x751A, 0xC9, 0xF5 },  // 甚
    { 0x751B, 0xAE, 0x5C },  // 甛
    { 0x751C, 0xCC, 0xF0 },  // 甜
    { 0x751D, 0xAE, 0x5D },  // 甝
    { 0x751E, 0xAE, 0x5E },  // 甞
    { 0x751F, 0xC9, 0xFA },  // 生
    { 0x7520, 0xAE, 0x5F },  // 甠
    { 0x7521, 0xAE, 0x60 },  // 甡
    { 0x7522, 0xAE, 0x61 },  // 產
    { 0x7523, 0xAE, 0x62 },  // 産
    { 0x7524, 0xAE, 0x63 },  // 甤
    { 0x7525, 0xC9, 0xFB },  // 甥
    { 0x7526, 0xAE, 0x64 },  // 甦
    { 0x7527, 0xAE, 0x65 },  // 甧
    { 0x7528, 0xD3, 0xC3 },  // 用
    { 0x7529, 0xCB, 0xA6 },  // 甩
    { 0x752A, 0xAE, 0x66 },  // 甪
    { 0x752B, 0xB8, 0xA6 },  // 甫
    { 0x752C, 0xF0, 0xAE },  // 甬
    { 0x752D, 0xB1, 0xC2 },  // 甭
    { 0x752E, 0xAE, 0x67 },  // 甮
    { 0x752F, 0xE5, 0xB8 },  // 甯
    { 0x7530, 0xCC, 0xEF },  // 田
    { 0x7531, 0xD3, 0xC9 },  // 由
    { 0x7532, 0xBC, 0xD7 },  // 甲
    { 0x7533, 0xC9, 0xEA },  // 申
    { 0x7534, 0xAE, 0x68 },  // 甴
    { 0x7535, 0xB5, 0xE7 },  // 电
    { 0x7536, 0xAE, 0x69 },  // 甶
    { 0x7537, 0xC4, 0xD0 },  // 男
    { 0x7538, 0xB5, 0xE9 },  // 甸
    { 0x7539, 0xAE, 0x6A },  // 甹
    { 0x753A, 0xEE, 0xAE },  // 町
    { 0x753B, 0xBB, 0xAD },  // 画
    { 0x753C, 0xAE, 0x6B },  // 甼
    { 0x753D, 0xAE, 0x6C },  // 甽
    { 0x753E, 0xE7, 0xDE },  // 甾
    { 0x753F, 0xAE, 0x6D },  // 甿
    { 0x7540, 0xEE, 0xAF },  // 畀
    { 0x7541, 0xAE, 0x6E },  // 畁
    { 0x7542, 0xAE, 0x6F },  // 畂
    { 0x7543, 0xAE, 0x70 },  // 畃
    { 0x7544, 0xAE, 0x71 },  // 畄
    { 0x7545, 0xB3, 0xA9 },  // 畅
    { 0x7546, 0xAE, 0x72 },  // 畆
    { 0x7547, 0xAE, 0x73 },  // 畇
    { 0x7548, 0xEE, 0xB2 },  // 畈
    { 0x7549, 0xAE, 0x74 },  // 畉
    { 0x754A, 0xAE, 0x75 },  // 畊
    { 0x754B, 0xEE, 0xB1 },  // 畋
    { 0x754C, 0xBD, 0xE7 },  // 界
    { 0x754D, 0xAE, 0x76 },  // 畍
    { 0x754E, 0xEE, 0xB0 },  // 畎
    { 0x754F, 0xCE, 0xB7 },  // 畏
    { 0x7550, 0xAE, 0x77 },  // 畐
    { 0x7551, 0xAE, 0x78 },  // 畑
    { 0x7552, 0xAE, 0x79 },  // 畒
    { 0x7553, 0xAE, 0x7A },  // 畓
    { 0x7554, 0xC5, 0xCF },  // 畔
    { 0x7555, 0xAE, 0x7B },  // 畕
    { 0x7556, 0xAE, 0x7C },  // 畖
    { 0x7557, 0xAE, 0x7D },  // 畗
    { 0x7558, 0xAE, 0x7E },  // 畘
    { 0x7559, 0xC1, 0xF4 },  // 留
    { 0x755A, 0xDB, 0xCE },  // 畚
    { 0x755B, 0xEE, 0xB3 },  // 畛
    { 0x755C, 0xD0, 0xF3 },  // 畜
    { 0x755D, 0xAE, 0x80 },  // 畝
    { 0x755E, 0xAE, 0x81 },  // 畞
    { 0x755F, 0xAE, 0x82 },  // 畟
    { 0x7560, 0xAE, 0x83 },  // 畠
    { 0x7561, 0xAE, 0x84 },  // 畡
    { 0x7562, 0xAE, 0x85 },  // 畢
    { 0x7563, 0xAE, 0x86 },  // 畣
    { 0x7564, 0xAE, 0x87 },  // 畤
    { 0x7565, 0xC2, 0xD4 },  // 略
    { 0x7566, 0xC6, 0xE8 },  // 畦
    { 0x7567, 0xAE, 0x88 },  // 畧
    { 0x7568, 0xAE, 0x89 },  // 畨
    { 0x7569, 0xAE, 0x8A },  // 畩
    { 0x756A, 0xB7, 0xAC },  // 番
    { 0x756B, 0xAE, 0x8B },  // 畫
    { 0x756C, 0xAE, 0x8C },  // 畬
    { 0x756D, 0xAE, 0x8D },  // 畭
    { 0x756E, 0xAE, 0x8E },  // 畮
    { 0x756F, 0xAE, 0x8F },  // 畯
    { 0x7570, 0xAE, 0x90 },  // 異
    { 0x7571, 0xAE, 0x91 },  // 畱
    { 0x7572, 0xEE, 0xB4 },  // 畲
    { 0x7573, 0xAE, 0x92 },  // 畳
    { 0x7574, 0xB3, 0xEB },  // 畴
    { 0x7575, 0xAE, 0x93 },  // 畵
    { 0x7576, 0xAE, 0x94 },  // 當
    { 0x7577, 0xAE, 0x95 },  // 畷
    { 0x7578, 0xBB, 0xFB },  // 畸
    { 0x7579, 0xEE, 0xB5 },  // 畹
    { 0x757A, 0xAE, 0x96 },  // 畺
    { 0x757B, 0xAE, 0x97 },  // 畻
    { 0x757C, 0xAE, 0x98 },  // 畼
    { 0x757D, 0xAE, 0x99 },  // 畽
    { 0x757E, 0xAE, 0x9A },  // 畾
    { 0x757F, 0xE7, 0xDC },  // 畿
    { 0x7580, 0xAE, 0x9B },  // 疀
    { 0x7581, 0xAE, 0x9C },  // 疁
    { 0x7582, 0xAE, 0x9D },  // 疂
    { 0x7583, 0xEE, 0xB6 },  // 疃
    { 0x7584, 0xAE, 0x9E },  // 疄
    { 0x7585, 0xAE, 0x9F },  // 疅
    { 0x7586, 0xBD, 0xAE },  // 疆
    { 0x7587, 0xAE, 0xA0 },  // 疇
    { 0x7588, 0xAF, 0x40 },  // 疈
    { 0x7589, 0xAF, 0x41 },  // 疉
    { 0x758A, 0xAF, 0x42 },  // 疊
    { 0x758B, 0xF1, 0xE2 },  // 疋
    { 0x758C, 0xAF, 0x43 },  // 疌
    { 0x758D, 0xAF, 0x44 },  // 疍
    { 0x758E, 0xAF, 0x45 },  // 疎
    { 0x758F, 0xCA, 0xE8 },  // 疏
    { 0x7590, 0xAF, 0x46 },  // 疐
    { 0x7591, 0xD2, 0xC9 },  // 疑
    { 0x7592, 0xF0, 0xDA },  // 疒
    { 0x7593, 0xAF, 0x47 },  // 疓
    { 0x7594, 0xF0, 0xDB },  // 疔
    { 0x7595, 0xAF, 0x48 },  // 疕
    { 0x7596, 0xF0, 0xDC },  // 疖
    { 0x7597, 0xC1, 0xC6 },  // 疗
    { 0x7598, 0xAF, 0x49 },  // 疘
    { 0x7599, 0xB8, 0xED },  // 疙
    { 0x759A, 0xBE, 0xCE },  // 疚
    { 0x759B, 0xAF, 0x4A },  // 疛
    { 0x759C, 0xAF, 0x4B },  // 疜
    { 0x759D, 0xF0, 0xDE },  // 疝
    { 0x759E, 0xAF, 0x4C },  // 疞
    { 0x759F, 0xC5, 0xB1 },  // 疟
    { 0x75A0, 0xF0, 0xDD },  // 疠
    { 0x75A1, 0xD1, 0xF1 },  // 疡
    { 0x75A2, 0xAF, 0x4D },  // 疢
    { 0x75A3, 0xF0, 0xE0 },  // 疣
    { 0x75A4, 0xB0, 0xCC },  // 疤
    { 0x75A5, 0xBD, 0xEA },  // 疥
    { 0x75A6, 0xAF, 0x4E },  // 疦
    { 0x75A7, 0xAF, 0x4F },  // 疧
    { 0x75A8, 0xAF, 0x50 },  // 疨
    { 0x75A9, 0xAF, 0x51 },  // 疩
    { 0x75AA, 0xAF, 0x52 },  // 疪
    { 0x75AB, 0xD2, 0xDF },  // 疫
    { 0x75AC, 0xF0, 0xDF },  // 疬
    { 0x75AD, 0xAF, 0x53 },  // 疭
    { 0x75AE, 0xB4, 0xAF },  // 疮
    { 0x75AF, 0xB7, 0xE8 },  // 疯
    { 0x75B0, 0xF0, 0xE6 },  // 疰
    { 0x75B1, 0xF0, 0xE5 },  // 疱
    { 0x75B2, 0xC6, 0xA3 },  // 疲
    { 0x75B3, 0xF0, 0xE1 },  // 疳
    { 0x75B4, 0xF0, 0xE2 },  // 疴
    { 0x75B5, 0xB4, 0xC3 },  // 疵
    { 0x75B6, 0xAF, 0x54 },  // 疶
    { 0x75B7, 0xAF, 0x55 },  // 疷
    { 0x75B8, 0xF0, 0xE3 },  // 疸
    { 0x75B9, 0xD5, 0xEE },  // 疹
    { 0x75BA, 0xAF, 0x56 },  // 疺
    { 0x75BB, 0xAF, 0x57 },  // 疻
    { 0x75BC, 0xCC, 0xDB },  // 疼
    { 0x75BD, 0xBE, 0xD2 },  // 疽
    { 0x75BE, 0xBC, 0xB2 },  // 疾
    { 0x75BF, 0xAF, 0x58 },  // 疿
    { 0x75C0, 0xAF, 0x59 },  // 痀
    { 0x75C1, 0xAF, 0x5A },  // 痁
    { 0x75C2, 0xF0, 0xE8 },  // 痂
    { 0x75C3, 0xF0, 0xE7 },  // 痃
    { 0x75C4, 0xF0, 0xE4 },  // 痄
    { 0x75C5, 0xB2, 0xA1 },  // 病
    { 0x75C6, 0xAF, 0x5B },  // 痆
    { 0x75C7, 0xD6, 0xA2 },  // 症
    { 0x75C8, 0xD3, 0xB8 },  // 痈
    { 0x75C9, 0xBE, 0xB7 },  // 痉
    { 0x75CA, 0xC8, 0xAC },  // 痊
    { 0x75CB, 0xAF, 0x5C },  // 痋
    { 0x75CC, 0xAF, 0x5D },  // 痌
    { 0x75CD, 0xF0, 0xEA },  // 痍
    { 0x75CE, 0xAF, 0x5E },  // 痎
    { 0x75CF, 0xAF, 0x5F },  // 痏
    { 0x75D0, 0xAF, 0x60 },  // 痐
    { 0x75D1, 0xAF, 0x61 },  // 痑
    { 0x75D2, 0xD1, 0xF7 },  // 痒
    { 0x75D3, 0xAF, 0x62 },  // 痓
    { 0x75D4, 0xD6, 0xCC },  // 痔
    { 0x75D5, 0xBA, 0xDB },  // 痕
    { 0x75D6, 0xF0, 0xE9 },  // 痖
    { 0x75D7, 0xAF, 0x63 },  // 痗
    { 0x75D8, 0xB6, 0xBB },  // 痘
    { 0x75D9, 0xAF, 0x64 },  // 痙
    { 0x75DA, 0xAF, 0x65 },  // 痚
    { 0x75DB, 0xCD, 0xB4 },  // 痛
    { 0x75DC, 0xAF, 0x66 },  // 痜
    { 0x75DD, 0xAF, 0x67 },  // 痝
    { 0x75DE, 0xC6, 0xA6 },  // 痞
    { 0x75DF, 0xAF, 0x68 },  // 痟
    { 0x75E0, 0xAF, 0x69 },  // 痠
    { 0x75E1, 0xAF, 0x6A },  // 痡
    { 0x75E2, 0xC1, 0xA1 },  // 痢
    { 0x75E3, 0xF0, 0xEB },  // 痣
    { 0x75E4, 0xF0, 0xEE },  // 痤
    { 0x75E5, 0xAF, 0x6B },  // 痥
    { 0x75E6, 0xF0, 0xED },  // 痦
    { 0x75E7, 0xF0, 0xF0 },  // 痧
    { 0x75E8, 0xF0, 0xEC },  // 痨
    { 0x75E9, 0xAF, 0x6C },  // 痩
    { 0x75EA, 0xBB, 0xBE },  // 痪
    { 0x75EB, 0xF0, 0xEF },  // 痫
    { 0x75EC, 0xAF, 0x6D },  // 痬
    { 0x75ED, 0xAF, 0x6E },  // 痭
    { 0x75EE, 0xAF, 0x6F },  // 痮
    { 0x75EF, 0xAF, 0x70 },  // 痯
    { 0x75F0, 0xCC, 0xB5 },  // 痰
    { 0x75F1, 0xF0, 0xF2 },  // 痱
    { 0x75F2, 0xAF, 0x71 },  // 痲
    { 0x75F3, 0xAF, 0x72 },  // 痳
    { 0x75F4, 0xB3, 0xD5 },  // 痴
    { 0x75F5, 0xAF, 0x73 },  // 痵
    { 0x75F6, 0xAF, 0x74 },  // 痶
    { 0x75F7, 0xAF, 0x75 },  // 痷
    { 0x75F8, 0xAF, 0x76 },  // 痸
    { 0x75F9, 0xB1, 0xD4 },  // 痹
    { 0x75FA, 0xAF, 0x77 },  // 痺
    { 0x75FB, 0xAF, 0x78 },  // 痻
    { 0x75FC, 0xF0, 0xF3 },  // 痼
    { 0x75FD, 0xAF, 0x79 },  // 痽
    { 0x75FE, 0xAF, 0x7A },  // 痾
    { 0x75FF, 0xF0, 0xF4 },  // 痿
    { 0x7600, 0xF0, 0xF6 },  // 瘀
    { 0x7601, 0xB4, 0xE1 },  // 瘁
    { 0x7602, 0xAF, 0x7B },  // 瘂
    { 0x7603, 0xF0, 0xF1 },  // 瘃
    { 0x7604, 0xAF, 0x7C },  // 瘄
    { 0x7605, 0xF0, 0xF7 },  // 瘅
    { 0x7606, 0xAF, 0x7D },  // 瘆
    { 0x7607, 0xAF, 0x7E },  // 瘇
    { 0x7608, 0xAF, 0x80 },  // 瘈
    { 0x7609, 0xAF, 0x81 },  // 瘉
    { 0x760A, 0xF0, 0xFA },  // 瘊
    { 0x760B, 0xAF, 0x82 },  // 瘋
    { 0x760C, 0xF0, 0xF8 },  // 瘌
    { 0x760D, 0xAF, 0x83 },  // 瘍
    { 0x760E, 0xAF, 0x84 },  // 瘎
    { 0x760F, 0xAF, 0x85 },  // 瘏
    { 0x7610, 0xF0, 0xF5 },  // 瘐
    { 0x7611, 0xAF, 0x86 },  // 瘑
    { 0x7612, 0xAF, 0x87 },  // 瘒
    { 0x7613, 0xAF, 0x88 },  // 瘓
    { 0x7614, 0xAF, 0x89 },  // 瘔
    { 0x7615, 0xF0, 0xFD },  // 瘕
    { 0x7616, 0xAF, 0x8A },  // 瘖
    { 0x7617, 0xF0, 0xF9 },  // 瘗
    { 0x7618, 0xF0, 0xFC },  // 瘘
    { 0x7619, 0xF0, 0xFE },  // 瘙
    { 0x761A, 0xAF, 0x8B },  // 瘚
    { 0x761B, 0xF1, 0xA1 },  // 瘛
    { 0x761C, 0xAF, 0x8C },  // 瘜
    { 0x761D, 0xAF, 0x8D },  // 瘝
    { 0x761E, 0xAF, 0x8E },  // 瘞
    { 0x761F, 0xCE, 0xC1 },  // 瘟
    { 0x7620, 0xF1, 0xA4 },  // 瘠
    { 0x7621, 0xAF, 0x8F },  // 瘡
    { 0x7622, 0xF1, 0xA3 },  // 瘢
    { 0x7623, 0xAF, 0x90 },  // 瘣
    { 0x7624, 0xC1, 0xF6 },  // 瘤
    { 0x7625, 0xF0, 0xFB },  // 瘥
    { 0x7626, 0xCA, 0xDD },  // 瘦
    { 0x7627, 0xAF, 0x91 },  // 瘧
    { 0x7628, 0xAF, 0x92 },  // 瘨
    { 0x7629, 0xB4, 0xF1 },  // 瘩
    { 0x762A, 0xB1, 0xF1 },  // 瘪
    { 0x762B, 0xCC, 0xB1 },  // 瘫
    { 0x762C, 0xAF, 0x93 },  // 瘬
    { 0x762D, 0xF1, 0xA6 },  // 瘭
    { 0x762E, 0xAF, 0x94 },  // 瘮
    { 0x762F, 0xAF, 0x95 },  // 瘯
    { 0x7630, 0xF1, 0xA7 },  // 瘰
    { 0x7631, 0xAF, 0x96 },  // 瘱
    { 0x7632, 0xAF, 0x97 },  // 瘲
    { 0x7633, 0xF1, 0xAC },  // 瘳
    { 0x7634, 0xD5, 0xCE },  // 瘴
    { 0x7635, 0xF1, 0xA9 },  // 瘵
    { 0x7636, 0xAF, 0x98 },  // 瘶
    { 0x7637, 0xAF, 0x99 },  // 瘷
    { 0x7638, 0xC8, 0xB3 },  // 瘸
    { 0x7639, 0xAF, 0x9A },  // 瘹
    { 0x763A, 0xAF, 0x9B },  // 瘺
    { 0x763B, 0xAF, 0x9C },  // 瘻
    { 0x763C, 0xF1, 0xA2 },  // 瘼
    { 0x763D, 0xAF, 0x9D },  // 瘽
    { 0x763E, 0xF1, 0xAB },  // 瘾
    { 0x763F, 0xF1, 0xA8 },  // 瘿
    { 0x7640, 0xF1, 0xA5 },  // 癀
    { 0x7641, 0xAF, 0x9E },  // 癁
    { 0x7642, 0xAF, 0x9F },  // 療
    { 0x7643, 0xF1, 0xAA },  // 癃
    { 0x7644, 0xAF, 0xA0 },  // 癄
    { 0x7645, 0xB0, 0x40 },  // 癅
    { 0x7646, 0xB0, 0x41 },  // 癆
    { 0x7647, 0xB0, 0x42 },  // 癇
    { 0x7648, 0xB0, 0x43 },  // 癈
    { 0x7649, 0xB0, 0x44 },  // 癉
    { 0x764A, 0xB0, 0x45 },  // 癊
    { 0x764B, 0xB0, 0x46 },  // 癋
    { 0x764C, 0xB0, 0xA9 },  // 癌
    { 0x764D, 0xF1, 0xAD },  // 癍
    { 0x764E, 0xB0, 0x47 },  // 癎
    { 0x764F, 0xB0, 0x48 },  // 癏
    { 0x7650, 0xB0, 0x49 },  // 癐
    { 0x7651, 0xB0, 0x4A },  // 癑
    { 0x7652, 0xB0, 0x4B },  // 癒
    { 0x7653, 0xB0, 0x4C },  // 癓
    { 0x7654, 0xF1, 0xAF },  // 癔
    { 0x7655, 0xB0, 0x4D },  // 癕
    { 0x7656, 0xF1, 0xB1 },  // 癖
    { 0x7657, 0xB0, 0x4E },  // 癗
    { 0x7658, 0xB0, 0x4F },  // 癘
    { 0x7659, 0xB0, 0x50 },  // 癙
    { 0x765A, 0xB0, 0x51 },  // 癚
    { 0x765B, 0xB0, 0x52 },  // 癛
    { 0x765C, 0xF1, 0xB0 },  // 癜
    { 0x765D, 0xB0, 0x53 },  // 癝
    { 0x765E, 0xF1, 0xAE },  // 癞
    { 0x765F, 0xB0, 0x54 },  // 癟
    { 0x7660, 0xB0, 0x55 },  // 癠
    { 0x7661, 0xB0, 0x56 },  // 癡
    { 0x7662, 0xB0, 0x57 },  // 癢
    { 0x7663, 0xD1, 0xA2 },  // 癣
    { 0x7664, 0xB0, 0x58 },  // 癤
    { 0x7665, 0xB0, 0x59 },  // 癥
    { 0x7666, 0xB0, 0x5A },  // 癦
    { 0x7667, 0xB0, 0x5B },  // 癧
    { 0x7668, 0xB0, 0x5C },  // 癨
    { 0x7669, 0xB0, 0x5D },  // 癩
    { 0x766A, 0xB0, 0x5E },  // 癪
    { 0x766B, 0xF1, 0xB2 },  // 癫
    { 0x766C, 0xB0, 0x5F },  // 癬
    { 0x766D, 0xB0, 0x60 },  // 癭
    { 0x766E, 0xB0, 0x61 },  // 癮
    { 0x766F, 0xF1, 0xB3 },  // 癯
    { 0x7670, 0xB0, 0x62 },  // 癰
    { 0x7671, 0xB0, 0x63 },  // 癱
    { 0x7672, 0xB0, 0x64 },  // 癲
    { 0x7673, 0xB0, 0x65 },  // 癳
    { 0x7674, 0xB0, 0x66 },  // 癴
    { 0x7675, 0xB0, 0x67 },  // 癵
    { 0x7676, 0xB0, 0x68 },  // 癶
    { 0x7677, 0xB0, 0x69 },  // 癷
    { 0x7678, 0xB9, 0xEF },  // 癸
    { 0x7679, 0xB0, 0x6A },  // 癹
    { 0x767A, 0xB0, 0x6B },  // 発
    { 0x767B, 0xB5, 0xC7 },  // 登
    { 0x767C, 0xB0, 0x6C },  // 發
    { 0x767D, 0xB0, 0xD7 },  // 白
    { 0x767E, 0xB0, 0xD9 },  // 百
    { 0x767F, 0xB0, 0x6D },  // 癿
    { 0x7680, 0xB0, 0x6E },  // 皀
    { 0x7681, 0xB0, 0x6F },  // 皁
    { 0x7682, 0xD4, 0xED },  // 皂
    { 0x7683, 0xB0, 0x70 },  // 皃
    { 0x7684, 0xB5, 0xC4 },  // 的
    { 0x7685, 0xB0, 0x71 },  // 皅
    { 0x7686, 0xBD, 0xD4 },  // 皆
    { 0x7687, 0xBB, 0xCA },  // 皇
    { 0x7688, 0xF0, 0xA7 },  // 皈
    { 0x7689, 0xB0, 0x72 },  // 皉
    { 0x768A, 0xB0, 0x73 },  // 皊
    { 0x768B, 0xB8, 0xDE },  // 皋
    { 0x768C, 0xB0, 0x74 },  // 皌
    { 0x768D, 0xB0, 0x75 },  // 皍
    { 0x768E, 0xF0, 0xA8 },  // 皎
    { 0x768F, 0xB0, 0x76 },  // 皏
    { 0x7690, 0xB0, 0x77 },  // 皐
    { 0x7691, 0xB0, 0xA8 },  // 皑
    { 0x7692, 0xB0, 0x78 },  // 皒
    { 0x7693, 0xF0, 0xA9 },  // 皓
    { 0x7694, 0xB0, 0x79 },  // 皔
    { 0x7695, 0xB0, 0x7A },  // 皕
    { 0x7696, 0xCD, 0xEE },  // 皖
    { 0x7697, 0xB0, 0x7B },  // 皗
    { 0x7698, 0xB0, 0x7C },  // 皘
    { 0x7699, 0xF0, 0xAA },  // 皙
    { 0x769A, 0xB0, 0x7D },  // 皚
    { 0x769B, 0xB0, 0x7E },  // 皛
    { 0x769C, 0xB0, 0x80 },  // 皜
    { 0x769D, 0xB0, 0x81 },  // 皝
    { 0x769E, 0xB0, 0x82 },  // 皞
    { 0x769F, 0xB0, 0x83 },  // 皟
    { 0x76A0, 0xB0, 0x84 },  // 皠
    { 0x76A1, 0xB0, 0x85 },  // 皡
    { 0x76A2, 0xB0, 0x86 },  // 皢
    { 0x76A3, 0xB0, 0x87 },  // 皣
    { 0x76A4, 0xF0, 0xAB },  // 皤
    { 0x76A5, 0xB0, 0x88 },  // 皥
    { 0x76A6, 0xB0, 0x89 },  // 皦
    { 0x76A7, 0xB0, 0x8A },  // 皧
    { 0x76A8, 0xB0, 0x8B },  // 皨
    { 0x76A9, 0xB0, 0x8C },  // 皩
    { 0x76AA, 0xB0, 0x8D },  // 皪
    { 0x76AB, 0xB0, 0x8E },  // 皫
    { 0x76AC, 0xB0, 0x8F },  // 皬
    { 0x76AD, 0xB0, 0x90 },  // 皭
    { 0x76AE, 0xC6, 0xA4 },  // 皮
    { 0x76AF, 0xB0, 0x91 },  // 皯
    { 0x76B0, 0xB0, 0x92 },  // 皰
    { 0x76B1, 0xD6, 0xE5 },  // 皱
    { 0x76B2, 0xF1, 0xE4 },  // 皲
    { 0x76B3, 0xB0, 0x93 },  // 皳
    { 0x76B4, 0xF1, 0xE5 },  // 皴
    { 0x76B5, 0xB0, 0x94 },  // 皵
    { 0x76B6, 0xB0, 0x95 },  // 皶
    { 0x76B7, 0xB0, 0x96 },  // 皷
    { 0x76B8, 0xB0, 0x97 },  // 皸
    { 0x76B9, 0xB0, 0x98 },  // 皹
    { 0x76BA, 0xB0, 0x99 },  // 皺
    { 0x76BB, 0xB0, 0x9A },  // 皻
    { 0x76BC, 0xB0, 0x9B },  // 皼
    { 0x76BD, 0xB0, 0x9C },  // 皽
    { 0x76BE, 0xB0, 0x9D },  // 皾
    { 0x76BF, 0xC3, 0xF3 },  // 皿
    { 0x76C0, 0xB0, 0x9E },  // 盀
    { 0x76C1, 0xB0, 0x9F },  // 盁
    { 0x76C2, 0xD3, 0xDB },  // 盂
    { 0x76C3, 0xB0, 0xA0 },  // 盃
    { 0x76C4, 0xB1, 0x40 },  // 盄
    { 0x76C5, 0xD6, 0xD1 },  // 盅
    { 0x76C6, 0xC5, 0xE8 },  // 盆
    { 0x76C7, 0xB1, 0x41 },  // 盇
    { 0x76C8, 0xD3, 0xAF },  // 盈
    { 0x76C9, 0xB1, 0x42 },  // 盉
    { 0x76CA, 0xD2, 0xE6 },  // 益
    { 0x76CB, 0xB1, 0x43 },  // 盋
    { 0x76CC, 0xB1, 0x44 },  // 盌
    { 0x76CD, 0xEE, 0xC1 },  // 盍
    { 0x76CE, 0xB0, 0xBB },  // 盎
    { 0x76CF, 0xD5, 0xB5 },  // 盏
    { 0x76D0, 0xD1, 0xCE },  // 盐
    { 0x76D1, 0xBC, 0xE0 },  // 监
    { 0x76D2, 0xBA, 0xD0 },  // 盒
    { 0x76D3, 0xB1, 0x45 },  // 盓
    { 0x76D4, 0xBF, 0xF8 },  // 盔
    { 0x76D5, 0xB1, 0x46 },  // 盕
    { 0x76D6, 0xB8, 0xC7 },  // 盖
    { 0x76D7, 0xB5, 0xC1 },  // 盗
    { 0x76D8, 0xC5, 0xCC },  // 盘
    { 0x76D9, 0xB1, 0x47 },  // 盙
    { 0x76DA, 0xB1, 0x48 },  // 盚
    { 0x76DB, 0xCA, 0xA2 },  // 盛
    { 0x76DC, 0xB1, 0x49 },  // 盜
    { 0x76DD, 0xB1, 0x4A },  // 盝
    { 0x76DE, 0xB1, 0x4B },  // 盞
    { 0x76DF, 0xC3, 0xCB },  // 盟
    { 0x76E0, 0xB1, 0x4C },  // 盠
    { 0x76E1, 0xB1, 0x4D },  // 盡
    { 0x76E2, 0xB1, 0x4E },  // 盢
    { 0x76E3, 0xB1, 0x4F },  // 監
    { 0x76E4, 0xB1, 0x50 },  // 盤
    { 0x76E5, 0xEE, 0xC2 },  // 盥
    { 0x76E6, 0xB1, 0x51 },  // 盦
    { 0x76E7, 0xB1, 0x52 },  // 盧
    { 0x76E8, 0xB1, 0x53 },  // 盨
    { 0x76E9, 0xB1, 0x54 },  // 盩
    { 0x76EA, 0xB1, 0x55 },  // 盪
    { 0x76EB, 0xB1, 0x56 },  // 盫
    { 0x76EC, 0xB1, 0x57 },  // 盬
    { 0x76ED, 0xB1, 0x58 },  // 盭
    { 0x76EE, 0xC4, 0xBF },  // 目
    { 0x76EF, 0xB6, 0xA2 },  // 盯
    { 0x76F0, 0xB1, 0x59 },  // 盰
    { 0x76F1, 0xED, 0xEC },  // 盱
    { 0x76F2, 0xC3, 0xA4 },  // 盲
    { 0x76F3, 0xB1, 0x5A },  // 盳
    { 0x76F4, 0xD6, 0xB1 },  // 直
    { 0x76F5, 0xB1, 0x5B },  // 盵
    { 0x76F6, 0xB1, 0x5C },  // 盶
    { 0x76F7, 0xB1, 0x5D },  // 盷
    { 0x76F8, 0xCF, 0xE0 },  // 相
    { 0x76F9, 0xED, 0xEF },  // 盹
    { 0x76FA, 0xB1, 0x5E },  // 盺
    { 0x76FB, 0xB1, 0x5F },  // 盻
    { 0x76FC, 0xC5, 0xCE },  // 盼
    { 0x76FD, 0xB1, 0x60 },  // 盽
    { 0x76FE, 0xB6, 0xDC },  // 盾
    { 0x76FF, 0xB1, 0x61 },  // 盿
    { 0x7700, 0xB1, 0x62 },  // 眀
    { 0x7701, 0xCA, 0xA1 },  // 省
    { 0x7702, 0xB1, 0x63 },  // 眂
    { 0x7703, 0xB1, 0x64 },  // 眃
    { 0x7704, 0xED, 0xED },  // 眄
    { 0x7705, 0xB1, 0x65 },  // 眅
    { 0x7706, 0xB1, 0x66 },  // 眆
    { 0x7707, 0xED, 0xF0 },  // 眇
    { 0x7708, 0xED, 0xF1 },  // 眈
    { 0x7709, 0xC3, 0xBC },  // 眉
    { 0x770A, 0xB1, 0x67 },  // 眊
    { 0x770B, 0xBF, 0xB4 },  // 看
    { 0x770C, 0xB1, 0x68 },  // 県
    { 0x770D, 0xED, 0xEE },  // 眍
    { 0x770E, 0xB1, 0x69 },  // 眎
    { 0x770F, 0xB1, 0x6A },  // 眏
    { 0x7710, 0xB1, 0x6B },  // 眐
    { 0x7711, 0xB1, 0x6C },  // 眑
    { 0x7712, 0xB1, 0x6D },  // 眒
    { 0x7713, 0xB1, 0x6E },  // 眓
    { 0x7714, 0xB1, 0x6F },  // 眔
    { 0x7715, 0xB1, 0x70 },  // 眕
    { 0x7716, 0xB1, 0x71 },  // 眖
    { 0x7717, 0xB1, 0x72 },  // 眗
    { 0x7718, 0xB1, 0x73 },  // 眘
    { 0x7719, 0xED, 0xF4 },  // 眙
    { 0x771A, 0xED, 0xF2 },  // 眚
    { 0x771B, 0xB1, 0x74 },  // 眛
    { 0x771C, 0xB1, 0x75 },  // 眜
    { 0x771D, 0xB1, 0x76 },  // 眝
    { 0x771E, 0xB1, 0x77 },  // 眞
    { 0x771F, 0xD5, 0xE6 },  // 真
    { 0x7720, 0xC3, 0xDF },  // 眠
    { 0x7721, 0xB1, 0x78 },  // 眡
    { 0x7722, 0xED, 0xF3 },  // 眢
    { 0x7723, 0xB1, 0x79 },  // 眣
    { 0x7724, 0xB1, 0x7A },  // 眤
    { 0x7725, 0xB1, 0x7B },  // 眥
    { 0x7726, 0xED, 0xF6 },  // 眦
    { 0x7727, 0xB1, 0x7C },  // 眧
    { 0x7728, 0xD5, 0xA3 },  // 眨
    { 0x7729, 0xD1, 0xA3 },  // 眩
    { 0x772A, 0xB1, 0x7D },  // 眪
    { 0x772B, 0xB1, 0x7E },  // 眫
    { 0x772C, 0xB1, 0x80 },  // 眬
    { 0x772D, 0xED, 0xF5 },  // 眭
    { 0x772E, 0xB1, 0x81 },  // 眮
    { 0x772F, 0xC3, 0xD0 },  // 眯
    { 0x7730, 0xB1, 0x82 },  // 眰
    { 0x7731, 0xB1, 0x83 },  // 眱
    { 0x7732, 0xB1, 0x84 },  // 眲
    { 0x7733, 0xB1, 0x85 },  // 眳
    { 0x7734, 0xB1, 0x86 },  // 眴
    { 0x7735, 0xED, 0xF7 },  // 眵
    { 0x7736, 0xBF, 0xF4 },  // 眶
    { 0x7737, 0xBE, 0xEC },  // 眷
    { 0x7738, 0xED, 0xF8 },  // 眸
    { 0x7739, 0xB1, 0x87 },  // 眹
    { 0x773A, 0xCC, 0xF7 },  // 眺
    { 0x773B, 0xB1, 0x88 },  // 眻
    { 0x773C, 0xD1, 0xDB },  // 眼
    { 0x773D, 0xB1, 0x89 },  // 眽
    { 0x773E, 0xB1, 0x8A },  // 眾
    { 0x773F, 0xB1, 0x8B },  // 眿
    { 0x7740, 0xD7, 0xC5 },  // 着
    { 0x7741, 0xD5, 0xF6 },  // 睁
    { 0x7742, 0xB1, 0x8C },  // 睂
    { 0x7743, 0xED, 0xFC },  // 睃
    { 0x7744, 0xB1, 0x8D },  // 睄
    { 0x7745, 0xB1, 0x8E },  // 睅
    { 0x7746, 0xB1, 0x8F },  // 睆
    { 0x7747, 0xED, 0xFB },  // 睇
    { 0x7748, 0xB1, 0x90 },  // 睈
    { 0x7749, 0xB1, 0x91 },  // 睉
    { 0x774A, 0xB1, 0x92 },  // 睊
    { 0x774B, 0xB1, 0x93 },  // 睋
    { 0x774C, 0xB1, 0x94 },  // 睌
    { 0x774D, 0xB1, 0x95 },  // 睍
    { 0x774E, 0xB1, 0x96 },  // 睎
    { 0x774F, 0xB1, 0x97 },  // 睏
    { 0x7750, 0xED, 0xF9 },  // 睐
    { 0x7751, 0xED, 0xFA },  // 睑
    { 0x7752, 0xB1, 0x98 },  // 睒
    { 0x7753, 0xB1, 0x99 },  // 睓
    { 0x7754, 0xB1, 0x9A },  // 睔
    { 0x7755, 0xB1, 0x9B },  // 睕
    { 0x7756, 0xB1, 0x9C },  // 睖
    { 0x7757, 0xB1, 0x9D },  // 睗
    { 0x7758, 0xB1, 0x9E },  // 睘
    { 0x7759, 0xB1, 0x9F },  // 睙
    { 0x775A, 0xED, 0xFD },  // 睚
    { 0x775B, 0xBE, 0xA6 },  // 睛
    { 0x775C, 0xB1, 0xA0 },  // 睜
    { 0x775D, 0xB2, 0x40 },  // 睝
    { 0x775E, 0xB2, 0x41 },  // 睞
    { 0x775F, 0xB2, 0x42 },  // 睟
    { 0x7760, 0xB2, 0x43 },  // 睠
    { 0x7761, 0xCB, 0xAF },  // 睡
    { 0x7762, 0xEE, 0xA1 },  // 睢
    { 0x7763, 0xB6, 0xBD },  // 督
    { 0x7764, 0xB2, 0x44 },  // 睤
    { 0x7765, 0xEE, 0xA2 },  // 睥
    { 0x7766, 0xC4, 0xC0 },  // 睦
    { 0x7767, 0xB2, 0x45 },  // 睧
    { 0x7768, 0xED, 0xFE },  // 睨
    { 0x7769, 0xB2, 0x46 },  // 睩
    { 0x776A, 0xB2, 0x47 },  // 睪
    { 0x776B, 0xBD, 0xDE },  // 睫
    { 0x776C, 0xB2, 0xC7 },  // 睬
    { 0x776D, 0xB2, 0x48 },  // 睭
    { 0x776E, 0xB2, 0x49 },  // 睮
    { 0x776F, 0xB2, 0x4A },  // 睯
    { 0x7770, 0xB2, 0x4B },  // 睰
    { 0x7771, 0xB2, 0x4C },  // 睱
    { 0x7772, 0xB2, 0x4D },  // 睲
    { 0x7773, 0xB2, 0x4E },  // 睳
    { 0x7774, 0xB2, 0x4F },  // 睴
    { 0x7775, 0xB2, 0x50 },  // 睵
    { 0x7776, 0xB2, 0x51 },  // 睶
    { 0x7777, 0xB2, 0x52 },  // 睷
    { 0x7778, 0xB2, 0x53 },  // 睸
    { 0x7779, 0xB6, 0xC3 },  // 睹
    { 0x777A, 0xB2, 0x54 },  // 睺
    { 0x777B, 0xB2, 0x55 },  // 睻
    { 0x777C, 0xB2, 0x56 },  // 睼
    { 0x777D, 0xEE, 0xA5 },  // 睽
    { 0x777E, 0xD8, 0xBA },  // 睾
    { 0x777F, 0xEE, 0xA3 },  // 睿
    { 0x7780, 0xEE, 0xA6 },  // 瞀
    { 0x7781, 0xB2, 0x57 },  // 瞁
    { 0x7782, 0xB2, 0x58 },  // 瞂
    { 0x7783, 0xB2, 0x59 },  // 瞃
    { 0x7784, 0xC3, 0xE9 },  // 瞄
    { 0x7785, 0xB3, 0xF2 },  // 瞅
    { 0x7786, 0xB2, 0x5A },  // 瞆
    { 0x7787, 0xB2, 0x5B },  // 瞇
    { 0x7788, 0xB2, 0x5C },  // 瞈
    { 0x7789, 0xB2, 0x5D },  // 瞉
    { 0x778A, 0xB2, 0x5E },  // 瞊
    { 0x778B, 0xB2, 0x5F },  // 瞋
    { 0x778C, 0xEE, 0xA7 },  // 瞌
    { 0x778D, 0xEE, 0xA4 },  // 瞍
    { 0x778E, 0xCF, 0xB9 },  // 瞎
    { 0x778F, 0xB2, 0x60 },  // 瞏
    { 0x7790, 0xB2, 0x61 },  // 瞐
    { 0x7791, 0xEE, 0xA8 },  // 瞑
    { 0x7792, 0xC2, 0xF7 },  // 瞒
    { 0x7793, 0xB2, 0x62 },  // 瞓
    { 0x7794, 0xB2, 0x63 },  // 瞔
    { 0x7795, 0xB2, 0x64 },  // 瞕
    { 0x7796, 0xB2, 0x65 },  // 瞖
    { 0x7797, 0xB2, 0x66 },  // 瞗
    { 0x7798, 0xB2, 0x67 },  // 瞘
    { 0x7799, 0xB2, 0x68 },  // 瞙
    { 0x779A, 0xB2, 0x69 },  // 瞚
    { 0x779B, 0xB2, 0x6A },  // 瞛
    { 0x779C, 0xB2, 0x6B },  // 瞜
    { 0x779D, 0xB2, 0x6C },  // 瞝
    { 0x779E, 0xB2, 0x6D },  // 瞞
    { 0x779F, 0xEE, 0xA9 },  // 瞟
    { 0x77A0, 0xEE, 0xAA },  // 瞠
    { 0x77A1, 0xB2, 0x6E },  // 瞡
    { 0x77A2, 0xDE, 0xAB },  // 瞢
    { 0x77A3, 0xB2, 0x6F },  // 瞣
    { 0x77A4, 0xB2, 0x70 },  // 瞤
    { 0x77A5, 0xC6, 0xB3 },  // 瞥
    { 0x77A6, 0xB2, 0x71 },  // 瞦
    { 0x77A7, 0xC7, 0xC6 },  // 瞧
    { 0x77A8, 0xB2, 0x72 },  // 瞨
    { 0x77A9, 0xD6, 0xF5 },  // 瞩
    { 0x77AA, 0xB5, 0xC9 },  // 瞪
    { 0x77AB, 0xB2, 0x73 },  // 瞫
    { 0x77AC, 0xCB, 0xB2 },  // 瞬
    { 0x77AD, 0xB2, 0x74 },  // 瞭
    { 0x77AE, 0xB2, 0x75 },  // 瞮
    { 0x77AF, 0xB2, 0x76 },  // 瞯
    { 0x77B0, 0xEE, 0xAB },  // 瞰
    { 0x77B1, 0xB2, 0x77 },  // 瞱
    { 0x77B2, 0xB2, 0x78 },  // 瞲
    { 0x77B3, 0xCD, 0xAB },  // 瞳
    { 0x77B4, 0xB2, 0x79 },  // 瞴
    { 0x77B5, 0xEE, 0xAC },  // 瞵
    { 0x77B6, 0xB2, 0x7A },  // 瞶
    { 0x77B7, 0xB2, 0x7B },  // 瞷
    { 0x77B8, 0xB2, 0x7C },  // 瞸
    { 0x77B9, 0xB2, 0x7D },  // 瞹
    { 0x77BA, 0xB2, 0x7E },  // 瞺
    { 0x77BB, 0xD5, 0xB0 },  // 瞻
    { 0x77BC, 0xB2, 0x80 },  // 瞼
    { 0x77BD, 0xEE, 0xAD },  // 瞽
    { 0x77BE, 0xB2, 0x81 },  // 瞾
    { 0x77BF, 0xF6, 0xC4 },  // 瞿
    { 0x77C0, 0xB2, 0x82 },  // 矀
    { 0x77C1, 0xB2, 0x83 },  // 矁
    { 0x77C2, 0xB2, 0x84 },  // 矂
    { 0x77C3, 0xB2, 0x85 },  // 矃
    { 0x77C4, 0xB2, 0x86 },  // 矄
    { 0x77C5, 0xB2, 0x87 },  // 矅
    { 0x77C6, 0xB2, 0x88 },  // 矆
    { 0x77C7, 0xB2, 0x89 },  // 矇
    { 0x77C8, 0xB2, 0x8A },  // 矈
    { 0x77C9, 0xB2, 0x8B },  // 矉
    { 0x77CA, 0xB2, 0x8C },  // 矊
    { 0x77CB, 0xB2, 0x8D },  // 矋
    { 0x77CC, 0xB2, 0x8E },  // 矌
    { 0x77CD, 0xDB, 0xC7 },  // 矍
    { 0x77CE, 0xB2, 0x8F },  // 矎
    { 0x77CF, 0xB2, 0x90 },  // 矏
    { 0x77D0, 0xB2, 0x91 },  // 矐
    { 0x77D1, 0xB2, 0x92 },  // 矑
    { 0x77D2, 0xB2, 0x93 },  // 矒
    { 0x77D3, 0xB2, 0x94 },  // 矓
    { 0x77D4, 0xB2, 0x95 },  // 矔
    { 0x77D5, 0xB2, 0x96 },  // 矕
    { 0x77D6, 0xB2, 0x97 },  // 矖
    { 0x77D7, 0xB4, 0xA3 },  // 矗
    { 0x77D8, 0xB2, 0x98 },  // 矘
    { 0x77D9, 0xB2, 0x99 },  // 矙
    { 0x77DA, 0xB2, 0x9A },  // 矚
    { 0x77DB, 0xC3, 0xAC },  // 矛
    { 0x77DC, 0xF1, 0xE6 },  // 矜
    { 0x77DD, 0xB2, 0x9B },  // 矝
    { 0x77DE, 0xB2, 0x9C },  // 矞
    { 0x77DF, 0xB2, 0x9D },  // 矟
    { 0x77E0, 0xB2, 0x9E },  // 矠
    { 0x77E1, 0xB2, 0x9F },  // 矡
    { 0x77E2, 0xCA, 0xB8 },  // 矢
    { 0x77E3, 0xD2, 0xD3 },  // 矣
    { 0x77E4, 0xB2, 0xA0 },  // 矤
    { 0x77E5, 0xD6, 0xAA },  // 知
    { 0x77E6, 0xB3, 0x40 },  // 矦
    { 0x77E7, 0xEF, 0xF2 },  // 矧
    { 0x77E8, 0xB3, 0x41 },  // 矨
    { 0x77E9, 0xBE, 0xD8 },  // 矩
    { 0x77EA, 0xB3, 0x42 },  // 矪
    { 0x77EB, 0xBD, 0xC3 },  // 矫
    { 0x77EC, 0xEF, 0xF3 },  // 矬
    { 0x77ED, 0xB6, 0xCC },  // 短
    { 0x77EE, 0xB0, 0xAB },  // 矮
    { 0x77EF, 0xB3, 0x43 },  // 矯
    { 0x77F0, 0xB3, 0x44 },  // 矰
    { 0x77F1, 0xB3, 0x45 },  // 矱
    { 0x77F2, 0xB3, 0x46 },  // 矲
    { 0x77F3, 0xCA, 0xAF },  // 石
    { 0x77F4, 0xB3, 0x47 },  // 矴
    { 0x77F5, 0xB3, 0x48 },  // 矵
    { 0x77F6, 0xED, 0xB6 },  // 矶
    { 0x77F7, 0xB3, 0x49 },  // 矷
    { 0x77F8, 0xED, 0xB7 },  // 矸
    { 0x77F9, 0xB3, 0x4A },  // 矹
    { 0x77FA, 0xB3, 0x4B },  // 矺
    { 0x77FB, 0xB3, 0x4C },  // 矻
    { 0x77FC, 0xB3, 0x4D },  // 矼
    { 0x77FD, 0xCE, 0xF9 },  // 矽
    { 0x77FE, 0xB7, 0xAF },  // 矾
    { 0x77FF, 0xBF, 0xF3 },  // 矿
    { 0x7800, 0xED, 0xB8 },  // 砀
    { 0x7801, 0xC2, 0xEB },  // 码
    { 0x7802, 0xC9, 0xB0 },  // 砂
    { 0x7803, 0xB3, 0x4E },  // 砃
    { 0x7804, 0xB3, 0x4F },  // 砄
    { 0x7805, 0xB3, 0x50 },  // 砅
    { 0x7806, 0xB3, 0x51 },  // 砆
    { 0x7807, 0xB3, 0x52 },  // 砇
    { 0x7808, 0xB3, 0x53 },  // 砈
    { 0x7809, 0xED, 0xB9 },  // 砉
    { 0x780A, 0xB3, 0x54 },  // 砊
    { 0x780B, 0xB3, 0x55 },  // 砋
    { 0x780C, 0xC6, 0xF6 },  // 砌
    { 0x780D, 0xBF, 0xB3 },  // 砍
    { 0x780E, 0xB3, 0x56 },  // 砎
    { 0x780F, 0xB3, 0x57 },  // 砏
    { 0x7810, 0xB3, 0x58 },  // 砐
    { 0x7811, 0xED, 0xBC },  // 砑
    { 0x7812, 0xC5, 0xF8 },  // 砒
    { 0x7813, 0xB3, 0x59 },  // 砓
    { 0x7814, 0xD1, 0xD0 },  // 研
    { 0x7815, 0xB3, 0x5A },  // 砕
    { 0x7816, 0xD7, 0xA9 },  // 砖
    { 0x7817, 0xED, 0xBA },  // 砗
    { 0x7818, 0xED, 0xBB },  // 砘
    { 0x7819, 0xB3, 0x5B },  // 砙
    { 0x781A, 0xD1, 0xE2 },  // 砚
    { 0x781B, 0xB3, 0x5C },  // 砛
    { 0x781C, 0xED, 0xBF },  // 砜
    { 0x781D, 0xED, 0xC0 },  // 砝
    { 0x781E, 0xB3, 0x5D },  // 砞
    { 0x781F, 0xED, 0xC4 },  // 砟
    { 0x7820, 0xB3, 0x5E },  // 砠
    { 0x7821, 0xB3, 0x5F },  // 砡
    { 0x7822, 0xB3, 0x60 },  // 砢
    { 0x7823, 0xED, 0xC8 },  // 砣
    { 0x7824, 0xB3, 0x61 },  // 砤
    { 0x7825, 0xED, 0xC6 },  // 砥
    { 0x7826, 0xED, 0xCE },  // 砦
    { 0x7827, 0xD5, 0xE8 },  // 砧
    { 0x7828, 0xB3, 0x62 },  // 砨
    { 0x7829, 0xED, 0xC9 },  // 砩
    { 0x782A, 0xB3, 0x63 },  // 砪
    { 0x782B, 0xB3, 0x64 },  // 砫
    { 0x782C, 0xED, 0xC7 },  // 砬
    { 0x782D, 0xED, 0xBE },  // 砭
    { 0x782E, 0xB3, 0x65 },  // 砮
    { 0x782F, 0xB3, 0x66 },  // 砯
    { 0x7830, 0xC5, 0xE9 },  // 砰
    { 0x7831, 0xB3, 0x67 },  // 砱
    { 0x7832, 0xB3, 0x68 },  // 砲
    { 0x7833, 0xB3, 0x69 },  // 砳
    { 0x7834, 0xC6, 0xC6 },  // 破
    { 0x7835, 0xB3, 0x6A },  // 砵
    { 0x7836, 0xB3, 0x6B },  // 砶
    { 0x7837, 0xC9, 0xE9 },  // 砷
    { 0x7838, 0xD4, 0xD2 },  // 砸
    { 0x7839, 0xED, 0xC1 },  // 砹
    { 0x783A, 0xED, 0xC2 },  // 砺
    { 0x783B, 0xED, 0xC3 },  // 砻
    { 0x783C, 0xED, 0xC5 },  // 砼
    { 0x783D, 0xB3, 0x6C },  // 砽
    { 0x783E, 0xC0, 0xF9 },  // 砾
    { 0x783F, 0xB3, 0x6D },  // 砿
    { 0x7840, 0xB4, 0xA1 },  // 础
    { 0x7841, 0xB3, 0x6E },  // 硁
    { 0x7842, 0xB3, 0x6F },  // 硂
    { 0x7843, 0xB3, 0x70 },  // 硃
    { 0x7844, 0xB3, 0x71 },  // 硄
    { 0x7845, 0xB9, 0xE8 },  // 硅
    { 0x7846, 0xB3, 0x72 },  // 硆
    { 0x7847, 0xED, 0xD0 },  // 硇
    { 0x7848, 0xB3, 0x73 },  // 硈
    { 0x7849, 0xB3, 0x74 },  // 硉
    { 0x784A, 0xB3, 0x75 },  // 硊
    { 0x784B, 0xB3, 0x76 },  // 硋
    { 0x784C, 0xED, 0xD1 },  // 硌
    { 0x784D, 0xB3, 0x77 },  // 硍
    { 0x784E, 0xED, 0xCA },  // 硎
    { 0x784F, 0xB3, 0x78 },  // 硏
    { 0x7850, 0xED, 0xCF },  // 硐
    { 0x7851, 0xB3, 0x79 },  // 硑
    { 0x7852, 0xCE, 0xF8 },  // 硒
    { 0x7853, 0xB3, 0x7A },  // 硓
    { 0x7854, 0xB3, 0x7B },  // 硔
    { 0x7855, 0xCB, 0xB6 },  // 硕
    { 0x7856, 0xED, 0xCC },  // 硖
    { 0x7857, 0xED, 0xCD },  // 硗
    { 0x7858, 0xB3, 0x7C },  // 硘
    { 0x7859, 0xB3, 0x7D },  // 硙
    { 0x785A, 0xB3, 0x7E },  // 硚
    { 0x785B, 0xB3, 0x80 },  // 硛
    { 0x785C, 0xB3, 0x81 },  // 硜
    { 0x785D, 0xCF, 0xF5 },  // 硝
    { 0x785E, 0xB3, 0x82 },  // 硞
    { 0x785F, 0xB3, 0x83 },  // 硟
    { 0x7860, 0xB3, 0x84 },  // 硠
    { 0x7861, 0xB3, 0x85 },  // 硡
    { 0x7862, 0xB3, 0x86 },  // 硢
    { 0x7863, 0xB3, 0x87 },  // 硣
    { 0x7864, 0xB3, 0x88 },  // 硤
    { 0x7865, 0xB3, 0x89 },  // 硥
    { 0x7866, 0xB3, 0x8A },  // 硦
    { 0x7867, 0xB3, 0x8B },  // 硧
    { 0x7868, 0xB3, 0x8C },  // 硨
    { 0x7869, 0xB3, 0x8D },  // 硩
    { 0x786A, 0xED, 0xD2 },  // 硪
    { 0x786B, 0xC1, 0xF2 },  // 硫
    { 0x786C, 0xD3, 0xB2 },  // 硬
    { 0x786D, 0xED, 0xCB },  // 硭
    { 0x786E, 0xC8, 0xB7 },  // 确
    { 0x786F, 0xB3, 0x8E },  // 硯
    { 0x7870, 0xB3, 0x8F },  // 硰
    { 0x7871, 0xB3, 0x90 },  // 硱
    { 0x7872, 0xB3, 0x91 },  // 硲
    { 0x7873, 0xB3, 0x92 },  // 硳
    { 0x7874, 0xB3, 0x93 },  // 硴
    { 0x7875, 0xB3, 0x94 },  // 硵
    { 0x7876, 0xB3, 0x95 },  // 硶
    { 0x7877, 0xBC, 0xEF },  // 硷
    { 0x7878, 0xB3, 0x96 },  // 硸
    { 0x7879, 0xB3, 0x97 },  // 硹
    { 0x787A, 0xB3, 0x98 },  // 硺
    { 0x787B, 0xB3, 0x99 },  // 硻
    { 0x787C, 0xC5, 0xF0 },  // 硼
    { 0x787D, 0xB3, 0x9A },  // 硽
    { 0x787E, 0xB3, 0x9B },  // 硾
    { 0x787F, 0xB3, 0x9C },  // 硿
    { 0x7880, 0xB3, 0x9D },  // 碀
    { 0x7881, 0xB3, 0x9E },  // 碁
    { 0x7882, 0xB3, 0x9F },  // 碂
    { 0x7883, 0xB3, 0xA0 },  // 碃
    { 0x7884, 0xB4, 0x40 },  // 碄
    { 0x7885, 0xB4, 0x41 },  // 碅
    { 0x7886, 0xB4, 0x42 },  // 碆
    { 0x7887, 0xED, 0xD6 },  // 碇
    { 0x7888, 0xB4, 0x43 },  // 碈
    { 0x7889, 0xB5, 0xEF },  // 碉
    { 0x788A, 0xB4, 0x44 },  // 碊
    { 0x788B, 0xB4, 0x45 },  // 碋
    { 0x788C, 0xC2, 0xB5 },  // 碌
    { 0x788D, 0xB0, 0xAD },  // 碍
    { 0x788E, 0xCB, 0xE9 },  // 碎
    { 0x788F, 0xB4, 0x46 },  // 碏
    { 0x7890, 0xB4, 0x47 },  // 碐
    { 0x7891, 0xB1, 0xAE },  // 碑
    { 0x7892, 0xB4, 0x48 },  // 碒
    { 0x7893, 0xED, 0xD4 },  // 碓
    { 0x7894, 0xB4, 0x49 },  // 碔
    { 0x7895, 0xB4, 0x4A },  // 碕
    { 0x7896, 0xB4, 0x4B },  // 碖
    { 0x7897, 0xCD, 0xEB },  // 碗
    { 0x7898, 0xB5, 0xE2 },  // 碘
    { 0x7899, 0xB4, 0x4C },  // 碙
    { 0x789A, 0xED, 0xD5 },  // 碚
    { 0x789B, 0xED, 0xD3 },  // 碛
    { 0x789C, 0xED, 0xD7 },  // 碜
    { 0x789D, 0xB4, 0x4D },  // 碝
    { 0x789E, 0xB4, 0x4E },  // 碞
    { 0x789F, 0xB5, 0xFA },  // 碟
    { 0x78A0, 0xB4, 0x4F },  // 碠
    { 0x78A1, 0xED, 0xD8 },  // 碡
    { 0x78A2, 0xB4, 0x50 },  // 碢
    { 0x78A3, 0xED, 0xD9 },  // 碣
    { 0x78A4, 0xB4, 0x51 },  // 碤
    { 0x78A5, 0xED, 0xDC },  // 碥
    { 0x78A6, 0xB4, 0x52 },  // 碦
    { 0x78A7, 0xB1, 0xCC },  // 碧
    { 0x78A8, 0xB4, 0x53 },  // 碨
    { 0x78A9, 0xB4, 0x54 },  // 碩
    { 0x78AA, 0xB4, 0x55 },  // 碪
    { 0x78AB, 0xB4, 0x56 },  // 碫
    { 0x78AC, 0xB4, 0x57 },  // 碬
    { 0x78AD, 0xB4, 0x58 },  // 碭
    { 0x78AE, 0xB4, 0x59 },  // 碮
    { 0x78AF, 0xB4, 0x5A },  // 碯
    { 0x78B0, 0xC5, 0xF6 },  // 碰
    { 0x78B1, 0xBC, 0xEE },  // 碱
    { 0x78B2, 0xED, 0xDA },  // 碲
    { 0x78B3, 0xCC, 0xBC },  // 碳
    { 0x78B4, 0xB2, 0xEA },  // 碴
    { 0x78B5, 0xB4, 0x5B },  // 碵
    { 0x78B6, 0xB4, 0x5C },  // 碶
    { 0x78B7, 0xB4, 0x5D },  // 碷
    { 0x78B8, 0xB4, 0x5E },  // 碸
    { 0x78B9, 0xED, 0xDB },  // 碹
    { 0x78BA, 0xB4, 0x5F },  // 確
    { 0x78BB, 0xB4, 0x60 },  // 碻
    { 0x78BC, 0xB4, 0x61 },  // 碼
    { 0x78BD, 0xB4, 0x62 },  // 碽
    { 0x78BE, 0xC4, 0xEB },  // 碾
    { 0x78BF, 0xB4, 0x63 },  // 碿
    { 0x78C0, 0xB4, 0x64 },  // 磀
    { 0x78C1, 0xB4, 0xC5 },  // 磁
    { 0x78C2, 0xB4, 0x65 },  // 磂
    { 0x78C3, 0xB4, 0x66 },  // 磃
    { 0x78C4, 0xB4, 0x67 },  // 磄
    { 0x78C5, 0xB0, 0xF5 },  // 磅
    { 0x78C6, 0xB4, 0x68 },  // 磆
    { 0x78C7, 0xB4, 0x69 },  // 磇
    { 0x78C8, 0xB4, 0x6A },  // 磈
    { 0x78C9, 0xED, 0xDF },  // 磉
    { 0x78CA, 0xC0, 0xDA },  // 磊
    { 0x78CB, 0xB4, 0xE8 },  // 磋
    { 0x78CC, 0xB4, 0x6B },  // 磌
    { 0x78CD, 0xB4, 0x6C },  // 磍
    { 0x78CE, 0xB4, 0x6D },  // 磎
    { 0x78CF, 0xB4, 0x6E },  // 磏
    { 0x78D0, 0xC5, 0xCD },  // 磐
    { 0x78D1, 0xB4, 0x6F },  // 磑
    { 0x78D2, 0xB4, 0x70 },  // 磒
    { 0x78D3, 0xB4, 0x71 },  // 磓
    { 0x78D4, 0xED, 0xDD },  // 磔
    { 0x78D5, 0xBF, 0xC4 },  // 磕
    { 0x78D6, 0xB4, 0x72 },  // 磖
    { 0x78D7, 0xB4, 0x73 },  // 磗
    { 0x78D8, 0xB4, 0x74 },  // 磘
    { 0x78D9, 0xED, 0xDE },  // 磙
    { 0x78DA, 0xB4, 0x75 },  // 磚
    { 0x78DB, 0xB4, 0x76 },  // 磛
    { 0x78DC, 0xB4, 0x77 },  // 磜
    { 0x78DD, 0xB4, 0x78 },  // 磝
    { 0x78DE, 0xB4, 0x79 },  // 磞
    { 0x78DF, 0xB4, 0x7A },  // 磟
    { 0x78E0, 0xB4, 0x7B },  // 磠
    { 0x78E1, 0xB4, 0x7C },  // 磡
    { 0x78E2, 0xB4, 0x7D },  // 磢
    { 0x78E3, 0xB4, 0x7E },  // 磣
    { 0x78E4, 0xB4, 0x80 },  // 磤
    { 0x78E5, 0xB4, 0x81 },  // 磥
    { 0x78E6, 0xB4, 0x82 },  // 磦
    { 0x78E7, 0xB4, 0x83 },  // 磧
    { 0x78E8, 0xC4, 0xA5 },  // 磨
    { 0x78E9, 0xB4, 0x84 },  // 磩
    { 0x78EA, 0xB4, 0x85 },  // 磪
    { 0x78EB, 0xB4, 0x86 },  // 磫
    { 0x78EC, 0xED, 0xE0 },  // 磬
    { 0x78ED, 0xB4, 0x87 },  // 磭
    { 0x78EE, 0xB4, 0x88 },  // 磮
    { 0x78EF, 0xB4, 0x89 },  // 磯
    { 0x78F0, 0xB4, 0x8A },  // 磰
    { 0x78F1, 0xB4, 0x8B },  // 磱
    { 0x78F2, 0xED, 0xE1 },  // 磲
    { 0x78F3, 0xB4, 0x8C },  // 磳
    { 0x78F4, 0xED, 0xE3 },  // 磴
    { 0x78F5, 0xB4, 0x8D },  // 磵
    { 0x78F6, 0xB4, 0x8E },  // 磶
    { 0x78F7, 0xC1, 0xD7 },  // 磷
    { 0x78F8, 0xB4, 0x8F },  // 磸
    { 0x78F9, 0xB4, 0x90 },  // 磹
    { 0x78FA, 0xBB, 0xC7 },  // 磺
    { 0x78FB, 0xB4, 0x91 },  // 磻
    { 0x78FC, 0xB4, 0x92 },  // 磼
    { 0x78FD, 0xB4, 0x93 },  // 磽
    { 0x78FE, 0xB4, 0x94 },  // 磾
    { 0x78FF, 0xB4, 0x95 },  // 磿
    { 0x7900, 0xB4, 0x96 },  // 礀
    { 0x7901, 0xBD, 0xB8 },  // 礁
    { 0x7902, 0xB4, 0x97 },  // 礂
    { 0x7903, 0xB4, 0x98 },  // 礃
    { 0x7904, 0xB4, 0x99 },  // 礄
    { 0x7905, 0xED, 0xE2 },  // 礅
    { 0x7906, 0xB4, 0x9A },  // 礆
    { 0x7907, 0xB4, 0x9B },  // 礇
    { 0x7908, 0xB4, 0x9C },  // 礈
    { 0x7909, 0xB4, 0x9D },  // 礉
    { 0x790A, 0xB4, 0x9E },  // 礊
    { 0x790B, 0xB4, 0x9F },  // 礋
    { 0x790C, 0xB4, 0xA0 },  // 礌
    { 0x790D, 0xB5, 0x40 },  // 礍
    { 0x790E, 0xB5, 0x41 },  // 礎
    { 0x790F, 0xB5, 0x42 },  // 礏
    { 0x7910, 0xB5, 0x43 },  // 礐
    { 0x7911, 0xB5, 0x44 },  // 礑
    { 0x7912, 0xB5, 0x45 },  // 礒
    { 0x7913, 0xED, 0xE4 },  // 礓
    { 0x7914, 0xB5, 0x46 },  // 礔
    { 0x7915, 0xB5, 0x47 },  // 礕
    { 0x7916, 0xB5, 0x48 },  // 礖
    { 0x7917, 0xB5, 0x49 },  // 礗
    { 0x7918, 0xB5, 0x4A },  // 礘
    { 0x7919, 0xB5, 0x4B },  // 礙
    { 0x791A, 0xB5, 0x4C },  // 礚
    { 0x791B, 0xB5, 0x4D },  // 礛
    { 0x791C, 0xB5, 0x4E },  // 礜
    { 0x791D, 0xB5, 0x4F },  // 礝
    { 0x791E, 0xED, 0xE6 },  // 礞
    { 0x791F, 0xB5, 0x50 },  // 礟
    { 0x7920, 0xB5, 0x51 },  // 礠
    { 0x7921, 0xB5, 0x52 },  // 礡
    { 0x7922, 0xB5, 0x53 },  // 礢
    { 0x7923, 0xB5, 0x54 },  // 礣
    { 0x7924, 0xED, 0xE5 },  // 礤
    { 0x7925, 0xB5, 0x55 },  // 礥
    { 0x7926, 0xB5, 0x56 },  // 礦
    { 0x7927, 0xB5, 0x57 },  // 礧
    { 0x7928, 0xB5, 0x58 },  // 礨
    { 0x7929, 0xB5, 0x59 },  // 礩
    { 0x792A, 0xB5, 0x5A },  // 礪
    { 0x792B, 0xB5, 0x5B },  // 礫
    { 0x792C, 0xB5, 0x5C },  // 礬
    { 0x792D, 0xB5, 0x5D },  // 礭
    { 0x792E, 0xB5, 0x5E },  // 礮
    { 0x792F, 0xB5, 0x5F },  // 礯
    { 0x7930, 0xB5, 0x60 },  // 礰
    { 0x7931, 0xB5, 0x61 },  // 礱
    { 0x7932, 0xB5, 0x62 },  // 礲
    { 0x7933, 0xB5, 0x63 },  // 礳
    { 0x7934, 0xED, 0xE7 },  // 礴
    { 0x7935, 0xB5, 0x64 },  // 礵
    { 0x7936, 0xB5, 0x65 },  // 礶
    { 0x7937, 0xB5, 0x66 },  // 礷
    { 0x7938, 0xB5, 0x67 },  // 礸
    { 0x7939, 0xB5, 0x68 },  // 礹
    { 0x793A, 0xCA, 0xBE },  // 示
    { 0x793B, 0xEC, 0xEA },  // 礻
    { 0x793C, 0xC0, 0xF1 },  // 礼
    { 0x793D, 0xB5, 0x69 },  // 礽
    { 0x793E, 0xC9, 0xE7 },  // 社
    { 0x793F, 0xB5, 0x6A },  // 礿
    { 0x7940, 0xEC, 0xEB },  // 祀
    { 0x7941, 0xC6, 0xEE },  // 祁
    { 0x7942, 0xB5, 0x6B },  // 祂
    { 0x7943, 0xB5, 0x6C },  // 祃
    { 0x7944, 0xB5, 0x6D },  // 祄
    { 0x7945, 0xB5, 0x6E },  // 祅
    { 0x7946, 0xEC, 0xEC },  // 祆
    { 0x7947, 0xB5, 0x6F },  // 祇
    { 0x7948, 0xC6, 0xED },  // 祈
    { 0x7949, 0xEC, 0xED },  // 祉
    { 0x794A, 0xB5, 0x70 },  // 祊
    { 0x794B, 0xB5, 0x71 },  // 祋
    { 0x794C, 0xB5, 0x72 },  // 祌
    { 0x794D, 0xB5, 0x73 },  // 祍
    { 0x794E, 0xB5, 0x74 },  // 祎
    { 0x794F, 0xB5, 0x75 },  // 祏
    { 0x7950, 0xB5, 0x76 },  // 祐
    { 0x7951, 0xB5, 0x77 },  // 祑
    { 0x7952, 0xB5, 0x78 },  // 祒
    { 0x7953, 0xEC, 0xF0 },  // 祓
    { 0x7954, 0xB5, 0x79 },  // 祔
    { 0x7955, 0xB5, 0x7A },  // 祕
    { 0x7956, 0xD7, 0xE6 },  // 祖
    { 0x7957, 0xEC, 0xF3 },  // 祗
    { 0x7958, 0xB5, 0x7B },  // 祘
    { 0x7959, 0xB5, 0x7C },  // 祙
    { 0x795A, 0xEC, 0xF1 },  // 祚
    { 0x795B, 0xEC, 0xEE },  // 祛
    { 0x795C, 0xEC, 0xEF },  // 祜
    { 0x795D, 0xD7, 0xA3 },  // 祝
    { 0x795E, 0xC9, 0xF1 },  // 神
    { 0x795F, 0xCB, 0xEE },  // 祟
    { 0x7960, 0xEC, 0xF4 },  // 祠
    { 0x7961, 0xB5, 0x7D },  // 祡
    { 0x7962, 0xEC, 0xF2 },  // 祢
    { 0x7963, 0xB5, 0x7E },  // 祣
    { 0x7964, 0xB5, 0x80 },  // 祤
    { 0x7965, 0xCF, 0xE9 },  // 祥
    { 0x7966, 0xB5, 0x81 },  // 祦
    { 0x7967, 0xEC, 0xF6 },  // 祧
    { 0x7968, 0xC6, 0xB1 },  // 票
    { 0x7969, 0xB5, 0x82 },  // 祩
    { 0x796A, 0xB5, 0x83 },  // 祪
    { 0x796B, 0xB5, 0x84 },  // 祫
    { 0x796C, 0xB5, 0x85 },  // 祬
    { 0x796D, 0xBC, 0xC0 },  // 祭
    { 0x796E, 0xB5, 0x86 },  // 祮
    { 0x796F, 0xEC, 0xF5 },  // 祯
    { 0x7970, 0xB5, 0x87 },  // 祰
    { 0x7971, 0xB5, 0x88 },  // 祱
    { 0x7972, 0xB5, 0x89 },  // 祲
    { 0x7973, 0xB5, 0x8A },  // 祳
    { 0x7974, 0xB5, 0x8B },  // 祴
    { 0x7975, 0xB5, 0x8C },  // 祵
    { 0x7976, 0xB5, 0x8D },  // 祶
    { 0x7977, 0xB5, 0xBB },  // 祷
    { 0x7978, 0xBB, 0xF6 },  // 祸
    { 0x7979, 0xB5, 0x8E },  // 祹
    { 0x797A, 0xEC, 0xF7 },  // 祺
    { 0x797B, 0xB5, 0x8F },  // 祻
    { 0x797C, 0xB5, 0x90 },  // 祼
    { 0x797D, 0xB5, 0x91 },  // 祽
    { 0x797E, 0xB5, 0x92 },  // 祾
    { 0x797F, 0xB5, 0x93 },  // 祿
    { 0x7980, 0xD9, 0xF7 },  // 禀
    { 0x7981, 0xBD, 0xFB },  // 禁
    { 0x7982, 0xB5, 0x94 },  // 禂
    { 0x7983, 0xB5, 0x95 },  // 禃
    { 0x7984, 0xC2, 0xBB },  // 禄
    { 0x7985, 0xEC, 0xF8 },  // 禅
    { 0x7986, 0xB5, 0x96 },  // 禆
    { 0x7987, 0xB5, 0x97 },  // 禇
    { 0x7988, 0xB5, 0x98 },  // 禈
    { 0x7989, 0xB5, 0x99 },  // 禉
    { 0x798A, 0xEC, 0xF9 },  // 禊
    { 0x798B, 0xB5, 0x9A },  // 禋
    { 0x798C, 0xB5, 0x9B },  // 禌
    { 0x798D, 0xB5, 0x9C },  // 禍
    { 0x798E, 0xB5, 0x9D },  // 禎
    { 0x798F, 0xB8, 0xA3 },  // 福
    { 0x7990, 0xB5, 0x9E },  // 禐
    { 0x7991, 0xB5, 0x9F },  // 禑
    { 0x7992, 0xB5, 0xA0 },  // 禒
    { 0x7993, 0xB6, 0x40 },  // 禓
    { 0x7994, 0xB6, 0x41 },  // 禔
    { 0x7995, 0xB6, 0x42 },  // 禕
    { 0x7996, 0xB6, 0x43 },  // 禖
    { 0x7997, 0xB6, 0x44 },  // 禗
    { 0x7998, 0xB6, 0x45 },  // 禘
    { 0x7999, 0xB6, 0x46 },  // 禙
    { 0x799A, 0xEC, 0xFA },  // 禚
    { 0x799B, 0xB6, 0x47 },  // 禛
    { 0x799C, 0xB6, 0x48 },  // 禜
    { 0x799D, 0xB6, 0x49 },  // 禝
    { 0x799E, 0xB6, 0x4A },  // 禞
    { 0x799F, 0xB6, 0x4B },  // 禟
    { 0x79A0, 0xB6, 0x4C },  // 禠
    { 0x79A1, 0xB6, 0x4D },  // 禡
    { 0x79A2, 0xB6, 0x4E },  // 禢
    { 0x79A3, 0xB6, 0x4F },  // 禣
    { 0x79A4, 0xB6, 0x50 },  // 禤
    { 0x79A5, 0xB6, 0x51 },  // 禥
    { 0x79A6, 0xB6, 0x52 },  // 禦
    { 0x79A7, 0xEC, 0xFB },  // 禧
    { 0x79A8, 0xB6, 0x53 },  // 禨
    { 0x79A9, 0xB6, 0x54 },  // 禩
    { 0x79AA, 0xB6, 0x55 },  // 禪
    { 0x79AB, 0xB6, 0x56 },  // 禫
    { 0x79AC, 0xB6, 0x57 },  // 禬
    { 0x79AD, 0xB6, 0x58 },  // 禭
    { 0x79AE, 0xB6, 0x59 },  // 禮
    { 0x79AF, 0xB6, 0x5A },  // 禯
    { 0x79B0, 0xB6, 0x5B },  // 禰
    { 0x79B1, 0xB6, 0x5C },  // 禱
    { 0x79B2, 0xB6, 0x5D },  // 禲
    { 0x79B3, 0xEC, 0xFC },  // 禳
    { 0x79B4, 0xB6, 0x5E },  // 禴
    { 0x79B5, 0xB6, 0x5F },  // 禵
    { 0x79B6, 0xB6, 0x60 },  // 禶
    { 0x79B7, 0xB6, 0x61 },  // 禷
    { 0x79B8, 0xB6, 0x62 },  // 禸
    { 0x79B9, 0xD3, 0xED },  // 禹
    { 0x79BA, 0xD8, 0xAE },  // 禺
    { 0x79BB, 0xC0, 0xEB },  // 离
    { 0x79BC, 0xB6, 0x63 },  // 禼
    { 0x79BD, 0xC7, 0xDD },  // 禽
    { 0x79BE, 0xBA, 0xCC },  // 禾
    { 0x79BF, 0xB6, 0x64 },  // 禿
    { 0x79C0, 0xD0, 0xE3 },  // 秀
    { 0x79C1, 0xCB, 0xBD },  // 私
    { 0x79C2, 0xB6, 0x65 },  // 秂
    { 0x79C3, 0xCD, 0xBA },  // 秃
    { 0x79C4, 0xB6, 0x66 },  // 秄
    { 0x79C5, 0xB6, 0x67 },  // 秅
    { 0x79C6, 0xB8, 0xD1 },  // 秆
    { 0x79C7, 0xB6, 0x68 },  // 秇
    { 0x79C8, 0xB6, 0x69 },  // 秈
    { 0x79C9, 0xB1, 0xFC },  // 秉
    { 0x79CA, 0xB6, 0x6A },  // 秊
    { 0x79CB, 0xC7, 0xEF },  // 秋
    { 0x79CC, 0xB6, 0x6B },  // 秌
    { 0x79CD, 0xD6, 0xD6 },  // 种
    { 0x79CE, 0xB6, 0x6C },  // 秎
    { 0x79CF, 0xB6, 0x6D },  // 秏
    { 0x79D0, 0xB6, 0x6E },  // 秐
    { 0x79D1, 0xBF, 0xC6 },  // 科
    { 0x79D2, 0xC3, 0xEB },  // 秒
    { 0x79D3, 0xB6, 0x6F },  // 秓
    { 0x79D4, 0xB6, 0x70 },  // 秔
    { 0x79D5, 0xEF, 0xF5 },  // 秕
    { 0x79D6, 0xB6, 0x71 },  // 秖
    { 0x79D7, 0xB6, 0x72 },  // 秗
    { 0x79D8, 0xC3, 0xD8 },  // 秘
    { 0x79D9, 0xB6, 0x73 },  // 秙
    { 0x79DA, 0xB6, 0x74 },  // 秚
    { 0x79DB, 0xB6, 0x75 },  // 秛
    { 0x79DC, 0xB6, 0x76 },  // 秜
    { 0x79DD, 0xB6, 0x77 },  // 秝
    { 0x79DE, 0xB6, 0x78 },  // 秞
    { 0x79DF, 0xD7, 0xE2 },  // 租
    { 0x79E0, 0xB6, 0x79 },  // 秠
    { 0x79E1, 0xB6, 0x7A },  // 秡
    { 0x79E2, 0xB6, 0x7B },  // 秢
    { 0x79E3, 0xEF, 0xF7 },  // 秣
    { 0x79E4, 0xB3, 0xD3 },  // 秤
    { 0x79E5, 0xB6, 0x7C },  // 秥
    { 0x79E6, 0xC7, 0xD8 },  // 秦
    { 0x79E7, 0xD1, 0xED },  // 秧
    { 0x79E8, 0xB6, 0x7D },  // 秨
    { 0x79E9, 0xD6, 0xC8 },  // 秩
    { 0x79EA, 0xB6, 0x7E },  // 秪
    { 0x79EB, 0xEF, 0xF8 },  // 秫
    { 0x79EC, 0xB6, 0x80 },  // 秬
    { 0x79ED, 0xEF, 0xF6 },  // 秭
    { 0x79EE, 0xB6, 0x81 },  // 秮
    { 0x79EF, 0xBB, 0xFD },  // 积
    { 0x79F0, 0xB3, 0xC6 },  // 称
    { 0x79F1, 0xB6, 0x82 },  // 秱
    { 0x79F2, 0xB6, 0x83 },  // 秲
    { 0x79F3, 0xB6, 0x84 },  // 秳
    { 0x79F4, 0xB6, 0x85 },  // 秴
    { 0x79F5, 0xB6, 0x86 },  // 秵
    { 0x79F6, 0xB6, 0x87 },  // 秶
    { 0x79F7, 0xB6, 0x88 },  // 秷
    { 0x79F8, 0xBD, 0xD5 },  // 秸
    { 0x79F9, 0xB6, 0x89 },  // 秹
    { 0x79FA, 0xB6, 0x8A },  // 秺
    { 0x79FB, 0xD2, 0xC6 },  // 移
    { 0x79FC, 0xB6, 0x8B },  // 秼
    { 0x79FD, 0xBB, 0xE0 },  // 秽
    { 0x79FE, 0xB6, 0x8C },  // 秾
    { 0x79FF, 0xB6, 0x8D },  // 秿
    { 0x7A00, 0xCF, 0xA1 },  // 稀
    { 0x7A01, 0xB6, 0x8E },  // 稁
    { 0x7A02, 0xEF, 0xFC },  // 稂
    { 0x7A03, 0xEF, 0xFB },  // 稃
    { 0x7A04, 0xB6, 0x8F },  // 稄
    { 0x7A05, 0xB6, 0x90 },  // 稅
    { 0x7A06, 0xEF, 0xF9 },  // 稆
    { 0x7A07, 0xB6, 0x91 },  // 稇
    { 0x7A08, 0xB6, 0x92 },  // 稈
    { 0x7A09, 0xB6, 0x93 },  // 稉
    { 0x7A0A, 0xB6, 0x94 },  // 稊
    { 0x7A0B, 0xB3, 0xCC },  // 程
    { 0x7A0C, 0xB6, 0x95 },  // 稌
    { 0x7A0D, 0xC9, 0xD4 },  // 稍
    { 0x7A0E, 0xCB, 0xB0 },  // 税
    { 0x7A0F, 0xB6, 0x96 },  // 稏
    { 0x7A10, 0xB6, 0x97 },  // 稐
    { 0x7A11, 0xB6, 0x98 },  // 稑
    { 0x7A12, 0xB6, 0x99 },  // 稒
    { 0x7A13, 0xB6, 0x9A },  // 稓
    { 0x7A14, 0xEF, 0xFE },  // 稔
    { 0x7A15, 0xB6, 0x9B },  // 稕
    { 0x7A16, 0xB6, 0x9C },  // 稖
    { 0x7A17, 0xB0, 0xDE },  // 稗
    { 0x7A18, 0xB6, 0x9D },  // 稘
    { 0x7A19, 0xB6, 0x9E },  // 稙
    { 0x7A1A, 0xD6, 0xC9 },  // 稚
    { 0x7A1B, 0xB6, 0x9F },  // 稛
    { 0x7A1C, 0xB6, 0xA0 },  // 稜
    { 0x7A1D, 0xB7, 0x40 },  // 稝
    { 0x7A1E, 0xEF, 0xFD },  // 稞
    { 0x7A1F, 0xB7, 0x41 },  // 稟
    { 0x7A20, 0xB3, 0xED },  // 稠
    { 0x7A21, 0xB7, 0x42 },  // 稡
    { 0x7A22, 0xB7, 0x43 },  // 稢
    { 0x7A23, 0xF6, 0xD5 },  // 稣
    { 0x7A24, 0xB7, 0x44 },  // 稤
    { 0x7A25, 0xB7, 0x45 },  // 稥
    { 0x7A26, 0xB7, 0x46 },  // 稦
    { 0x7A27, 0xB7, 0x47 },  // 稧
    { 0x7A28, 0xB7, 0x48 },  // 稨
    { 0x7A29, 0xB7, 0x49 },  // 稩
    { 0x7A2A, 0xB7, 0x4A },  // 稪
    { 0x7A2B, 0xB7, 0x4B },  // 稫
    { 0x7A2C, 0xB7, 0x4C },  // 稬
    { 0x7A2D, 0xB7, 0x4D },  // 稭
    { 0x7A2E, 0xB7, 0x4E },  // 種
    { 0x7A2F, 0xB7, 0x4F },  // 稯
    { 0x7A30, 0xB7, 0x50 },  // 稰
    { 0x7A31, 0xB7, 0x51 },  // 稱
    { 0x7A32, 0xB7, 0x52 },  // 稲
    { 0x7A33, 0xCE, 0xC8 },  // 稳
    { 0x7A34, 0xB7, 0x53 },  // 稴
    { 0x7A35, 0xB7, 0x54 },  // 稵
    { 0x7A36, 0xB7, 0x55 },  // 稶
    { 0x7A37, 0xF0, 0xA2 },  // 稷
    { 0x7A38, 0xB7, 0x56 },  // 稸
    { 0x7A39, 0xF0, 0xA1 },  // 稹
    { 0x7A3A, 0xB7, 0x57 },  // 稺
    { 0x7A3B, 0xB5, 0xBE },  // 稻
    { 0x7A3C, 0xBC, 0xDA },  // 稼
    { 0x7A3D, 0xBB, 0xFC },  // 稽
    { 0x7A3E, 0xB7, 0x58 },  // 稾
    { 0x7A3F, 0xB8, 0xE5 },  // 稿
    { 0x7A40, 0xB7, 0x59 },  // 穀
    { 0x7A41, 0xB7, 0x5A },  // 穁
    { 0x7A42, 0xB7, 0x5B },  // 穂
    { 0x7A43, 0xB7, 0x5C },  // 穃
    { 0x7A44, 0xB7, 0x5D },  // 穄
    { 0x7A45, 0xB7, 0x5E },  // 穅
    { 0x7A46, 0xC4, 0xC2 },  // 穆
    { 0x7A47, 0xB7, 0x5F },  // 穇
    { 0x7A48, 0xB7, 0x60 },  // 穈
    { 0x7A49, 0xB7, 0x61 },  // 穉
    { 0x7A4A, 0xB7, 0x62 },  // 穊
    { 0x7A4B, 0xB7, 0x63 },  // 穋
    { 0x7A4C, 0xB7, 0x64 },  // 穌
    { 0x7A4D, 0xB7, 0x65 },  // 積
    { 0x7A4E, 0xB7, 0x66 },  // 穎
    { 0x7A4F, 0xB7, 0x67 },  // 穏
    { 0x7A50, 0xB7, 0x68 },  // 穐
    { 0x7A51, 0xF0, 0xA3 },  // 穑
    { 0x7A52, 0xB7, 0x69 },  // 穒
    { 0x7A53, 0xB7, 0x6A },  // 穓
    { 0x7A54, 0xB7, 0x6B },  // 穔
    { 0x7A55, 0xB7, 0x6C },  // 穕
    { 0x7A56, 0xB7, 0x6D },  // 穖
    { 0x7A57, 0xCB, 0xEB },  // 穗
    { 0x7A58, 0xB7, 0x6E },  // 穘
    { 0x7A59, 0xB7, 0x6F },  // 穙
    { 0x7A5A, 0xB7, 0x70 },  // 穚
    { 0x7A5B, 0xB7, 0x71 },  // 穛
    { 0x7A5C, 0xB7, 0x72 },  // 穜
    { 0x7A5D, 0xB7, 0x73 },  // 穝
    { 0x7A5E, 0xB7, 0x74 },  // 穞
    { 0x7A5F, 0xB7, 0x75 },  // 穟
    { 0x7A60, 0xB7, 0x76 },  // 穠
    { 0x7A61, 0xB7, 0x77 },  // 穡
    { 0x7A62, 0xB7, 0x78 },  // 穢
    { 0x7A63, 0xB7, 0x79 },  // 穣
    { 0x7A64, 0xB7, 0x7A },  // 穤
    { 0x7A65, 0xB7, 0x7B },  // 穥
    { 0x7A66, 0xB7, 0x7C },  // 穦
    { 0x7A67, 0xB7, 0x7D },  // 穧
    { 0x7A68, 0xB7, 0x7E },  // 穨
    { 0x7A69, 0xB7, 0x80 },  // 穩
    { 0x7A6A, 0xB7, 0x81 },  // 穪
    { 0x7A6B, 0xB7, 0x82 },  // 穫
    { 0x7A6C, 0xB7, 0x83 },  // 穬
    { 0x7A6D, 0xB7, 0x84 },  // 穭
    { 0x7A6E, 0xB7, 0x85 },  // 穮
    { 0x7A6F, 0xB7, 0x86 },  // 穯
    { 0x7A70, 0xF0, 0xA6 },  // 穰
    { 0x7A71, 0xB7, 0x87 },  // 穱
    { 0x7A72, 0xB7, 0x88 },  // 穲
    { 0x7A73, 0xB7, 0x89 },  // 穳
    { 0x7A74, 0xD1, 0xA8 },  // 穴
    { 0x7A75, 0xB7, 0x8A },  // 穵
    { 0x7A76, 0xBE, 0xBF },  // 究
    { 0x7A77, 0xC7, 0xEE },  // 穷
    { 0x7A78, 0xF1, 0xB6 },  // 穸
    { 0x7A79, 0xF1, 0xB7 },  // 穹
    { 0x7A7A, 0xBF, 0xD5 },  // 空
    { 0x7A7B, 0xB7, 0x8B },  // 穻
    { 0x7A7C, 0xB7, 0x8C },  // 穼
    { 0x7A7D, 0xB7, 0x8D },  // 穽
    { 0x7A7E, 0xB7, 0x8E },  // 穾
    { 0x7A7F, 0xB4, 0xA9 },  // 穿
    { 0x7A80, 0xF1, 0xB8 },  // 窀
    { 0x7A81, 0xCD, 0xBB },  // 突
    { 0x7A82, 0xB7, 0x8F },  // 窂
    { 0x7A83, 0xC7, 0xD4 },  // 窃
    { 0x7A84, 0xD5, 0xAD },  // 窄
    { 0x7A85, 0xB7, 0x90 },  // 窅
    { 0x7A86, 0xF1, 0xB9 },  // 窆
    { 0x7A87, 0xB7, 0x91 },  // 窇
    { 0x7A88, 0xF1, 0xBA },  // 窈
    { 0x7A89, 0xB7, 0x92 },  // 窉
    { 0x7A8A, 0xB7, 0x93 },  // 窊
    { 0x7A8B, 0xB7, 0x94 },  // 窋
    { 0x7A8C, 0xB7, 0x95 },  // 窌
    { 0x7A8D, 0xC7, 0xCF },  // 窍
    { 0x7A8E, 0xB7, 0x96 },  // 窎
    { 0x7A8F, 0xB7, 0x97 },  // 窏
    { 0x7A90, 0xB7, 0x98 },  // 窐
    { 0x7A91, 0xD2, 0xA4 },  // 窑
    { 0x7A92, 0xD6, 0xCF },  // 窒
    { 0x7A93, 0xB7, 0x99 },  // 窓
    { 0x7A94, 0xB7, 0x9A },  // 窔
    { 0x7A95, 0xF1, 0xBB },  // 窕
    { 0x7A96, 0xBD, 0xD1 },  // 窖
    { 0x7A97, 0xB4, 0xB0 },  // 窗
    { 0x7A98, 0xBE, 0xBD },  // 窘
    { 0x7A99, 0xB7, 0x9B },  // 窙
    { 0x7A9A, 0xB7, 0x9C },  // 窚
    { 0x7A9B, 0xB7, 0x9D },  // 窛
    { 0x7A9C, 0xB4, 0xDC },  // 窜
    { 0x7A9D, 0xCE, 0xD1 },  // 窝
    { 0x7A9E, 0xB7, 0x9E },  // 窞
    { 0x7A9F, 0xBF, 0xDF },  // 窟
    { 0x7AA0, 0xF1, 0xBD },  // 窠
    { 0x7AA1, 0xB7, 0x9F },  // 窡
    { 0x7AA2, 0xB7, 0xA0 },  // 窢
    { 0x7AA3, 0xB8, 0x40 },  // 窣
    { 0x7AA4, 0xB8, 0x41 },  // 窤
    { 0x7AA5, 0xBF, 0xFA },  // 窥
    { 0x7AA6, 0xF1, 0xBC },  // 窦
    { 0x7AA7, 0xB8, 0x42 },  // 窧
    { 0x7AA8, 0xF1, 0xBF },  // 窨
    { 0x7AA9, 0xB8, 0x43 },  // 窩
    { 0x7AAA, 0xB8, 0x44 },  // 窪
    { 0x7AAB, 0xB8, 0x45 },  // 窫
    { 0x7AAC, 0xF1, 0xBE },  // 窬
    { 0x7AAD, 0xF1, 0xC0 },  // 窭
    { 0x7AAE, 0xB8, 0x46 },  // 窮
    { 0x7AAF, 0xB8, 0x47 },  // 窯
    { 0x7AB0, 0xB8, 0x48 },  // 窰
    { 0x7AB1, 0xB8, 0x49 },  // 窱
    { 0x7AB2, 0xB8, 0x4A },  // 窲
    { 0x7AB3, 0xF1, 0xC1 },  // 窳
    { 0x7AB4, 0xB8, 0x4B },  // 窴
    { 0x7AB5, 0xB8, 0x4C },  // 窵
    { 0x7AB6, 0xB8, 0x4D },  // 窶
    { 0x7AB7, 0xB8, 0x4E },  // 窷
    { 0x7AB8, 0xB8, 0x4F },  // 窸
    { 0x7AB9, 0xB8, 0x50 },  // 窹
    { 0x7ABA, 0xB8, 0x51 },  // 窺
    { 0x7ABB, 0xB8, 0x52 },  // 窻
    { 0x7ABC, 0xB8, 0x53 },  // 窼
    { 0x7ABD, 0xB8, 0x54 },  // 窽
    { 0x7ABE, 0xB8, 0x55 },  // 窾
    { 0x7ABF, 0xC1, 0xFE },  // 窿
    { 0x7AC0, 0xB8, 0x56 },  // 竀
    { 0x7AC1, 0xB8, 0x57 },  // 竁
    { 0x7AC2, 0xB8, 0x58 },  // 竂
    { 0x7AC3, 0xB8, 0x59 },  // 竃
    { 0x7AC4, 0xB8, 0x5A },  // 竄
    { 0x7AC5, 0xB8, 0x5B },  // 竅
    { 0x7AC6, 0xB8, 0x5C },  // 竆
    { 0x7AC7, 0xB8, 0x5D },  // 竇
    { 0x7AC8, 0xB8, 0x5E },  // 竈
    { 0x7AC9, 0xB8, 0x5F },  // 竉
    { 0x7ACA, 0xB8, 0x60 },  // 竊
    { 0x7ACB, 0xC1, 0xA2 },  // 立
    { 0x7ACC, 0xB8, 0x61 },  // 竌
    { 0x7ACD, 0xB8, 0x62 },  // 竍
    { 0x7ACE, 0xB8, 0x63 },  // 竎
    { 0x7ACF, 0xB8, 0x64 },  // 竏
    { 0x7AD0, 0xB8, 0x65 },  // 竐
    { 0x7AD1, 0xB8, 0x66 },  // 竑
    { 0x7AD2, 0xB8, 0x67 },  // 竒
    { 0x7AD3, 0xB8, 0x68 },  // 竓
    { 0x7AD4, 0xB8, 0x69 },  // 竔
    { 0x7AD5, 0xB8, 0x6A },  // 竕
    { 0x7AD6, 0xCA, 0xFA },  // 竖
    { 0x7AD7, 0xB8, 0x6B },  // 竗
    { 0x7AD8, 0xB8, 0x6C },  // 竘
    { 0x7AD9, 0xD5, 0xBE },  // 站
    { 0x7ADA, 0xB8, 0x6D },  // 竚
    { 0x7ADB, 0xB8, 0x6E },  // 竛
    { 0x7ADC, 0xB8, 0x6F },  // 竜
    { 0x7ADD, 0xB8, 0x70 },  // 竝
    { 0x7ADE, 0xBE, 0xBA },  // 竞
    { 0x7ADF, 0xBE, 0xB9 },  // 竟
    { 0x7AE0, 0xD5, 0xC2 },  // 章
    { 0x7AE1, 0xB8, 0x71 },  // 竡
    { 0x7AE2, 0xB8, 0x72 },  // 竢
    { 0x7AE3, 0xBF, 0xA2 },  // 竣
    { 0x7AE4, 0xB8, 0x73 },  // 竤
    { 0x7AE5, 0xCD, 0xAF },  // 童
    { 0x7AE6, 0xF1, 0xB5 },  // 竦
    { 0x7AE7, 0xB8, 0x74 },  // 竧
    { 0x7AE8, 0xB8, 0x75 },  // 竨
    { 0x7AE9, 0xB8, 0x76 },  // 竩
    { 0x7AEA, 0xB8, 0x77 },  // 竪
    { 0x7AEB, 0xB8, 0x78 },  // 竫
    { 0x7AEC, 0xB8, 0x79 },  // 竬
    { 0x7AED, 0xBD, 0xDF },  // 竭
    { 0x7AEE, 0xB8, 0x7A },  // 竮
    { 0x7AEF, 0xB6, 0xCB },  // 端
    { 0x7AF0, 0xB8, 0x7B },  // 竰
    { 0x7AF1, 0xB8, 0x7C },  // 竱
    { 0x7AF2, 0xB8, 0x7D },  // 竲
    { 0x7AF3, 0xB8, 0x7E },  // 竳
    { 0x7AF4, 0xB8, 0x80 },  // 竴
    { 0x7AF5, 0xB8, 0x81 },  // 竵
    { 0x7AF6, 0xB8, 0x82 },  // 競
    { 0x7AF7, 0xB8, 0x83 },  // 竷
    { 0x7AF8, 0xB8, 0x84 },  // 竸
    { 0x7AF9, 0xD6, 0xF1 },  // 竹
    { 0x7AFA, 0xF3, 0xC3 },  // 竺
    { 0x7AFB, 0xB8, 0x85 },  // 竻
    { 0x7AFC, 0xB8, 0x86 },  // 竼
    { 0x7AFD, 0xF3, 0xC4 },  // 竽
    { 0x7AFE, 0xB8, 0x87 },  // 竾
    { 0x7AFF, 0xB8, 0xCD },  // 竿
    { 0x7B00, 0xB8, 0x88 },  // 笀
    { 0x7B01, 0xB8, 0x89 },  // 笁
    { 0x7B02, 0xB8, 0x8A },  // 笂
    { 0x7B03, 0xF3, 0xC6 },  // 笃
    { 0x7B04, 0xF3, 0xC7 },  // 笄
    { 0x7B05, 0xB8, 0x8B },  // 笅
    { 0x7B06, 0xB0, 0xCA },  // 笆
    { 0x7B07, 0xB8, 0x8C },  // 笇
    { 0x7B08, 0xF3, 0xC5 },  // 笈
    { 0x7B09, 0xB8, 0x8D },  // 笉
    { 0x7B0A, 0xF3, 0xC9 },  // 笊
    { 0x7B0B, 0xCB, 0xF1 },  // 笋
    { 0x7B0C, 0xB8, 0x8E },  // 笌
    { 0x7B0D, 0xB8, 0x8F },  // 笍
    { 0x7B0E, 0xB8, 0x90 },  // 笎
    { 0x7B0F, 0xF3, 0xCB },  // 笏
    { 0x7B10, 0xB8, 0x91 },  // 笐
    { 0x7B11, 0xD0, 0xA6 },  // 笑
    { 0x7B12, 0xB8, 0x92 },  // 笒
    { 0x7B13, 0xB8, 0x93 },  // 笓
    { 0x7B14, 0xB1, 0xCA },  // 笔
    { 0x7B15, 0xF3, 0xC8 },  // 笕
    { 0x7B16, 0xB8, 0x94 },  // 笖
    { 0x7B17, 0xB8, 0x95 },  // 笗
    { 0x7B18, 0xB8, 0x96 },  // 笘
    { 0x7B19, 0xF3, 0xCF },  // 笙
    { 0x7B1A, 0xB8, 0x97 },  // 笚
    { 0x7B1B, 0xB5, 0xD1 },  // 笛
    { 0x7B1C, 0xB8, 0x98 },  // 笜
    { 0x7B1D, 0xB8, 0x99 },  // 笝
    { 0x7B1E, 0xF3, 0xD7 },  // 笞
    { 0x7B1F, 0xB8, 0x9A },  // 笟
    { 0x7B20, 0xF3, 0xD2 },  // 笠
    { 0x7B21, 0xB8, 0x9B },  // 笡
    { 0x7B22, 0xB8, 0x9C },  // 笢
    { 0x7B23, 0xB8, 0x9D },  // 笣
    { 0x7B24, 0xF3, 0xD4 },  // 笤
    { 0x7B25, 0xF3, 0xD3 },  // 笥
    { 0x7B26, 0xB7, 0xFB },  // 符
    { 0x7B27, 0xB8, 0x9E },  // 笧
    { 0x7B28, 0xB1, 0xBF },  // 笨
    { 0x7B29, 0xB8, 0x9F },  // 笩
    { 0x7B2A, 0xF3, 0xCE },  // 笪
    { 0x7B2B, 0xF3, 0xCA },  // 笫
    { 0x7B2C, 0xB5, 0xDA },  // 第
    { 0x7B2D, 0xB8, 0xA0 },  // 笭
    { 0x7B2E, 0xF3, 0xD0 },  // 笮
    { 0x7B2F, 0xB9, 0x40 },  // 笯
    { 0x7B30, 0xB9, 0x41 },  // 笰
    { 0x7B31, 0xF3, 0xD1 },  // 笱
    { 0x7B32, 0xB9, 0x42 },  // 笲
    { 0x7B33, 0xF3, 0xD5 },  // 笳
    { 0x7B34, 0xB9, 0x43 },  // 笴
    { 0x7B35, 0xB9, 0x44 },  // 笵
    { 0x7B36, 0xB9, 0x45 },  // 笶
    { 0x7B37, 0xB9, 0x46 },  // 笷
    { 0x7B38, 0xF3, 0xCD },  // 笸
    { 0x7B39, 0xB9, 0x47 },  // 笹
    { 0x7B3A, 0xBC, 0xE3 },  // 笺
    { 0x7B3B, 0xB9, 0x48 },  // 笻
    { 0x7B3C, 0xC1, 0xFD },  // 笼
    { 0x7B3D, 0xB9, 0x49 },  // 笽
    { 0x7B3E, 0xF3, 0xD6 },  // 笾
    { 0x7B3F, 0xB9, 0x4A },  // 笿
    { 0x7B40, 0xB9, 0x4B },  // 筀
    { 0x7B41, 0xB9, 0x4C },  // 筁
    { 0x7B42, 0xB9, 0x4D },  // 筂
    { 0x7B43, 0xB9, 0x4E },  // 筃
    { 0x7B44, 0xB9, 0x4F },  // 筄
    { 0x7B45, 0xF3, 0xDA },  // 筅
    { 0x7B46, 0xB9, 0x50 },  // 筆
    { 0x7B47, 0xF3, 0xCC },  // 筇
    { 0x7B48, 0xB9, 0x51 },  // 筈
    { 0x7B49, 0xB5, 0xC8 },  // 等
    { 0x7B4A, 0xB9, 0x52 },  // 筊
    { 0x7B4B, 0xBD, 0xEE },  // 筋
    { 0x7B4C, 0xF3, 0xDC },  // 筌
    { 0x7B4D, 0xB9, 0x53 },  // 筍
    { 0x7B4E, 0xB9, 0x54 },  // 筎
    { 0x7B4F, 0xB7, 0xA4 },  // 筏
    { 0x7B50, 0xBF, 0xF0 },  // 筐
    { 0x7B51, 0xD6, 0xFE },  // 筑
    { 0x7B52, 0xCD, 0xB2 },  // 筒
    { 0x7B53, 0xB9, 0x55 },  // 筓
    { 0x7B54, 0xB4, 0xF0 },  // 答
    { 0x7B55, 0xB9, 0x56 },  // 筕
    { 0x7B56, 0xB2, 0xDF },  // 策
    { 0x7B57, 0xB9, 0x57 },  // 筗
    { 0x7B58, 0xF3, 0xD8 },  // 筘
    { 0x7B59, 0xB9, 0x58 },  // 筙
    { 0x7B5A, 0xF3, 0xD9 },  // 筚
    { 0x7B5B, 0xC9, 0xB8 },  // 筛
    { 0x7B5C, 0xB9, 0x59 },  // 筜
    { 0x7B5D, 0xF3, 0xDD },  // 筝
    { 0x7B5E, 0xB9, 0x5A },  // 筞
    { 0x7B5F, 0xB9, 0x5B },  // 筟
    { 0x7B60, 0xF3, 0xDE },  // 筠
    { 0x7B61, 0xB9, 0x5C },  // 筡
    { 0x7B62, 0xF3, 0xE1 },  // 筢
    { 0x7B63, 0xB9, 0x5D },  // 筣
    { 0x7B64, 0xB9, 0x5E },  // 筤
    { 0x7B65, 0xB9, 0x5F },  // 筥
    { 0x7B66, 0xB9, 0x60 },  // 筦
    { 0x7B67, 0xB9, 0x61 },  // 筧
    { 0x7B68, 0xB9, 0x62 },  // 筨
    { 0x7B69, 0xB9, 0x63 },  // 筩
    { 0x7B6A, 0xB9, 0x64 },  // 筪
    { 0x7B6B, 0xB9, 0x65 },  // 筫
    { 0x7B6C, 0xB9, 0x66 },  // 筬
    { 0x7B6D, 0xB9, 0x67 },  // 筭
    { 0x7B6E, 0xF3, 0xDF },  // 筮
    { 0x7B6F, 0xB9, 0x68 },  // 筯
    { 0x7B70, 0xB9, 0x69 },  // 筰
    { 0x7B71, 0xF3, 0xE3 },  // 筱
    { 0x7B72, 0xF3, 0xE2 },  // 筲
    { 0x7B73, 0xB9, 0x6A },  // 筳
    { 0x7B74, 0xB9, 0x6B },  // 筴
    { 0x7B75, 0xF3, 0xDB },  // 筵
    { 0x7B76, 0xB9, 0x6C },  // 筶
    { 0x7B77, 0xBF, 0xEA },  // 筷
    { 0x7B78, 0xB9, 0x6D },  // 筸
    { 0x7B79, 0xB3, 0xEF },  // 筹
    { 0x7B7A, 0xB9, 0x6E },  // 筺
    { 0x7B7B, 0xF3, 0xE0 },  // 筻
    { 0x7B7C, 0xB9, 0x6F },  // 筼
    { 0x7B7D, 0xB9, 0x70 },  // 筽
    { 0x7B7E, 0xC7, 0xA9 },  // 签
    { 0x7B7F, 0xB9, 0x71 },  // 筿
    { 0x7B80, 0xBC, 0xF2 },  // 简
    { 0x7B81, 0xB9, 0x72 },  // 箁
    { 0x7B82, 0xB9, 0x73 },  // 箂
    { 0x7B83, 0xB9, 0x74 },  // 箃
    { 0x7B84, 0xB9, 0x75 },  // 箄
    { 0x7B85, 0xF3, 0xEB },  // 箅
    { 0x7B86, 0xB9, 0x76 },  // 箆
    { 0x7B87, 0xB9, 0x77 },  // 箇
    { 0x7B88, 0xB9, 0x78 },  // 箈
    { 0x7B89, 0xB9, 0x79 },  // 箉
    { 0x7B8A, 0xB9, 0x7A },  // 箊
    { 0x7B8B, 0xB9, 0x7B },  // 箋
    { 0x7B8C, 0xB9, 0x7C },  // 箌
    { 0x7B8D, 0xB9, 0xBF },  // 箍
    { 0x7B8E, 0xB9, 0x7D },  // 箎
    { 0x7B8F, 0xB9, 0x7E },  // 箏
    { 0x7B90, 0xF3, 0xE4 },  // 箐
    { 0x7B91, 0xB9, 0x80 },  // 箑
    { 0x7B92, 0xB9, 0x81 },  // 箒
    { 0x7B93, 0xB9, 0x82 },  // 箓
    { 0x7B94, 0xB2, 0xAD },  // 箔
    { 0x7B95, 0xBB, 0xFE },  // 箕
    { 0x7B96, 0xB9, 0x83 },  // 箖
    { 0x7B97, 0xCB, 0xE3 },  // 算
    { 0x7B98, 0xB9, 0x84 },  // 箘
    { 0x7B99, 0xB9, 0x85 },  // 箙
    { 0x7B9A, 0xB9, 0x86 },  // 箚
    { 0x7B9B, 0xB9, 0x87 },  // 箛
    { 0x7B9C, 0xF3, 0xED },  // 箜
    { 0x7B9D, 0xF3, 0xE9 },  // 箝
    { 0x7B9E, 0xB9, 0x88 },  // 箞
    { 0x7B9F, 0xB9, 0x89 },  // 箟
    { 0x7BA0, 0xB9, 0x8A },  // 箠
    { 0x7BA1, 0xB9, 0xDC },  // 管
    { 0x7BA2, 0xF3, 0xEE },  // 箢
    { 0x7BA3, 0xB9, 0x8B },  // 箣
    { 0x7BA4, 0xB9, 0x8C },  // 箤
    { 0x7BA5, 0xB9, 0x8D },  // 箥
    { 0x7BA6, 0xF3, 0xE5 },  // 箦
    { 0x7BA7, 0xF3, 0xE6 },  // 箧
    { 0x7BA8, 0xF3, 0xEA },  // 箨
    { 0x7BA9, 0xC2, 0xE1 },  // 箩
    { 0x7BAA, 0xF3, 0xEC },  // 箪
    { 0x7BAB, 0xF3, 0xEF },  // 箫
    { 0x7BAC, 0xF3, 0xE8 },  // 箬
    { 0x7BAD, 0xBC, 0xFD },  // 箭
    { 0x7BAE, 0xB9, 0x8E },  // 箮
    { 0x7BAF, 0xB9, 0x8F },  // 箯
    { 0x7BB0, 0xB9, 0x90 },  // 箰
    { 0x7BB1, 0xCF, 0xE4 },  // 箱
    { 0x7BB2, 0xB9, 0x91 },  // 箲
    { 0x7BB3, 0xB9, 0x92 },  // 箳
    { 0x7BB4, 0xF3, 0xF0 },  // 箴
    { 0x7BB5, 0xB9, 0x93 },  // 箵
    { 0x7BB6, 0xB9, 0x94 },  // 箶
    { 0x7BB7, 0xB9, 0x95 },  // 箷
    { 0x7BB8, 0xF3, 0xE7 },  // 箸
    { 0x7BB9, 0xB9, 0x96 },  // 箹
    { 0x7BBA, 0xB9, 0x97 },  // 箺
    { 0x7BBB, 0xB9, 0x98 },  // 箻
    { 0x7BBC, 0xB9, 0x99 },  // 箼
    { 0x7BBD, 0xB9, 0x9A },  // 箽
    { 0x7BBE, 0xB9, 0x9B },  // 箾
    { 0x7BBF, 0xB9, 0x9C },  // 箿
    { 0x7BC0, 0xB9, 0x9D },  // 節
    { 0x7BC1, 0xF3, 0xF2 },  // 篁
    { 0x7BC2, 0xB9, 0x9E },  // 篂
    { 0x7BC3, 0xB9, 0x9F },  // 篃
    { 0x7BC4, 0xB9, 0xA0 },  // 範
    { 0x7BC5, 0xBA, 0x40 },  // 篅
    { 0x7BC6, 0xD7, 0xAD },  // 篆
    { 0x7BC7, 0xC6, 0xAA },  // 篇
    { 0x7BC8, 0xBA, 0x41 },  // 篈
    { 0x7BC9, 0xBA, 0x42 },  // 築
    { 0x7BCA, 0xBA, 0x43 },  // 篊
    { 0x7BCB, 0xBA, 0x44 },  // 篋
    { 0x7BCC, 0xF3, 0xF3 },  // 篌
    { 0x7BCD, 0xBA, 0x45 },  // 篍
    { 0x7BCE, 0xBA, 0x46 },  // 篎
    { 0x7BCF, 0xBA, 0x47 },  // 篏
    { 0x7BD0, 0xBA, 0x48 },  // 篐
    { 0x7BD1, 0xF3, 0xF1 },  // 篑
    { 0x7BD2, 0xBA, 0x49 },  // 篒
    { 0x7BD3, 0xC2, 0xA8 },  // 篓
    { 0x7BD4, 0xBA, 0x4A },  // 篔
    { 0x7BD5, 0xBA, 0x4B },  // 篕
    { 0x7BD6, 0xBA, 0x4C },  // 篖
    { 0x7BD7, 0xBA, 0x4D },  // 篗
    { 0x7BD8, 0xBA, 0x4E },  // 篘
    { 0x7BD9, 0xB8, 0xDD },  // 篙
    { 0x7BDA, 0xF3, 0xF5 },  // 篚
    { 0x7BDB, 0xBA, 0x4F },  // 篛
    { 0x7BDC, 0xBA, 0x50 },  // 篜
    { 0x7BDD, 0xF3, 0xF4 },  // 篝
    { 0x7BDE, 0xBA, 0x51 },  // 篞
    { 0x7BDF, 0xBA, 0x52 },  // 篟
    { 0x7BE0, 0xBA, 0x53 },  // 篠
    { 0x7BE1, 0xB4, 0xDB },  // 篡
    { 0x7BE2, 0xBA, 0x54 },  // 篢
    { 0x7BE3, 0xBA, 0x55 },  // 篣
    { 0x7BE4, 0xBA, 0x56 },  // 篤
    { 0x7BE5, 0xF3, 0xF6 },  // 篥
    { 0x7BE6, 0xF3, 0xF7 },  // 篦
    { 0x7BE7, 0xBA, 0x57 },  // 篧
    { 0x7BE8, 0xBA, 0x58 },  // 篨
    { 0x7BE9, 0xBA, 0x59 },  // 篩
    { 0x7BEA, 0xF3, 0xF8 },  // 篪
    { 0x7BEB, 0xBA, 0x5A },  // 篫
    { 0x7BEC, 0xBA, 0x5B },  // 篬
    { 0x7BED, 0xBA, 0x5C },  // 篭
    { 0x7BEE, 0xC0, 0xBA },  // 篮
    { 0x7BEF, 0xBA, 0x5D },  // 篯
    { 0x7BF0, 0xBA, 0x5E },  // 篰
    { 0x7BF1, 0xC0, 0xE9 },  // 篱
    { 0x7BF2, 0xBA, 0x5F },  // 篲
    { 0x7BF3, 0xBA, 0x60 },  // 篳
    { 0x7BF4, 0xBA, 0x61 },  // 篴
    { 0x7BF5, 0xBA, 0x62 },  // 篵
    { 0x7BF6, 0xBA, 0x63 },  // 篶
    { 0x7BF7, 0xC5, 0xF1 },  // 篷
    { 0x7BF8, 0xBA, 0x64 },  // 篸
    { 0x7BF9, 0xBA, 0x65 },  // 篹
    { 0x7BFA, 0xBA, 0x66 },  // 篺
    { 0x7BFB, 0xBA, 0x67 },  // 篻
    { 0x7BFC, 0xF3, 0xFB },  // 篼
    { 0x7BFD, 0xBA, 0x68 },  // 篽
    { 0x7BFE, 0xF3, 0xFA },  // 篾
    { 0x7BFF, 0xBA, 0x69 },  // 篿
    { 0x7C00, 0xBA, 0x6A },  // 簀
    { 0x7C01, 0xBA, 0x6B },  // 簁
    { 0x7C02, 0xBA, 0x6C },  // 簂
    { 0x7C03, 0xBA, 0x6D },  // 簃
    { 0x7C04, 0xBA, 0x6E },  // 簄
    { 0x7C05, 0xBA, 0x6F },  // 簅
    { 0x7C06, 0xBA, 0x70 },  // 簆
    { 0x7C07, 0xB4, 0xD8 },  // 簇
    { 0x7C08, 0xBA, 0x71 },  // 簈
    { 0x7C09, 0xBA, 0x72 },  // 簉
    { 0x7C0A, 0xBA, 0x73 },  // 簊
    { 0x7C0B, 0xF3, 0xFE },  // 簋
    { 0x7C0C, 0xF3, 0xF9 },  // 簌
    { 0x7C0D, 0xBA, 0x74 },  // 簍
    { 0x7C0E, 0xBA, 0x75 },  // 簎
    { 0x7C0F, 0xF3, 0xFC },  // 簏
    { 0x7C10, 0xBA, 0x76 },  // 簐
    { 0x7C11, 0xBA, 0x77 },  // 簑
    { 0x7C12, 0xBA, 0x78 },  // 簒
    { 0x7C13, 0xBA, 0x79 },  // 簓
    { 0x7C14, 0xBA, 0x7A },  // 簔
    { 0x7C15, 0xBA, 0x7B },  // 簕
    { 0x7C16, 0xF3, 0xFD },  // 簖
    { 0x7C17, 0xBA, 0x7C },  // 簗
    { 0x7C18, 0xBA, 0x7D },  // 簘
    { 0x7C19, 0xBA, 0x7E },  // 簙
    { 0x7C1A, 0xBA, 0x80 },  // 簚
    { 0x7C1B, 0xBA, 0x81 },  // 簛
    { 0x7C1C, 0xBA, 0x82 },  // 簜
    { 0x7C1D, 0xBA, 0x83 },  // 簝
    { 0x7C1E, 0xBA, 0x84 },  // 簞
    { 0x7C1F, 0xF4, 0xA1 },  // 簟
    { 0x7C20, 0xBA, 0x85 },  // 簠
    { 0x7C21, 0xBA, 0x86 },  // 簡
    { 0x7C22, 0xBA, 0x87 },  // 簢
    { 0x7C23, 0xBA, 0x88 },  // 簣
    { 0x7C24, 0xBA, 0x89 },  // 簤
    { 0x7C25, 0xBA, 0x8A },  // 簥
    { 0x7C26, 0xF4, 0xA3 },  // 簦
    { 0x7C27, 0xBB, 0xC9 },  // 簧
    { 0x7C28, 0xBA, 0x8B },  // 簨
    { 0x7C29, 0xBA, 0x8C },  // 簩
    { 0x7C2A, 0xF4, 0xA2 },  // 簪
    { 0x7C2B, 0xBA, 0x8D },  // 簫
    { 0x7C2C, 0xBA, 0x8E },  // 簬
    { 0x7C2D, 0xBA, 0x8F },  // 簭
    { 0x7C2E, 0xBA, 0x90 },  // 簮
    { 0x7C2F, 0xBA, 0x91 },  // 簯
    { 0x7C30, 0xBA, 0x92 },  // 簰
    { 0x7C31, 0xBA, 0x93 },  // 簱
    { 0x7C32, 0xBA, 0x94 },  // 簲
    { 0x7C33, 0xBA, 0x95 },  // 簳
    { 0x7C34, 0xBA, 0x96 },  // 簴
    { 0x7C35, 0xBA, 0x97 },  // 簵
    { 0x7C36, 0xBA, 0x98 },  // 簶
    { 0x7C37, 0xBA, 0x99 },  // 簷
    { 0x7C38, 0xF4, 0xA4 },  // 簸
    { 0x7C39, 0xBA, 0x9A },  // 簹
    { 0x7C3A, 0xBA, 0x9B },  // 簺
    { 0x7C3B, 0xBA, 0x9C },  // 簻
    { 0x7C3C, 0xBA, 0x9D },  // 簼
    { 0x7C3D, 0xBA, 0x9E },  // 簽
    { 0x7C3E, 0xBA, 0x9F },  // 簾
    { 0x7C3F, 0xB2, 0xBE },  // 簿
    { 0x7C40, 0xF4, 0xA6 },  // 籀
    { 0x7C41, 0xF4, 0xA5 },  // 籁
    { 0x7C42, 0xBA, 0xA0 },  // 籂
    { 0x7C43, 0xBB, 0x40 },  // 籃
    { 0x7C44, 0xBB, 0x41 },  // 籄
    { 0x7C45, 0xBB, 0x42 },  // 籅
    { 0x7C46, 0xBB, 0x43 },  // 籆
    { 0x7C47, 0xBB, 0x44 },  // 籇
    { 0x7C48, 0xBB, 0x45 },  // 籈
    { 0x7C49, 0xBB, 0x46 },  // 籉
    { 0x7C4A, 0xBB, 0x47 },  // 籊
    { 0x7C4B, 0xBB, 0x48 },  // 籋
    { 0x7C4C, 0xBB, 0x49 },  // 籌
    { 0x7C4D, 0xBC, 0xAE },  // 籍
    { 0x7C4E, 0xBB, 0x4A },  // 籎
    { 0x7C4F, 0xBB, 0x4B },  // 籏
    { 0x7C50, 0xBB, 0x4C },  // 籐
    { 0x7C51, 0xBB, 0x4D },  // 籑
    { 0x7C52, 0xBB, 0x4E },  // 籒
    { 0x7C53, 0xBB, 0x4F },  // 籓
    { 0x7C54, 0xBB, 0x50 },  // 籔
    { 0x7C55, 0xBB, 0x51 },  // 籕
    { 0x7C56, 0xBB, 0x52 },  // 籖
    { 0x7C57, 0xBB, 0x53 },  // 籗
    { 0x7C58, 0xBB, 0x54 },  // 籘
    { 0x7C59, 0xBB, 0x55 },  // 籙
    { 0x7C5A, 0xBB, 0x56 },  // 籚
    { 0x7C5B, 0xBB, 0x57 },  // 籛
    { 0x7C5C, 0xBB, 0x58 },  // 籜
    { 0x7C5D, 0xBB, 0x59 },  // 籝
    { 0x7C5E, 0xBB, 0x5A },  // 籞
    { 0x7C5F, 0xBB, 0x5B },  // 籟
    { 0x7C60, 0xBB, 0x5C },  // 籠
    { 0x7C61, 0xBB, 0x5D },  // 籡
    { 0x7C62, 0xBB, 0x5E },  // 籢
    { 0x7C63, 0xBB, 0x5F },  // 籣
    { 0x7C64, 0xBB, 0x60 },  // 籤
    { 0x7C65, 0xBB, 0x61 },  // 籥
    { 0x7C66, 0xBB, 0x62 },  // 籦
    { 0x7C67, 0xBB, 0x63 },  // 籧
    { 0x7C68, 0xBB, 0x64 },  // 籨
    { 0x7C69, 0xBB, 0x65 },  // 籩
    { 0x7C6A, 0xBB, 0x66 },  // 籪
    { 0x7C6B, 0xBB, 0x67 },  // 籫
    { 0x7C6C, 0xBB, 0x68 },  // 籬
    { 0x7C6D, 0xBB, 0x69 },  // 籭
    { 0x7C6E, 0xBB, 0x6A },  // 籮
    { 0x7C6F, 0xBB, 0x6B },  // 籯
    { 0x7C70, 0xBB, 0x6C },  // 籰
    { 0x7C71, 0xBB, 0x6D },  // 籱
    { 0x7C72, 0xBB, 0x6E },  // 籲
    { 0x7C73, 0xC3, 0xD7 },  // 米
    { 0x7C74, 0xD9, 0xE1 },  // 籴
    { 0x7C75, 0xBB, 0x6F },  // 籵
    { 0x7C76, 0xBB, 0x70 },  // 籶
    { 0x7C77, 0xBB, 0x71 },  // 籷
    { 0x7C78, 0xBB, 0x72 },  // 籸
    { 0x7C79, 0xBB, 0x73 },  // 籹
    { 0x7C7A, 0xBB, 0x74 },  // 籺
    { 0x7C7B, 0xC0, 0xE0 },  // 类
    { 0x7C7C, 0xF4, 0xCC },  // 籼
    { 0x7C7D, 0xD7, 0xD1 },  // 籽
    { 0x7C7E, 0xBB, 0x75 },  // 籾
    { 0x7C7F, 0xBB, 0x76 },  // 籿
    { 0x7C80, 0xBB, 0x77 },  // 粀
    { 0x7C81, 0xBB, 0x78 },  // 粁
    { 0x7C82, 0xBB, 0x79 },  // 粂
    { 0x7C83, 0xBB, 0x7A },  // 粃
    { 0x7C84, 0xBB, 0x7B },  // 粄
    { 0x7C85, 0xBB, 0x7C },  // 粅
    { 0x7C86, 0xBB, 0x7D },  // 粆
    { 0x7C87, 0xBB, 0x7E },  // 粇
    { 0x7C88, 0xBB, 0x80 },  // 粈
    { 0x7C89, 0xB7, 0xDB },  // 粉
    { 0x7C8A, 0xBB, 0x81 },  // 粊
    { 0x7C8B, 0xBB, 0x82 },  // 粋
    { 0x7C8C, 0xBB, 0x83 },  // 粌
    { 0x7C8D, 0xBB, 0x84 },  // 粍
    { 0x7C8E, 0xBB, 0x85 },  // 粎
    { 0x7C8F, 0xBB, 0x86 },  // 粏
    { 0x7C90, 0xBB, 0x87 },  // 粐
    { 0x7C91, 0xF4, 0xCE },  // 粑
    { 0x7C92, 0xC1, 0xA3 },  // 粒
    { 0x7C93, 0xBB, 0x88 },  // 粓
    { 0x7C94, 0xBB, 0x89 },  // 粔
    { 0x7C95, 0xC6, 0xC9 },  // 粕
    { 0x7C96, 0xBB, 0x8A },  // 粖
    { 0x7C97, 0xB4, 0xD6 },  // 粗
    { 0x7C98, 0xD5, 0xB3 },  // 粘
    { 0x7C99, 0xBB, 0x8B },  // 粙
    { 0x7C9A, 0xBB, 0x8C },  // 粚
    { 0x7C9B, 0xBB, 0x8D },  // 粛
    { 0x7C9C, 0xF4, 0xD0 },  // 粜
    { 0x7C9D, 0xF4, 0xCF },  // 粝
    { 0x7C9E, 0xF4, 0xD1 },  // 粞
    { 0x7C9F, 0xCB, 0xDA },  // 粟
    { 0x7CA0, 0xBB, 0x8E },  // 粠
    { 0x7CA1, 0xBB, 0x8F },  // 粡
    { 0x7CA2, 0xF4, 0xD2 },  // 粢
    { 0x7CA3, 0xBB, 0x90 },  // 粣
    { 0x7CA4, 0xD4, 0xC1 },  // 粤
    { 0x7CA5, 0xD6, 0xE0 },  // 粥
    { 0x7CA6, 0xBB, 0x91 },  // 粦
    { 0x7CA7, 0xBB, 0x92 },  // 粧
    { 0x7CA8, 0xBB, 0x93 },  // 粨
    { 0x7CA9, 0xBB, 0x94 },  // 粩
    { 0x7CAA, 0xB7, 0xE0 },  // 粪
    { 0x7CAB, 0xBB, 0x95 },  // 粫
    { 0x7CAC, 0xBB, 0x96 },  // 粬
    { 0x7CAD, 0xBB, 0x97 },  // 粭
    { 0x7CAE, 0xC1, 0xB8 },  // 粮
    { 0x7CAF, 0xBB, 0x98 },  // 粯
    { 0x7CB0, 0xBB, 0x99 },  // 粰
    { 0x7CB1, 0xC1, 0xBB },  // 粱
    { 0x7CB2, 0xF4, 0xD3 },  // 粲
    { 0x7CB3, 0xBE, 0xAC },  // 粳
    { 0x7CB4, 0xBB, 0x9A },  // 粴
    { 0x7CB5, 0xBB, 0x9B },  // 粵
    { 0x7CB6, 0xBB, 0x9C },  // 粶
    { 0x7CB7, 0xBB, 0x9D },  // 粷
    { 0x7CB8, 0xBB, 0x9E },  // 粸
    { 0x7CB9, 0xB4, 0xE2 },  // 粹
    { 0x7CBA, 0xBB, 0x9F },  // 粺
    { 0x7CBB, 0xBB, 0xA0 },  // 粻
    { 0x7CBC, 0xF4, 0xD4 },  // 粼
    { 0x7CBD, 0xF4, 0xD5 },  // 粽
    { 0x7CBE, 0xBE, 0xAB },  // 精
    { 0x7CBF, 0xBC, 0x40 },  // 粿
    { 0x7CC0, 0xBC, 0x41 },  // 糀
    { 0x7CC1, 0xF4, 0xD6 },  // 糁
    { 0x7CC2, 0xBC, 0x42 },  // 糂
    { 0x7CC3, 0xBC, 0x43 },  // 糃
    { 0x7CC4, 0xBC, 0x44 },  // 糄
    { 0x7CC5, 0xF4, 0xDB },  // 糅
    { 0x7CC6, 0xBC, 0x45 },  // 糆
    { 0x7CC7, 0xF4, 0xD7 },  // 糇
    { 0x7CC8, 0xF4, 0xDA },  // 糈
    { 0x7CC9, 0xBC, 0x46 },  // 糉
    { 0x7CCA, 0xBA, 0xFD },  // 糊
    { 0x7CCB, 0xBC, 0x47 },  // 糋
    { 0x7CCC, 0xF4, 0xD8 },  // 糌
    { 0x7CCD, 0xF4, 0xD9 },  // 糍
    { 0x7CCE, 0xBC, 0x48 },  // 糎
    { 0x7CCF, 0xBC, 0x49 },  // 糏
    { 0x7CD0, 0xBC, 0x4A },  // 糐
    { 0x7CD1, 0xBC, 0x4B },  // 糑
    { 0x7CD2, 0xBC, 0x4C },  // 糒
    { 0x7CD3, 0xBC, 0x4D },  // 糓
    { 0x7CD4, 0xBC, 0x4E },  // 糔
    { 0x7CD5, 0xB8, 0xE2 },  // 糕
    { 0x7CD6, 0xCC, 0xC7 },  // 糖
    { 0x7CD7, 0xF4, 0xDC },  // 糗
    { 0x7CD8, 0xBC, 0x4F },  // 糘
    { 0x7CD9, 0xB2, 0xDA },  // 糙
    { 0x7CDA, 0xBC, 0x50 },  // 糚
    { 0x7CDB, 0xBC, 0x51 },  // 糛
    { 0x7CDC, 0xC3, 0xD3 },  // 糜
    { 0x7CDD, 0xBC, 0x52 },  // 糝
    { 0x7CDE, 0xBC, 0x53 },  // 糞
    { 0x7CDF, 0xD4, 0xE3 },  // 糟
    { 0x7CE0, 0xBF, 0xB7 },  // 糠
    { 0x7CE1, 0xBC, 0x54 },  // 糡
    { 0x7CE2, 0xBC, 0x55 },  // 糢
    { 0x7CE3, 0xBC, 0x56 },  // 糣
    { 0x7CE4, 0xBC, 0x57 },  // 糤
    { 0x7CE5, 0xBC, 0x58 },  // 糥
    { 0x7CE6, 0xBC, 0x59 },  // 糦
    { 0x7CE7, 0xBC, 0x5A },  // 糧
    { 0x7CE8, 0xF4, 0xDD },  // 糨
    { 0x7CE9, 0xBC, 0x5B },  // 糩
    { 0x7CEA, 0xBC, 0x5C },  // 糪
    { 0x7CEB, 0xBC, 0x5D },  // 糫
    { 0x7CEC, 0xBC, 0x5E },  // 糬
    { 0x7CED, 0xBC, 0x5F },  // 糭
    { 0x7CEE, 0xBC, 0x60 },  // 糮
    { 0x7CEF, 0xC5, 0xB4 },  // 糯
    { 0x7CF0, 0xBC, 0x61 },  // 糰
    { 0x7CF1, 0xBC, 0x62 },  // 糱
    { 0x7CF2, 0xBC, 0x63 },  // 糲
    { 0x7CF3, 0xBC, 0x64 },  // 糳
    { 0x7CF4, 0xBC, 0x65 },  // 糴
    { 0x7CF5, 0xBC, 0x66 },  // 糵
    { 0x7CF6, 0xBC, 0x67 },  // 糶
    { 0x7CF7, 0xBC, 0x68 },  // 糷
    { 0x7CF8, 0xF4, 0xE9 },  // 糸
    { 0x7CF9, 0xBC, 0x69 },  // 糹
    { 0x7CFA, 0xBC, 0x6A },  // 糺
    { 0x7CFB, 0xCF, 0xB5 },  // 系
    { 0x7CFC, 0xBC, 0x6B },  // 糼
    { 0x7CFD, 0xBC, 0x6C },  // 糽
    { 0x7CFE, 0xBC, 0x6D },  // 糾
    { 0x7CFF, 0xBC, 0x6E },  // 糿
    { 0x7D00, 0xBC, 0x6F },  // 紀
    { 0x7D01, 0xBC, 0x70 },  // 紁
    { 0x7D02, 0xBC, 0x71 },  // 紂
    { 0x7D03, 0xBC, 0x72 },  // 紃
    { 0x7D04, 0xBC, 0x73 },  // 約
    { 0x7D05, 0xBC, 0x74 },  // 紅
    { 0x7D06, 0xBC, 0x75 },  // 紆
    { 0x7D07, 0xBC, 0x76 },  // 紇
    { 0x7D08, 0xBC, 0x77 },  // 紈
    { 0x7D09, 0xBC, 0x78 },  // 紉
    { 0x7D0A, 0xCE, 0xC9 },  // 紊
    { 0x7D0B, 0xBC, 0x79 },  // 紋
    { 0x7D0C, 0xBC, 0x7A },  // 紌
    { 0x7D0D, 0xBC, 0x7B },  // 納
    { 0x7D0E, 0xBC, 0x7C },  // 紎
    { 0x7D0F, 0xBC, 0x7D },  // 紏
    { 0x7D10, 0xBC, 0x7E },  // 紐
    { 0x7D11, 0xBC, 0x80 },  // 紑
    { 0x7D12, 0xBC, 0x81 },  // 紒
    { 0x7D13, 0xBC, 0x82 },  // 紓
    { 0x7D14, 0xBC, 0x83 },  // 純
    { 0x7D15, 0xBC, 0x84 },  // 紕
    { 0x7D16, 0xBC, 0x85 },  // 紖
    { 0x7D17, 0xBC, 0x86 },  // 紗
    { 0x7D18, 0xBC, 0x87 },  // 紘
    { 0x7D19, 0xBC, 0x88 },  // 紙
    { 0x7D1A, 0xBC, 0x89 },  // 級
    { 0x7D1B, 0xBC, 0x8A },  // 紛
    { 0x7D1C, 0xBC, 0x8B },  // 紜
    { 0x7D1D, 0xBC, 0x8C },  // 紝
    { 0x7D1E, 0xBC, 0x8D },  // 紞
    { 0x7D1F, 0xBC, 0x8E },  // 紟
    { 0x7D20, 0xCB, 0xD8 },  // 素
    { 0x7D21, 0xBC, 0x8F },  // 紡
    { 0x7D22, 0xCB, 0xF7 },  // 索
    { 0x7D23, 0xBC, 0x90 },  // 紣
    { 0x7D24, 0xBC, 0x91 },  // 紤
    { 0x7D25, 0xBC, 0x92 },  // 紥
    { 0x7D26, 0xBC, 0x93 },  // 紦
    { 0x7D27, 0xBD, 0xF4 },  // 紧
    { 0x7D28, 0xBC, 0x94 },  // 紨
    { 0x7D29, 0xBC, 0x95 },  // 紩
    { 0x7D2A, 0xBC, 0x96 },  // 紪
    { 0x7D2B, 0xD7, 0xCF },  // 紫
    { 0x7D2C, 0xBC, 0x97 },  // 紬
    { 0x7D2D, 0xBC, 0x98 },  // 紭
    { 0x7D2E, 0xBC, 0x99 },  // 紮
    { 0x7D2F, 0xC0, 0xDB },  // 累
    { 0x7D30, 0xBC, 0x9A },  // 細
    { 0x7D31, 0xBC, 0x9B },  // 紱
    { 0x7D32, 0xBC, 0x9C },  // 紲
    { 0x7D33, 0xBC, 0x9D },  // 紳
    { 0x7D34, 0xBC, 0x9E },  // 紴
    { 0x7D35, 0xBC, 0x9F },  // 紵
    { 0x7D36, 0xBC, 0xA0 },  // 紶
    { 0x7D37, 0xBD, 0x40 },  // 紷
    { 0x7D38, 0xBD, 0x41 },  // 紸
    { 0x7D39, 0xBD, 0x42 },  // 紹
    { 0x7D3A, 0xBD, 0x43 },  // 紺
    { 0x7D3B, 0xBD, 0x44 },  // 紻
    { 0x7D3C, 0xBD, 0x45 },  // 紼
    { 0x7D3D, 0xBD, 0x46 },  // 紽
    { 0x7D3E, 0xBD, 0x47 },  // 紾
    { 0x7D3F, 0xBD, 0x48 },  // 紿
    { 0x7D40, 0xBD, 0x49 },  // 絀
    { 0x7D41, 0xBD, 0x4A },  // 絁
    { 0x7D42, 0xBD, 0x4B },  // 終
    { 0x7D43, 0xBD, 0x4C },  // 絃
    { 0x7D44, 0xBD, 0x4D },  // 組
    { 0x7D45, 0xBD, 0x4E },  // 絅
    { 0x7D46, 0xBD, 0x4F },  // 絆
    { 0x7D47, 0xBD, 0x50 },  // 絇
    { 0x7D48, 0xBD, 0x51 },  // 絈
    { 0x7D49, 0xBD, 0x52 },  // 絉
    { 0x7D4A, 0xBD, 0x53 },  // 絊
    { 0x7D4B, 0xBD, 0x54 },  // 絋
    { 0x7D4C, 0xBD, 0x55 },  // 経
    { 0x7D4D, 0xBD, 0x56 },  // 絍
    { 0x7D4E, 0xBD, 0x57 },  // 絎
    { 0x7D4F, 0xBD, 0x58 },  // 絏
    { 0x7D50, 0xBD, 0x59 },  // 結
    { 0x7D51, 0xBD, 0x5A },  // 絑
    { 0x7D52, 0xBD, 0x5B },  // 絒
    { 0x7D53, 0xBD, 0x5C },  // 絓
    { 0x7D54, 0xBD, 0x5D },  // 絔
    { 0x7D55, 0xBD, 0x5E },  // 絕
    { 0x7D56, 0xBD, 0x5F },  // 絖
    { 0x7D57, 0xBD, 0x60 },  // 絗
    { 0x7D58, 0xBD, 0x61 },  // 絘
    { 0x7D59, 0xBD, 0x62 },  // 絙
    { 0x7D5A, 0xBD, 0x63 },  // 絚
    { 0x7D5B, 0xBD, 0x64 },  // 絛
    { 0x7D5C, 0xBD, 0x65 },  // 絜
    { 0x7D5D, 0xBD, 0x66 },  // 絝
    { 0x7D5E, 0xBD, 0x67 },  // 絞
    { 0x7D5F, 0xBD, 0x68 },  // 絟
    { 0x7D60, 0xBD, 0x69 },  // 絠
    { 0x7D61, 0xBD, 0x6A },  // 絡
    { 0x7D62, 0xBD, 0x6B },  // 絢
    { 0x7D63, 0xBD, 0x6C },  // 絣
    { 0x7D64, 0xBD, 0x6D },  // 絤
    { 0x7D65, 0xBD, 0x6E },  // 絥
    { 0x7D66, 0xBD, 0x6F },  // 給
    { 0x7D67, 0xBD, 0x70 },  // 絧
    { 0x7D68, 0xBD, 0x71 },  // 絨
    { 0x7D69, 0xBD, 0x72 },  // 絩
    { 0x7D6A, 0xBD, 0x73 },  // 絪
    { 0x7D6B, 0xBD, 0x74 },  // 絫
    { 0x7D6C, 0xBD, 0x75 },  // 絬
    { 0x7D6D, 0xBD, 0x76 },  // 絭
    { 0x7D6E, 0xD0, 0xF5 },  // 絮
    { 0x7D6F, 0xBD, 0x77 },  // 絯
    { 0x7D70, 0xBD, 0x78 },  // 絰
    { 0x7D71, 0xBD, 0x79 },  // 統
    { 0x7D72, 0xBD, 0x7A },  // 絲
    { 0x7D73, 0xBD, 0x7B },  // 絳
    { 0x7D74, 0xBD, 0x7C },  // 絴
    { 0x7D75, 0xBD, 0x7D },  // 絵
    { 0x7D76, 0xBD, 0x7E },  // 絶
    { 0x7D77, 0xF4, 0xEA },  // 絷
    { 0x7D78, 0xBD, 0x80 },  // 絸
    { 0x7D79, 0xBD, 0x81 },  // 絹
    { 0x7D7A, 0xBD, 0x82 },  // 絺
    { 0x7D7B, 0xBD, 0x83 },  // 絻
    { 0x7D7C, 0xBD, 0x84 },  // 絼
    { 0x7D7D, 0xBD, 0x85 },  // 絽
    { 0x7D7E, 0xBD, 0x86 },  // 絾
    { 0x7D7F, 0xBD, 0x87 },  // 絿
    { 0x7D80, 0xBD, 0x88 },  // 綀
    { 0x7D81, 0xBD, 0x89 },  // 綁
    { 0x7D82, 0xBD, 0x8A },  // 綂
    { 0x7D83, 0xBD, 0x8B },  // 綃
    { 0x7D84, 0xBD, 0x8C },  // 綄
    { 0x7D85, 0xBD, 0x8D },  // 綅
    { 0x7D86, 0xBD, 0x8E },  // 綆
    { 0x7D87, 0xBD, 0x8F },  // 綇
    { 0x7D88, 0xBD, 0x90 },  // 綈
    { 0x7D89, 0xBD, 0x91 },  // 綉
    { 0x7D8A, 0xBD, 0x92 },  // 綊
    { 0x7D8B, 0xBD, 0x93 },  // 綋
    { 0x7D8C, 0xBD, 0x94 },  // 綌
    { 0x7D8D, 0xBD, 0x95 },  // 綍
    { 0x7D8E, 0xBD, 0x96 },  // 綎
    { 0x7D8F, 0xBD, 0x97 },  // 綏
    { 0x7D90, 0xBD, 0x98 },  // 綐
    { 0x7D91, 0xBD, 0x99 },  // 綑
    { 0x7D92, 0xBD, 0x9A },  // 綒
    { 0x7D93, 0xBD, 0x9B },  // 經
    { 0x7D94, 0xBD, 0x9C },  // 綔
    { 0x7D95, 0xBD, 0x9D },  // 綕
    { 0x7D96, 0xBD, 0x9E },  // 綖
    { 0x7D97, 0xBD, 0x9F },  // 綗
    { 0x7D98, 0xBD, 0xA0 },  // 綘
    { 0x7D99, 0xBE, 0x40 },  // 継
    { 0x7D9A, 0xBE, 0x41 },  // 続
    { 0x7D9B, 0xBE, 0x42 },  // 綛
    { 0x7D9C, 0xBE, 0x43 },  // 綜
    { 0x7D9D, 0xBE, 0x44 },  // 綝
    { 0x7D9E, 0xBE, 0x45 },  // 綞
    { 0x7D9F, 0xBE, 0x46 },  // 綟
    { 0x7DA0, 0xBE, 0x47 },  // 綠
    { 0x7DA1, 0xBE, 0x48 },  // 綡
    { 0x7DA2, 0xBE, 0x49 },  // 綢
    { 0x7DA3, 0xBE, 0x4A },  // 綣
    { 0x7DA4, 0xBE, 0x4B },  // 綤
    { 0x7DA5, 0xBE, 0x4C },  // 綥
    { 0x7DA6, 0xF4, 0xEB },  // 綦
    { 0x7DA7, 0xBE, 0x4D },  // 綧
    { 0x7DA8, 0xBE, 0x4E },  // 綨
    { 0x7DA9, 0xBE, 0x4F },  // 綩
    { 0x7DAA, 0xBE, 0x50 },  // 綪
    { 0x7DAB, 0xBE, 0x51 },  // 綫
    { 0x7DAC, 0xBE, 0x52 },  // 綬
    { 0x7DAD, 0xBE, 0x53 },  // 維
    { 0x7DAE, 0xF4, 0xEC },  // 綮
    { 0x7DAF, 0xBE, 0x54 },  // 綯
    { 0x7DB0, 0xBE, 0x55 },  // 綰
    { 0x7DB1, 0xBE, 0x56 },  // 綱
    { 0x7DB2, 0xBE, 0x57 },  // 網
    { 0x7DB3, 0xBE, 0x58 },  // 綳
    { 0x7DB4, 0xBE, 0x59 },  // 綴
    { 0x7DB5, 0xBE, 0x5A },  // 綵
    { 0x7DB6, 0xBE, 0x5B },  // 綶
    { 0x7DB7, 0xBE, 0x5C },  // 綷
    { 0x7DB8, 0xBE, 0x5D },  // 綸
    { 0x7DB9, 0xBE, 0x5E },  // 綹
    { 0x7DBA, 0xBE, 0x5F },  // 綺
    { 0x7DBB, 0xBE, 0x60 },  // 綻
    { 0x7DBC, 0xBE, 0x61 },  // 綼
    { 0x7DBD, 0xBE, 0x62 },  // 綽
    { 0x7DBE, 0xBE, 0x63 },  // 綾
    { 0x7DBF, 0xBE, 0x64 },  // 綿
    { 0x7DC0, 0xBE, 0x65 },  // 緀
    { 0x7DC1, 0xBE, 0x66 },  // 緁
    { 0x7DC2, 0xBE, 0x67 },  // 緂
    { 0x7DC3, 0xBE, 0x68 },  // 緃
    { 0x7DC4, 0xBE, 0x69 },  // 緄
    { 0x7DC5, 0xBE, 0x6A },  // 緅
    { 0x7DC6, 0xBE, 0x6B },  // 緆
    { 0x7DC7, 0xBE, 0x6C },  // 緇
    { 0x7DC8, 0xBE, 0x6D },  // 緈
    { 0x7DC9, 0xBE, 0x6E },  // 緉
    { 0x7DCA, 0xBE, 0x6F },  // 緊
    { 0x7DCB, 0xBE, 0x70 },  // 緋
    { 0x7DCC, 0xBE, 0x71 },  // 緌
    { 0x7DCD, 0xBE, 0x72 },  // 緍
    { 0x7DCE, 0xBE, 0x73 },  // 緎
    { 0x7DCF, 0xBE, 0x74 },  // 総
    { 0x7DD0, 0xBE, 0x75 },  // 緐
    { 0x7DD1, 0xBE, 0x76 },  // 緑
    { 0x7DD2, 0xBE, 0x77 },  // 緒
    { 0x7DD3, 0xBE, 0x78 },  // 緓
    { 0x7DD4, 0xBE, 0x79 },  // 緔
    { 0x7DD5, 0xBE, 0x7A },  // 緕
    { 0x7DD6, 0xBE, 0x7B },  // 緖
    { 0x7DD7, 0xBE, 0x7C },  // 緗
    { 0x7DD8, 0xBE, 0x7D },  // 緘
    { 0x7DD9, 0xBE, 0x7E },  // 緙
    { 0x7DDA, 0xBE, 0x80 },  // 線
    { 0x7DDB, 0xBE, 0x81 },  // 緛
    { 0x7DDC, 0xBE, 0x82 },  // 緜
    { 0x7DDD, 0xBE, 0x83 },  // 緝
    { 0x7DDE, 0xBE, 0x84 },  // 緞
    { 0x7DDF, 0xBE, 0x85 },  // 緟
    { 0x7DE0, 0xBE, 0x86 },  // 締
    { 0x7DE1, 0xBE, 0x87 },  // 緡
    { 0x7DE2, 0xBE, 0x88 },  // 緢
    { 0x7DE3, 0xBE, 0x89 },  // 緣
    { 0x7DE4, 0xBE, 0x8A },  // 緤
    { 0x7DE5, 0xBE, 0x8B },  // 緥
    { 0x7DE6, 0xBE, 0x8C },  // 緦
    { 0x7DE7, 0xBE, 0x8D },  // 緧
    { 0x7DE8, 0xBE, 0x8E },  // 編
    { 0x7DE9, 0xBE, 0x8F },  // 緩
    { 0x7DEA, 0xBE, 0x90 },  // 緪
    { 0x7DEB, 0xBE, 0x91 },  // 緫
    { 0x7DEC, 0xBE, 0x92 },  // 緬
    { 0x7DED, 0xBE, 0x93 },  // 緭
    { 0x7DEE, 0xBE, 0x94 },  // 緮
    { 0x7DEF, 0xBE, 0x95 },  // 緯
    { 0x7DF0, 0xBE, 0x96 },  // 緰
    { 0x7DF1, 0xBE, 0x97 },  // 緱
    { 0x7DF2, 0xBE, 0x98 },  // 緲
    { 0x7DF3, 0xBE, 0x99 },  // 緳
    { 0x7DF4, 0xBE, 0x9A },  // 練
    { 0x7DF5, 0xBE, 0x9B },  // 緵
    { 0x7DF6, 0xBE, 0x9C },  // 緶
    { 0x7DF7, 0xBE, 0x9D },  // 緷
    { 0x7DF8, 0xBE, 0x9E },  // 緸
    { 0x7DF9, 0xBE, 0x9F },  // 緹
    { 0x7DFA, 0xBE, 0xA0 },  // 緺
    { 0x7DFB, 0xBF, 0x40 },  // 緻
    { 0x7DFC, 0xBF, 0x41 },  // 緼
    { 0x7DFD, 0xBF, 0x42 },  // 緽
    { 0x7DFE, 0xBF, 0x43 },  // 緾
    { 0x7DFF, 0xBF, 0x44 },  // 緿
    { 0x7E00, 0xBF, 0x45 },  // 縀
    { 0x7E01, 0xBF, 0x46 },  // 縁
    { 0x7E02, 0xBF, 0x47 },  // 縂
    { 0x7E03, 0xBF, 0x48 },  // 縃
    { 0x7E04, 0xBF, 0x49 },  // 縄
    { 0x7E05, 0xBF, 0x4A },  // 縅
    { 0x7E06, 0xBF, 0x4B },  // 縆
    { 0x7E07, 0xBF, 0x4C },  // 縇
    { 0x7E08, 0xBF, 0x4D },  // 縈
    { 0x7E09, 0xBF, 0x4E },  // 縉
    { 0x7E0A, 0xBF, 0x4F },  // 縊
    { 0x7E0B, 0xBF, 0x50 },  // 縋
    { 0x7E0C, 0xBF, 0x51 },  // 縌
    { 0x7E0D, 0xBF, 0x52 },  // 縍
    { 0x7E0E, 0xBF, 0x53 },  // 縎
    { 0x7E0F, 0xBF, 0x54 },  // 縏
    { 0x7E10, 0xBF, 0x55 },  // 縐
    { 0x7E11, 0xBF, 0x56 },  // 縑
    { 0x7E12, 0xBF, 0x57 },  // 縒
    { 0x7E13, 0xBF, 0x58 },  // 縓
    { 0x7E14, 0xBF, 0x59 },  // 縔
    { 0x7E15, 0xBF, 0x5A },  // 縕
    { 0x7E16, 0xBF, 0x5B },  // 縖
    { 0x7E17, 0xBF, 0x5C },  // 縗
    { 0x7E18, 0xBF, 0x5D },  // 縘
    { 0x7E19, 0xBF, 0x5E },  // 縙
    { 0x7E1A, 0xBF, 0x5F },  // 縚
    { 0x7E1B, 0xBF, 0x60 },  // 縛
    { 0x7E1C, 0xBF, 0x61 },  // 縜
    { 0x7E1D, 0xBF, 0x62 },  // 縝
    { 0x7E1E, 0xBF, 0x63 },  // 縞
    { 0x7E1F, 0xBF, 0x64 },  // 縟
    { 0x7E20, 0xBF, 0x65 },  // 縠
    { 0x7E21, 0xBF, 0x66 },  // 縡
    { 0x7E22, 0xBF, 0x67 },  // 縢
    { 0x7E23, 0xBF, 0x68 },  // 縣
    { 0x7E24, 0xBF, 0x69 },  // 縤
    { 0x7E25, 0xBF, 0x6A },  // 縥
    { 0x7E26, 0xBF, 0x6B },  // 縦
    { 0x7E27, 0xBF, 0x6C },  // 縧
    { 0x7E28, 0xBF, 0x6D },  // 縨
    { 0x7E29, 0xBF, 0x6E },  // 縩
    { 0x7E2A, 0xBF, 0x6F },  // 縪
    { 0x7E2B, 0xBF, 0x70 },  // 縫
    { 0x7E2C, 0xBF, 0x71 },  // 縬
    { 0x7E2D, 0xBF, 0x72 },  // 縭
    { 0x7E2E, 0xBF, 0x73 },  // 縮
    { 0x7E2F, 0xBF, 0x74 },  // 縯
    { 0x7E30, 0xBF, 0x75 },  // 縰
    { 0x7E31, 0xBF, 0x76 },  // 縱
    { 0x7E32, 0xBF, 0x77 },  // 縲
    { 0x7E33, 0xBF, 0x78 },  // 縳
    { 0x7E34, 0xBF, 0x79 },  // 縴
    { 0x7E35, 0xBF, 0x7A },  // 縵
    { 0x7E36, 0xBF, 0x7B },  // 縶
    { 0x7E37, 0xBF, 0x7C },  // 縷
    { 0x7E38, 0xBF, 0x7D },  // 縸
    { 0x7E39, 0xBF, 0x7E },  // 縹
    { 0x7E3A, 0xBF, 0x80 },  // 縺
    { 0x7E3B, 0xF7, 0xE3 },  // 縻
    { 0x7E3C, 0xBF, 0x81 },  // 縼
    { 0x7E3D, 0xBF, 0x82 },  // 總
    { 0x7E3E, 0xBF, 0x83 },  // 績
    { 0x7E3F, 0xBF, 0x84 },  // 縿
    { 0x7E40, 0xBF, 0x85 },  // 繀
    { 0x7E41, 0xB7, 0xB1 },  // 繁
    { 0x7E42, 0xBF, 0x86 },  // 繂
    { 0x7E43, 0xBF, 0x87 },  // 繃
    { 0x7E44, 0xBF, 0x88 },  // 繄
    { 0x7E45, 0xBF, 0x89 },  // 繅
    { 0x7E46, 0xBF, 0x8A },  // 繆
    { 0x7E47, 0xF4, 0xED },  // 繇
    { 0x7E48, 0xBF, 0x8B },  // 繈
    { 0x7E49, 0xBF, 0x8C },  // 繉
    { 0x7E4A, 0xBF, 0x8D },  // 繊
    { 0x7E4B, 0xBF, 0x8E },  // 繋
    { 0x7E4C, 0xBF, 0x8F },  // 繌
    { 0x7E4D, 0xBF, 0x90 },  // 繍
    { 0x7E4E, 0xBF, 0x91 },  // 繎
    { 0x7E4F, 0xBF, 0x92 },  // 繏
    { 0x7E50, 0xBF, 0x93 },  // 繐
    { 0x7E51, 0xBF, 0x94 },  // 繑
    { 0x7E52, 0xBF, 0x95 },  // 繒
    { 0x7E53, 0xBF, 0x96 },  // 繓
    { 0x7E54, 0xBF, 0x97 },  // 織
    { 0x7E55, 0xBF, 0x98 },  // 繕
    { 0x7E56, 0xBF, 0x99 },  // 繖
    { 0x7E57, 0xBF, 0x9A },  // 繗
    { 0x7E58, 0xBF, 0x9B },  // 繘
    { 0x7E59, 0xBF, 0x9C },  // 繙
    { 0x7E5A, 0xBF, 0x9D },  // 繚
    { 0x7E5B, 0xBF, 0x9E },  // 繛
    { 0x7E5C, 0xBF, 0x9F },  // 繜
    { 0x7E5D, 0xBF, 0xA0 },  // 繝
    { 0x7E5E, 0xC0, 0x40 },  // 繞
    { 0x7E5F, 0xC0, 0x41 },  // 繟
    { 0x7E60, 0xC0, 0x42 },  // 繠
    { 0x7E61, 0xC0, 0x43 },  // 繡
    { 0x7E62, 0xC0, 0x44 },  // 繢
    { 0x7E63, 0xC0, 0x45 },  // 繣
    { 0x7E64, 0xC0, 0x46 },  // 繤
    { 0x7E65, 0xC0, 0x47 },  // 繥
    { 0x7E66, 0xC0, 0x48 },  // 繦
    { 0x7E67, 0xC0, 0x49 },  // 繧
    { 0x7E68, 0xC0, 0x4A },  // 繨
    { 0x7E69, 0xC0, 0x4B },  // 繩
    { 0x7E6A, 0xC0, 0x4C },  // 繪
    { 0x7E6B, 0xC0, 0x4D },  // 繫
    { 0x7E6C, 0xC0, 0x4E },  // 繬
    { 0x7E6D, 0xC0, 0x4F },  // 繭
    { 0x7E6E, 0xC0, 0x50 },  // 繮
    { 0x7E6F, 0xC0, 0x51 },  // 繯
    { 0x7E70, 0xC0, 0x52 },  // 繰
    { 0x7E71, 0xC0, 0x53 },  // 繱
    { 0x7E72, 0xC0, 0x54 },  // 繲
    { 0x7E73, 0xC0, 0x55 },  // 繳
    { 0x7E74, 0xC0, 0x56 },  // 繴
    { 0x7E75, 0xC0, 0x57 },  // 繵
    { 0x7E76, 0xC0, 0x58 },  // 繶
    { 0x7E77, 0xC0, 0x59 },  // 繷
    { 0x7E78, 0xC0, 0x5A },  // 繸
    { 0x7E79, 0xC0, 0x5B },  // 繹
    { 0x7E7A, 0xC0, 0x5C },  // 繺
    { 0x7E7B, 0xC0, 0x5D },  // 繻
    { 0x7E7C, 0xC0, 0x5E },  // 繼
    { 0x7E7D, 0xC0, 0x5F },  // 繽
    { 0x7E7E, 0xC0, 0x60 },  // 繾
    { 0x7E7F, 0xC0, 0x61 },  // 繿
    { 0x7E80, 0xC0, 0x62 },  // 纀
    { 0x7E81, 0xC0, 0x63 },  // 纁
    { 0x7E82, 0xD7, 0xEB },  // 纂
    { 0x7E83, 0xC0, 0x64 },  // 纃
    { 0x7E84, 0xC0, 0x65 },  // 纄
    { 0x7E85, 0xC0, 0x66 },  // 纅
    { 0x7E86, 0xC0, 0x67 },  // 纆
    { 0x7E87, 0xC0, 0x68 },  // 纇
    { 0x7E88, 0xC0, 0x69 },  // 纈
    { 0x7E89, 0xC0, 0x6A },  // 纉
    { 0x7E8A, 0xC0, 0x6B },  // 纊
    { 0x7E8B, 0xC0, 0x6C },  // 纋
    { 0x7E8C, 0xC0, 0x6D },  // 續
    { 0x7E8D, 0xC0, 0x6E },  // 纍
    { 0x7E8E, 0xC0, 0x6F },  // 纎
    { 0x7E8F, 0xC0, 0x70 },  // 纏
    { 0x7E90, 0xC0, 0x71 },  // 纐
    { 0x7E91, 0xC0, 0x72 },  // 纑
    { 0x7E92, 0xC0, 0x73 },  // 纒
    { 0x7E93, 0xC0, 0x74 },  // 纓
    { 0x7E94, 0xC0, 0x75 },  // 纔
    { 0x7E95, 0xC0, 0x76 },  // 纕
    { 0x7E96, 0xC0, 0x77 },  // 纖
    { 0x7E97, 0xC0, 0x78 },  // 纗
    { 0x7E98, 0xC0, 0x79 },  // 纘
    { 0x7E99, 0xC0, 0x7A },  // 纙
    { 0x7E9A, 0xC0, 0x7B },  // 纚
    { 0x7E9B, 0xF4, 0xEE },  // 纛
    { 0x7E9C, 0xC0, 0x7C },  // 纜
    { 0x7E9D, 0xC0, 0x7D },  // 纝
    { 0x7E9E, 0xC0, 0x7E },  // 纞
    { 0x7E9F, 0xE6, 0xF9 },  // 纟
    { 0x7EA0, 0xBE, 0xC0 },  // 纠
    { 0x7EA1, 0xE6, 0xFA },  // 纡
    { 0x7EA2, 0xBA, 0xEC },  // 红
    { 0x7EA3, 0xE6, 0xFB },  // 纣
    { 0x7EA4, 0xCF, 0xCB },  // 纤
    { 0x7EA5, 0xE6, 0xFC },  // 纥
    { 0x7EA6, 0xD4, 0xBC },  // 约
    { 0x7EA7, 0xBC, 0xB6 },  // 级
    { 0x7EA8, 0xE6, 0xFD },  // 纨
    { 0x7EA9, 0xE6, 0xFE },  // 纩
    { 0x7EAA, 0xBC, 0xCD },  // 纪
    { 0x7EAB, 0xC8, 0xD2 },  // 纫
    { 0x7EAC, 0xCE, 0xB3 },  // 纬
    { 0x7EAD, 0xE7, 0xA1 },  // 纭
    { 0x7EAE, 0xC0, 0x80 },  // 纮
    { 0x7EAF, 0xB4, 0xBF },  // 纯
    { 0x7EB0, 0xE7, 0xA2 },  // 纰
    { 0x7EB1, 0xC9, 0xB4 },  // 纱
    { 0x7EB2, 0xB8, 0xD9 },  // 纲
    { 0x7EB3, 0xC4, 0xC9 },  // 纳
    { 0x7EB4, 0xC0, 0x81 },  // 纴
    { 0x7EB5, 0xD7, 0xDD },  // 纵
    { 0x7EB6, 0xC2, 0xDA },  // 纶
    { 0x7EB7, 0xB7, 0xD7 },  // 纷
    { 0x7EB8, 0xD6, 0xBD },  // 纸
    { 0x7EB9, 0xCE, 0xC6 },  // 纹
    { 0x7EBA, 0xB7, 0xC4 },  // 纺
    { 0x7EBB, 0xC0, 0x82 },  // 纻
    { 0x7EBC, 0xC0, 0x83 },  // 纼
    { 0x7EBD, 0xC5, 0xA6 },  // 纽
    { 0x7EBE, 0xE7, 0xA3 },  // 纾
    { 0x7EBF, 0xCF, 0xDF },  // 线
    { 0x7EC0, 0xE7, 0xA4 },  // 绀
    { 0x7EC1, 0xE7, 0xA5 },  // 绁
    { 0x7EC2, 0xE7, 0xA6 },  // 绂
    { 0x7EC3, 0xC1, 0xB7 },  // 练
    { 0x7EC4, 0xD7, 0xE9 },  // 组
    { 0x7EC5, 0xC9, 0xF0 },  // 绅
    { 0x7EC6, 0xCF, 0xB8 },  // 细
    { 0x7EC7, 0xD6, 0xAF },  // 织
    { 0x7EC8, 0xD6, 0xD5 },  // 终
    { 0x7EC9, 0xE7, 0xA7 },  // 绉
    { 0x7ECA, 0xB0, 0xED },  // 绊
    { 0x7ECB, 0xE7, 0xA8 },  // 绋
    { 0x7ECC, 0xE7, 0xA9 },  // 绌
    { 0x7ECD, 0xC9, 0xDC },  // 绍
    { 0x7ECE, 0xD2, 0xEF },  // 绎
    { 0x7ECF, 0xBE, 0xAD },  // 经
    { 0x7ED0, 0xE7, 0xAA },  // 绐
    { 0x7ED1, 0xB0, 0xF3 },  // 绑
    { 0x7ED2, 0xC8, 0xDE },  // 绒
    { 0x7ED3, 0xBD, 0xE1 },  // 结
    { 0x7ED4, 0xE7, 0xAB },  // 绔
    { 0x7ED5, 0xC8, 0xC6 },  // 绕
    { 0x7ED6, 0xC0, 0x84 },  // 绖
    { 0x7ED7, 0xE7, 0xAC },  // 绗
    { 0x7ED8, 0xBB, 0xE6 },  // 绘
    { 0x7ED9, 0xB8, 0xF8 },  // 给
    { 0x7EDA, 0xD1, 0xA4 },  // 绚
    { 0x7EDB, 0xE7, 0xAD },  // 绛
    { 0x7EDC, 0xC2, 0xE7 },  // 络
    { 0x7EDD, 0xBE, 0xF8 },  // 绝
    { 0x7EDE, 0xBD, 0xCA },  // 绞
    { 0x7EDF, 0xCD, 0xB3 },  // 统
    { 0x7EE0, 0xE7, 0xAE },  // 绠
    { 0x7EE1, 0xE7, 0xAF },  // 绡
    { 0x7EE2, 0xBE, 0xEE },  // 绢
    { 0x7EE3, 0xD0, 0xE5 },  // 绣
    { 0x7EE4, 0xC0, 0x85 },  // 绤
    { 0x7EE5, 0xCB, 0xE7 },  // 绥
    { 0x7EE6, 0xCC, 0xD0 },  // 绦
    { 0x7EE7, 0xBC, 0xCC },  // 继
    { 0x7EE8, 0xE7, 0xB0 },  // 绨
    { 0x7EE9, 0xBC, 0xA8 },  // 绩
    { 0x7EEA, 0xD0, 0xF7 },  // 绪
    { 0x7EEB, 0xE7, 0xB1 },  // 绫
    { 0x7EEC, 0xC0, 0x86 },  // 绬
    { 0x7EED, 0xD0, 0xF8 },  // 续
    { 0x7EEE, 0xE7, 0xB2 },  // 绮
    { 0x7EEF, 0xE7, 0xB3 },  // 绯
    { 0x7EF0, 0xB4, 0xC2 },  // 绰
    { 0x7EF1, 0xE7, 0xB4 },  // 绱
    { 0x7EF2, 0xE7, 0xB5 },  // 绲
    { 0x7EF3, 0xC9, 0xFE },  // 绳
    { 0x7EF4, 0xCE, 0xAC },  // 维
    { 0x7EF5, 0xC3, 0xE0 },  // 绵
    { 0x7EF6, 0xE7, 0xB7 },  // 绶
    { 0x7EF7, 0xB1, 0xC1 },  // 绷
    { 0x7EF8, 0xB3, 0xF1 },  // 绸
    { 0x7EF9, 0xC0, 0x87 },  // 绹
    { 0x7EFA, 0xE7, 0xB8 },  // 绺
    { 0x7EFB, 0xE7, 0xB9 },  // 绻
    { 0x7EFC, 0xD7, 0xDB },  // 综
    { 0x7EFD, 0xD5, 0xC0 },  // 绽
    { 0x7EFE, 0xE7, 0xBA },  // 绾
    { 0x7EFF, 0xC2, 0xCC },  // 绿
    { 0x7F00, 0xD7, 0xBA },  // 缀
    { 0x7F01, 0xE7, 0xBB },  // 缁
    { 0x7F02, 0xE7, 0xBC },  // 缂
    { 0x7F03, 0xE7, 0xBD },  // 缃
    { 0x7F04, 0xBC, 0xEA },  // 缄
    { 0x7F05, 0xC3, 0xE5 },  // 缅
    { 0x7F06, 0xC0, 0xC2 },  // 缆
    { 0x7F07, 0xE7, 0xBE },  // 缇
    { 0x7F08, 0xE7, 0xBF },  // 缈
    { 0x7F09, 0xBC, 0xA9 },  // 缉
    { 0x7F0A, 0xC0, 0x88 },  // 缊
    { 0x7F0B, 0xE7, 0xC0 },  // 缋
    { 0x7F0C, 0xE7, 0xC1 },  // 缌
    { 0x7F0D, 0xE7, 0xB6 },  // 缍
    { 0x7F0E, 0xB6, 0xD0 },  // 缎
    { 0x7F0F, 0xE7, 0xC2 },  // 缏
    { 0x7F10, 0xC0, 0x89 },  // 缐
    { 0x7F11, 0xE7, 0xC3 },  // 缑
    { 0x7F12, 0xE7, 0xC4 },  // 缒
    { 0x7F13, 0xBB, 0xBA },  // 缓
    { 0x7F14, 0xB5, 0xDE },  // 缔
    { 0x7F15, 0xC2, 0xC6 },  // 缕
    { 0x7F16, 0xB1, 0xE0 },  // 编
    { 0x7F17, 0xE7, 0xC5 },  // 缗
    { 0x7F18, 0xD4, 0xB5 },  // 缘
    { 0x7F19, 0xE7, 0xC6 },  // 缙
    { 0x7F1A, 0xB8, 0xBF },  // 缚
    { 0x7F1B, 0xE7, 0xC8 },  // 缛
    { 0x7F1C, 0xE7, 0xC7 },  // 缜
    { 0x7F1D, 0xB7, 0xEC },  // 缝
    { 0x7F1E, 0xC0, 0x8A },  // 缞
    { 0x7F1F, 0xE7, 0xC9 },  // 缟
    { 0x7F20, 0xB2, 0xF8 },  // 缠
    { 0x7F21, 0xE7, 0xCA },  // 缡
    { 0x7F22, 0xE7, 0xCB },  // 缢
    { 0x7F23, 0xE7, 0xCC },  // 缣
    { 0x7F24, 0xE7, 0xCD },  // 缤
    { 0x7F25, 0xE7, 0xCE },  // 缥
    { 0x7F26, 0xE7, 0xCF },  // 缦
    { 0x7F27, 0xE7, 0xD0 },  // 缧
    { 0x7F28, 0xD3, 0xA7 },  // 缨
    { 0x7F29, 0xCB, 0xF5 },  // 缩
    { 0x7F2A, 0xE7, 0xD1 },  // 缪
    { 0x7F2B, 0xE7, 0xD2 },  // 缫
    { 0x7F2C, 0xE7, 0xD3 },  // 缬
    { 0x7F2D, 0xE7, 0xD4 },  // 缭
    { 0x7F2E, 0xC9, 0xC9 },  // 缮
    { 0x7F2F, 0xE7, 0xD5 },  // 缯
    { 0x7F30, 0xE7, 0xD6 },  // 缰
    { 0x7F31, 0xE7, 0xD7 },  // 缱
    { 0x7F32, 0xE7, 0xD8 },  // 缲
    { 0x7F33, 0xE7, 0xD9 },  // 缳
    { 0x7F34, 0xBD, 0xC9 },  // 缴
    { 0x7F35, 0xE7, 0xDA },  // 缵
    { 0x7F36, 0xF3, 0xBE },  // 缶
    { 0x7F37, 0xC0, 0x8B },  // 缷
    { 0x7F38, 0xB8, 0xD7 },  // 缸
    { 0x7F39, 0xC0, 0x8C },  // 缹
    { 0x7F3A, 0xC8, 0xB1 },  // 缺
    { 0x7F3B, 0xC0, 0x8D },  // 缻
    { 0x7F3C, 0xC0, 0x8E },  // 缼
    { 0x7F3D, 0xC0, 0x8F },  // 缽
    { 0x7F3E, 0xC0, 0x90 },  // 缾
    { 0x7F3F, 0xC0, 0x91 },  // 缿
    { 0x7F40, 0xC0, 0x92 },  // 罀
    { 0x7F41, 0xC0, 0x93 },  // 罁
    { 0x7F42, 0xF3, 0xBF },  // 罂
    { 0x7F43, 0xC0, 0x94 },  // 罃
    { 0x7F44, 0xF3, 0xC0 },  // 罄
    { 0x7F45, 0xF3, 0xC1 },  // 罅
    { 0x7F46, 0xC0, 0x95 },  // 罆
    { 0x7F47, 0xC0, 0x96 },  // 罇
    { 0x7F48, 0xC0, 0x97 },  // 罈
    { 0x7F49, 0xC0, 0x98 },  // 罉
    { 0x7F4A, 0xC0, 0x99 },  // 罊
    { 0x7F4B, 0xC0, 0x9A },  // 罋
    { 0x7F4C, 0xC0, 0x9B },  // 罌
    { 0x7F4D, 0xC0, 0x9C },  // 罍
    { 0x7F4E, 0xC0, 0x9D },  // 罎
    { 0x7F4F, 0xC0, 0x9E },  // 罏
    { 0x7F50, 0xB9, 0xDE },  // 罐
    { 0x7F51, 0xCD, 0xF8 },  // 网
    { 0x7F52, 0xC0, 0x9F },  // 罒
    { 0x7F53, 0xC0, 0xA0 },  // 罓
    { 0x7F54, 0xD8, 0xE8 },  // 罔
    { 0x7F55, 0xBA, 0xB1 },  // 罕
    { 0x7F56, 0xC1, 0x40 },  // 罖
    { 0x7F57, 0xC2, 0xDE },  // 罗
    { 0x7F58, 0xEE, 0xB7 },  // 罘
    { 0x7F59, 0xC1, 0x41 },  // 罙
    { 0x7F5A, 0xB7, 0xA3 },  // 罚
    { 0x7F5B, 0xC1, 0x42 },  // 罛
    { 0x7F5C, 0xC1, 0x43 },  // 罜
    { 0x7F5D, 0xC1, 0x44 },  // 罝
    { 0x7F5E, 0xC1, 0x45 },  // 罞
    { 0x7F5F, 0xEE, 0xB9 },  // 罟
    { 0x7F60, 0xC1, 0x46 },  // 罠
    { 0x7F61, 0xEE, 0xB8 },  // 罡
    { 0x7F62, 0xB0, 0xD5 },  // 罢
    { 0x7F63, 0xC1, 0x47 },  // 罣
    { 0x7F64, 0xC1, 0x48 },  // 罤
    { 0x7F65, 0xC1, 0x49 },  // 罥
    { 0x7F66, 0xC1, 0x4A },  // 罦
    { 0x7F67, 0xC1, 0x4B },  // 罧
    { 0x7F68, 0xEE, 0xBB },  // 罨
    { 0x7F69, 0xD5, 0xD6 },  // 罩
    { 0x7F6A, 0xD7, 0xEF },  // 罪
    { 0x7F6B, 0xC1, 0x4C },  // 罫
    { 0x7F6C, 0xC1, 0x4D },  // 罬
    { 0x7F6D, 0xC1, 0x4E },  // 罭
    { 0x7F6E, 0xD6, 0xC3 },  // 置
    { 0x7F6F, 0xC1, 0x4F },  // 罯
    { 0x7F70, 0xC1, 0x50 },  // 罰
    { 0x7F71, 0xEE, 0xBD },  // 罱
    { 0x7F72, 0xCA, 0xF0 },  // 署
    { 0x7F73, 0xC1, 0x51 },  // 罳
    { 0x7F74, 0xEE, 0xBC },  // 罴
    { 0x7F75, 0xC1, 0x52 },  // 罵
    { 0x7F76, 0xC1, 0x53 },  // 罶
    { 0x7F77, 0xC1, 0x54 },  // 罷
    { 0x7F78, 0xC1, 0x55 },  // 罸
    { 0x7F79, 0xEE, 0xBE },  // 罹
    { 0x7F7A, 0xC1, 0x56 },  // 罺
    { 0x7F7B, 0xC1, 0x57 },  // 罻
    { 0x7F7C, 0xC1, 0x58 },  // 罼
    { 0x7F7D, 0xC1, 0x59 },  // 罽
    { 0x7F7E, 0xEE, 0xC0 },  // 罾
    { 0x7F7F, 0xC1, 0x5A },  // 罿
    { 0x7F80, 0xC1, 0x5B },  // 羀
    { 0x7F81, 0xEE, 0xBF },  // 羁
    { 0x7F82, 0xC1, 0x5C },  // 羂
    { 0x7F83, 0xC1, 0x5D },  // 羃
    { 0x7F84, 0xC1, 0x5E },  // 羄
    { 0x7F85, 0xC1, 0x5F },  // 羅
    { 0x7F86, 0xC1, 0x60 },  // 羆
    { 0x7F87, 0xC1, 0x61 },  // 羇
    { 0x7F88, 0xC1, 0x62 },  // 羈
    { 0x7F89, 0xC1, 0x63 },  // 羉
    { 0x7F8A, 0xD1, 0xF2 },  // 羊
    { 0x7F8B, 0xC1, 0x64 },  // 羋
    { 0x7F8C, 0xC7, 0xBC },  // 羌
    { 0x7F8D, 0xC1, 0x65 },  // 羍
    { 0x7F8E, 0xC3, 0xC0 },  // 美
    { 0x7F8F, 0xC1, 0x66 },  // 羏
    { 0x7F90, 0xC1, 0x67 },  // 羐
    { 0x7F91, 0xC1, 0x68 },  // 羑
    { 0x7F92, 0xC1, 0x69 },  // 羒
    { 0x7F93, 0xC1, 0x6A },  // 羓
    { 0x7F94, 0xB8, 0xE1 },  // 羔
    { 0x7F95, 0xC1, 0x6B },  // 羕
    { 0x7F96, 0xC1, 0x6C },  // 羖
    { 0x7F97, 0xC1, 0x6D },  // 羗
    { 0x7F98, 0xC1, 0x6E },  // 羘
    { 0x7F99, 0xC1, 0x6F },  // 羙
    { 0x7F9A, 0xC1, 0xE7 },  // 羚
    { 0x7F9B, 0xC1, 0x70 },  // 羛
    { 0x7F9C, 0xC1, 0x71 },  // 羜
    { 0x7F9D, 0xF4, 0xC6 },  // 羝
    { 0x7F9E, 0xD0, 0xDF },  // 羞
    { 0x7F9F, 0xF4, 0xC7 },  // 羟
    { 0x7FA0, 0xC1, 0x72 },  // 羠
    { 0x7FA1, 0xCF, 0xDB },  // 羡
    { 0x7FA2, 0xC1, 0x73 },  // 羢
    { 0x7FA3, 0xC1, 0x74 },  // 羣
    { 0x7FA4, 0xC8, 0xBA },  // 群
    { 0x7FA5, 0xC1, 0x75 },  // 羥
    { 0x7FA6, 0xC1, 0x76 },  // 羦
    { 0x7FA7, 0xF4, 0xC8 },  // 羧
    { 0x7FA8, 0xC1, 0x77 },  // 羨
    { 0x7FA9, 0xC1, 0x78 },  // 義
    { 0x7FAA, 0xC1, 0x79 },  // 羪
    { 0x7FAB, 0xC1, 0x7A },  // 羫
    { 0x7FAC, 0xC1, 0x7B },  // 羬
    { 0x7FAD, 0xC1, 0x7C },  // 羭
    { 0x7FAE, 0xC1, 0x7D },  // 羮
    { 0x7FAF, 0xF4, 0xC9 },  // 羯
    { 0x7FB0, 0xF4, 0xCA },  // 羰
    { 0x7FB1, 0xC1, 0x7E },  // 羱
    { 0x7FB2, 0xF4, 0xCB },  // 羲
    { 0x7FB3, 0xC1, 0x80 },  // 羳
    { 0x7FB4, 0xC1, 0x81 },  // 羴
    { 0x7FB5, 0xC1, 0x82 },  // 羵
    { 0x7FB6, 0xC1, 0x83 },  // 羶
    { 0x7FB7, 0xC1, 0x84 },  // 羷
    { 0x7FB8, 0xD9, 0xFA },  // 羸
    { 0x7FB9, 0xB8, 0xFE },  // 羹
    { 0x7FBA, 0xC1, 0x85 },  // 羺
    { 0x7FBB, 0xC1, 0x86 },  // 羻
    { 0x7FBC, 0xE5, 0xF1 },  // 羼
    { 0x7FBD, 0xD3, 0xF0 },  // 羽
    { 0x7FBE, 0xC1, 0x87 },  // 羾
    { 0x7FBF, 0xF4, 0xE0 },  // 羿
    { 0x7FC0, 0xC1, 0x88 },  // 翀
    { 0x7FC1, 0xCE, 0xCC },  // 翁
    { 0x7FC2, 0xC1, 0x89 },  // 翂
    { 0x7FC3, 0xC1, 0x8A },  // 翃
    { 0x7FC4, 0xC1, 0x8B },  // 翄
    { 0x7FC5, 0xB3, 0xE1 },  // 翅
    { 0x7FC6, 0xC1, 0x8C },  // 翆
    { 0x7FC7, 0xC1, 0x8D },  // 翇
    { 0x7FC8, 0xC1, 0x8E },  // 翈
    { 0x7FC9, 0xC1, 0x8F },  // 翉
    { 0x7FCA, 0xF1, 0xB4 },  // 翊
    { 0x7FCB, 0xC1, 0x90 },  // 翋
    { 0x7FCC, 0xD2, 0xEE },  // 翌
    { 0x7FCD, 0xC1, 0x91 },  // 翍
    { 0x7FCE, 0xF4, 0xE1 },  // 翎
    { 0x7FCF, 0xC1, 0x92 },  // 翏
    { 0x7FD0, 0xC1, 0x93 },  // 翐
    { 0x7FD1, 0xC1, 0x94 },  // 翑
    { 0x7FD2, 0xC1, 0x95 },  // 習
    { 0x7FD3, 0xC1, 0x96 },  // 翓
    { 0x7FD4, 0xCF, 0xE8 },  // 翔
    { 0x7FD5, 0xF4, 0xE2 },  // 翕
    { 0x7FD6, 0xC1, 0x97 },  // 翖
    { 0x7FD7, 0xC1, 0x98 },  // 翗
    { 0x7FD8, 0xC7, 0xCC },  // 翘
    { 0x7FD9, 0xC1, 0x99 },  // 翙
    { 0x7FDA, 0xC1, 0x9A },  // 翚
    { 0x7FDB, 0xC1, 0x9B },  // 翛
    { 0x7FDC, 0xC1, 0x9C },  // 翜
    { 0x7FDD, 0xC1, 0x9D },  // 翝
    { 0x7FDE, 0xC1, 0x9E },  // 翞
    { 0x7FDF, 0xB5, 0xD4 },  // 翟
    { 0x7FE0, 0xB4, 0xE4 },  // 翠
    { 0x7FE1, 0xF4, 0xE4 },  // 翡
    { 0x7FE2, 0xC1, 0x9F },  // 翢
    { 0x7FE3, 0xC1, 0xA0 },  // 翣
    { 0x7FE4, 0xC2, 0x40 },  // 翤
    { 0x7FE5, 0xF4, 0xE3 },  // 翥
    { 0x7FE6, 0xF4, 0xE5 },  // 翦
    { 0x7FE7, 0xC2, 0x41 },  // 翧
    { 0x7FE8, 0xC2, 0x42 },  // 翨
    { 0x7FE9, 0xF4, 0xE6 },  // 翩
    { 0x7FEA, 0xC2, 0x43 },  // 翪
    { 0x7FEB, 0xC2, 0x44 },  // 翫
    { 0x7FEC, 0xC2, 0x45 },  // 翬
    { 0x7FED, 0xC2, 0x46 },  // 翭
    { 0x7FEE, 0xF4, 0xE7 },  // 翮
    { 0x7FEF, 0xC2, 0x47 },  // 翯
    { 0x7FF0, 0xBA, 0xB2 },  // 翰
    { 0x7FF1, 0xB0, 0xBF },  // 翱
    { 0x7FF2, 0xC2, 0x48 },  // 翲
    { 0x7FF3, 0xF4, 0xE8 },  // 翳
    { 0x7FF4, 0xC2, 0x49 },  // 翴
    { 0x7FF5, 0xC2, 0x4A },  // 翵
    { 0x7FF6, 0xC2, 0x4B },  // 翶
    { 0x7FF7, 0xC2, 0x4C },  // 翷
    { 0x7FF8, 0xC2, 0x4D },  // 翸
    { 0x7FF9, 0xC2, 0x4E },  // 翹
    { 0x7FFA, 0xC2, 0x4F },  // 翺
    { 0x7FFB, 0xB7, 0xAD },  // 翻
    { 0x7FFC, 0xD2, 0xED },  // 翼
    { 0x7FFD, 0xC2, 0x50 },  // 翽
    { 0x7FFE, 0xC2, 0x51 },  // 翾
    { 0x7FFF, 0xC2, 0x52 },  // 翿
    { 0x8000, 0xD2, 0xAB },  // 耀
    { 0x8001, 0xC0, 0xCF },  // 老
    { 0x8002, 0xC2, 0x53 },  // 耂
    { 0x8003, 0xBF, 0xBC },  // 考
    { 0x8004, 0xEB, 0xA3 },  // 耄
    { 0x8005, 0xD5, 0xDF },  // 者
    { 0x8006, 0xEA, 0xC8 },  // 耆
    { 0x8007, 0xC2, 0x54 },  // 耇
    { 0x8008, 0xC2, 0x55 },  // 耈
    { 0x8009, 0xC2, 0x56 },  // 耉
    { 0x800A, 0xC2, 0x57 },  // 耊
    { 0x800B, 0xF1, 0xF3 },  // 耋
    { 0x800C, 0xB6, 0xF8 },  // 而
    { 0x800D, 0xCB, 0xA3 },  // 耍
    { 0x800E, 0xC2, 0x58 },  // 耎
    { 0x800F, 0xC2, 0x59 },  // 耏
    { 0x8010, 0xC4, 0xCD },  // 耐
    { 0x8011, 0xC2, 0x5A },  // 耑
    { 0x8012, 0xF1, 0xE7 },  // 耒
    { 0x8013, 0xC2, 0x5B },  // 耓
    { 0x8014, 0xF1, 0xE8 },  // 耔
    { 0x8015, 0xB8, 0xFB },  // 耕
    { 0x8016, 0xF1, 0xE9 },  // 耖
    { 0x8017, 0xBA, 0xC4 },  // 耗
    { 0x8018, 0xD4, 0xC5 },  // 耘
    { 0x8019, 0xB0, 0xD2 },  // 耙
    { 0x801A, 0xC2, 0x5C },  // 耚
    { 0x801B, 0xC2, 0x5D },  // 耛
    { 0x801C, 0xF1, 0xEA },  // 耜
    { 0x801D, 0xC2, 0x5E },  // 耝
    { 0x801E, 0xC2, 0x5F },  // 耞
    { 0x801F, 0xC2, 0x60 },  // 耟
    { 0x8020, 0xF1, 0xEB },  // 耠
    { 0x8021, 0xC2, 0x61 },  // 耡
    { 0x8022, 0xF1, 0xEC },  // 耢
    { 0x8023, 0xC2, 0x62 },  // 耣
    { 0x8024, 0xC2, 0x63 },  // 耤
    { 0x8025, 0xF1, 0xED },  // 耥
    { 0x8026, 0xF1, 0xEE },  // 耦
    { 0x8027, 0xF1, 0xEF },  // 耧
    { 0x8028, 0xF1, 0xF1 },  // 耨
    { 0x8029, 0xF1, 0xF0 },  // 耩
    { 0x802A, 0xC5, 0xD5 },  // 耪
    { 0x802B, 0xC2, 0x64 },  // 耫
    { 0x802C, 0xC2, 0x65 },  // 耬
    { 0x802D, 0xC2, 0x66 },  // 耭
    { 0x802E, 0xC2, 0x67 },  // 耮
    { 0x802F, 0xC2, 0x68 },  // 耯
    { 0x8030, 0xC2, 0x69 },  // 耰
    { 0x8031, 0xF1, 0xF2 },  // 耱
    { 0x8032, 0xC2, 0x6A },  // 耲
    { 0x8033, 0xB6, 0xFA },  // 耳
    { 0x8034, 0xC2, 0x6B },  // 耴
    { 0x8035, 0xF1, 0xF4 },  // 耵
    { 0x8036, 0xD2, 0xAE },  // 耶
    { 0x8037, 0xDE, 0xC7 },  // 耷
    { 0x8038, 0xCB, 0xCA },  // 耸
    { 0x8039, 0xC2, 0x6C },  // 耹
    { 0x803A, 0xC2, 0x6D },  // 耺
    { 0x803B, 0xB3, 0xDC },  // 耻
    { 0x803C, 0xC2, 0x6E },  // 耼
    { 0x803D, 0xB5, 0xA2 },  // 耽
    { 0x803E, 0xC2, 0x6F },  // 耾
    { 0x803F, 0xB9, 0xA2 },  // 耿
    { 0x8040, 0xC2, 0x70 },  // 聀
    { 0x8041, 0xC2, 0x71 },  // 聁
    { 0x8042, 0xC4, 0xF4 },  // 聂
    { 0x8043, 0xF1, 0xF5 },  // 聃
    { 0x8044, 0xC2, 0x72 },  // 聄
    { 0x8045, 0xC2, 0x73 },  // 聅
    { 0x8046, 0xF1, 0xF6 },  // 聆
    { 0x8047, 0xC2, 0x74 },  // 聇
    { 0x8048, 0xC2, 0x75 },  // 聈
    { 0x8049, 0xC2, 0x76 },  // 聉
    { 0x804A, 0xC1, 0xC4 },  // 聊
    { 0x804B, 0xC1, 0xFB },  // 聋
    { 0x804C, 0xD6, 0xB0 },  // 职
    { 0x804D, 0xF1, 0xF7 },  // 聍
    { 0x804E, 0xC2, 0x77 },  // 聎
    { 0x804F, 0xC2, 0x78 },  // 聏
    { 0x8050, 0xC2, 0x79 },  // 聐
    { 0x8051, 0xC2, 0x7A },  // 聑
    { 0x8052, 0xF1, 0xF8 },  // 聒
    { 0x8053, 0xC2, 0x7B },  // 聓
    { 0x8054, 0xC1, 0xAA },  // 联
    { 0x8055, 0xC2, 0x7C },  // 聕
    { 0x8056, 0xC2, 0x7D },  // 聖
    { 0x8057, 0xC2, 0x7E },  // 聗
    { 0x8058, 0xC6, 0xB8 },  // 聘
    { 0x8059, 0xC2, 0x80 },  // 聙
    { 0x805A, 0xBE, 0xDB },  // 聚
    { 0x805B, 0xC2, 0x81 },  // 聛
    { 0x805C, 0xC2, 0x82 },  // 聜
    { 0x805D, 0xC2, 0x83 },  // 聝
    { 0x805E, 0xC2, 0x84 },  // 聞
    { 0x805F, 0xC2, 0x85 },  // 聟
    { 0x8060, 0xC2, 0x86 },  // 聠
    { 0x8061, 0xC2, 0x87 },  // 聡
    { 0x8062, 0xC2, 0x88 },  // 聢
    { 0x8063, 0xC2, 0x89 },  // 聣
    { 0x8064, 0xC2, 0x8A },  // 聤
    { 0x8065, 0xC2, 0x8B },  // 聥
    { 0x8066, 0xC2, 0x8C },  // 聦
    { 0x8067, 0xC2, 0x8D },  // 聧
    { 0x8068, 0xC2, 0x8E },  // 聨
    { 0x8069, 0xF1, 0xF9 },  // 聩
    { 0x806A, 0xB4, 0xCF },  // 聪
    { 0x806B, 0xC2, 0x8F },  // 聫
    { 0x806C, 0xC2, 0x90 },  // 聬
    { 0x806D, 0xC2, 0x91 },  // 聭
    { 0x806E, 0xC2, 0x92 },  // 聮
    { 0x806F, 0xC2, 0x93 },  // 聯
    { 0x8070, 0xC2, 0x94 },  // 聰
    { 0x8071, 0xF1, 0xFA },  // 聱
    { 0x8072, 0xC2, 0x95 },  // 聲
    { 0x8073, 0xC2, 0x96 },  // 聳
    { 0x8074, 0xC2, 0x97 },  // 聴
    { 0x8075, 0xC2, 0x98 },  // 聵
    { 0x8076, 0xC2, 0x99 },  // 聶
    { 0x8077, 0xC2, 0x9A },  // 職
    { 0x8078, 0xC2, 0x9B },  // 聸
    { 0x8079, 0xC2, 0x9C },  // 聹
    { 0x807A, 0xC2, 0x9D },  // 聺
    { 0x807B, 0xC2, 0x9E },  // 聻
    { 0x807C, 0xC2, 0x9F },  // 聼
    { 0x807D, 0xC2, 0xA0 },  // 聽
    { 0x807E, 0xC3, 0x40 },  // 聾
    { 0x807F, 0xED, 0xB2 },  // 聿
    { 0x8080, 0xED, 0xB1 },  // 肀
    { 0x8081, 0xC3, 0x41 },  // 肁
    { 0x8082, 0xC3, 0x42 },  // 肂
    { 0x8083, 0xCB, 0xE0 },  // 肃
    { 0x8084, 0xD2, 0xDE },  // 肄
    { 0x8085, 0xC3, 0x43 },  // 肅
    { 0x8086, 0xCB, 0xC1 },  // 肆
    { 0x8087, 0xD5, 0xD8 },  // 肇
    { 0x8088, 0xC3, 0x44 },  // 肈
    { 0x8089, 0xC8, 0xE2 },  // 肉
    { 0x808A, 0xC3, 0x45 },  // 肊
    { 0x808B, 0xC0, 0xDF },  // 肋
    { 0x808C, 0xBC, 0xA1 },  // 肌
    { 0x808D, 0xC3, 0x46 },  // 肍
    { 0x808E, 0xC3, 0x47 },  // 肎
    { 0x808F, 0xC3, 0x48 },  // 肏
    { 0x8090, 0xC3, 0x49 },  // 肐
    { 0x8091, 0xC3, 0x4A },  // 肑
    { 0x8092, 0xC3, 0x4B },  // 肒
    { 0x8093, 0xEB, 0xC1 },  // 肓
    { 0x8094, 0xC3, 0x4C },  // 肔
    { 0x8095, 0xC3, 0x4D },  // 肕
    { 0x8096, 0xD0, 0xA4 },  // 肖
    { 0x8097, 0xC3, 0x4E },  // 肗
    { 0x8098, 0xD6, 0xE2 },  // 肘
    { 0x8099, 0xC3, 0x4F },  // 肙
    { 0x809A, 0xB6, 0xC7 },  // 肚
    { 0x809B, 0xB8, 0xD8 },  // 肛
    { 0x809C, 0xEB, 0xC0 },  // 肜
    { 0x809D, 0xB8, 0xCE },  // 肝
    { 0x809E, 0xC3, 0x50 },  // 肞
    { 0x809F, 0xEB, 0xBF },  // 肟
    { 0x80A0, 0xB3, 0xA6 },  // 肠
    { 0x80A1, 0xB9, 0xC9 },  // 股
    { 0x80A2, 0xD6, 0xAB },  // 肢
    { 0x80A3, 0xC3, 0x51 },  // 肣
    { 0x80A4, 0xB7, 0xF4 },  // 肤
    { 0x80A5, 0xB7, 0xCA },  // 肥
    { 0x80A6, 0xC3, 0x52 },  // 肦
    { 0x80A7, 0xC3, 0x53 },  // 肧
    { 0x80A8, 0xC3, 0x54 },  // 肨
    { 0x80A9, 0xBC, 0xE7 },  // 肩
    { 0x80AA, 0xB7, 0xBE },  // 肪
    { 0x80AB, 0xEB, 0xC6 },  // 肫
    { 0x80AC, 0xC3, 0x55 },  // 肬
    { 0x80AD, 0xEB, 0xC7 },  // 肭
    { 0x80AE, 0xB0, 0xB9 },  // 肮
    { 0x80AF, 0xBF, 0xCF },  // 肯
    { 0x80B0, 0xC3, 0x56 },  // 肰
    { 0x80B1, 0xEB, 0xC5 },  // 肱
    { 0x80B2, 0xD3, 0xFD },  // 育
    { 0x80B3, 0xC3, 0x57 },  // 肳
    { 0x80B4, 0xEB, 0xC8 },  // 肴
    { 0x80B5, 0xC3, 0x58 },  // 肵
    { 0x80B6, 0xC3, 0x59 },  // 肶
    { 0x80B7, 0xEB, 0xC9 },  // 肷
    { 0x80B8, 0xC3, 0x5A },  // 肸
    { 0x80B9, 0xC3, 0x5B },  // 肹
    { 0x80BA, 0xB7, 0xCE },  // 肺
    { 0x80BB, 0xC3, 0x5C },  // 肻
    { 0x80BC, 0xEB, 0xC2 },  // 肼
    { 0x80BD, 0xEB, 0xC4 },  // 肽
    { 0x80BE, 0xC9, 0xF6 },  // 肾
    { 0x80BF, 0xD6, 0xD7 },  // 肿
    { 0x80C0, 0xD5, 0xCD },  // 胀
    { 0x80C1, 0xD0, 0xB2 },  // 胁
    { 0x80C2, 0xEB, 0xCF },  // 胂
    { 0x80C3, 0xCE, 0xB8 },  // 胃
    { 0x80C4, 0xEB, 0xD0 },  // 胄
    { 0x80C5, 0xC3, 0x5D },  // 胅
    { 0x80C6, 0xB5, 0xA8 },  // 胆
    { 0x80C7, 0xC3, 0x5E },  // 胇
    { 0x80C8, 0xC3, 0x5F },  // 胈
    { 0x80C9, 0xC3, 0x60 },  // 胉
    { 0x80CA, 0xC3, 0x61 },  // 胊
    { 0x80CB, 0xC3, 0x62 },  // 胋
    { 0x80CC, 0xB1, 0xB3 },  // 背
    { 0x80CD, 0xEB, 0xD2 },  // 胍
    { 0x80CE, 0xCC, 0xA5 },  // 胎
    { 0x80CF, 0xC3, 0x63 },  // 胏
    { 0x80D0, 0xC3, 0x64 },  // 胐
    { 0x80D1, 0xC3, 0x65 },  // 胑
    { 0x80D2, 0xC3, 0x66 },  // 胒
    { 0x80D3, 0xC3, 0x67 },  // 胓
    { 0x80D4, 0xC3, 0x68 },  // 胔
    { 0x80D5, 0xC3, 0x69 },  // 胕
    { 0x80D6, 0xC5, 0xD6 },  // 胖
    { 0x80D7, 0xEB, 0xD3 },  // 胗
    { 0x80D8, 0xC3, 0x6A },  // 胘
    { 0x80D9, 0xEB, 0xD1 },  // 胙
    { 0x80DA, 0xC5, 0xDF },  // 胚
    { 0x80DB, 0xEB, 0xCE },  // 胛
    { 0x80DC, 0xCA, 0xA4 },  // 胜
    { 0x80DD, 0xEB, 0xD5 },  // 胝
    { 0x80DE, 0xB0, 0xFB },  // 胞
    { 0x80DF, 0xC3, 0x6B },  // 胟
    { 0x80E0, 0xC3, 0x6C },  // 胠
    { 0x80E1, 0xBA, 0xFA },  // 胡
    { 0x80E2, 0xC3, 0x6D },  // 胢
    { 0x80E3, 0xC3, 0x6E },  // 胣
    { 0x80E4, 0xD8, 0xB7 },  // 胤
    { 0x80E5, 0xF1, 0xE3 },  // 胥
    { 0x80E6, 0xC3, 0x6F },  // 胦
    { 0x80E7, 0xEB, 0xCA },  // 胧
    { 0x80E8, 0xEB, 0xCB },  // 胨
    { 0x80E9, 0xEB, 0xCC },  // 胩
    { 0x80EA, 0xEB, 0xCD },  // 胪
    { 0x80EB, 0xEB, 0xD6 },  // 胫
    { 0x80EC, 0xE6, 0xC0 },  // 胬
    { 0x80ED, 0xEB, 0xD9 },  // 胭
    { 0x80EE, 0xC3, 0x70 },  // 胮
    { 0x80EF, 0xBF, 0xE8 },  // 胯
    { 0x80F0, 0xD2, 0xC8 },  // 胰
    { 0x80F1, 0xEB, 0xD7 },  // 胱
    { 0x80F2, 0xEB, 0xDC },  // 胲
    { 0x80F3, 0xB8, 0xEC },  // 胳
    { 0x80F4, 0xEB, 0xD8 },  // 胴
    { 0x80F5, 0xC3, 0x71 },  // 胵
    { 0x80F6, 0xBD, 0xBA },  // 胶
    { 0x80F7, 0xC3, 0x72 },  // 胷
    { 0x80F8, 0xD0, 0xD8 },  // 胸
    { 0x80F9, 0xC3, 0x73 },  // 胹
    { 0x80FA, 0xB0, 0xB7 },  // 胺
    { 0x80FB, 0xC3, 0x74 },  // 胻
    { 0x80FC, 0xEB, 0xDD },  // 胼
    { 0x80FD, 0xC4, 0xDC },  // 能
    { 0x80FE, 0xC3, 0x75 },  // 胾
    { 0x80FF, 0xC3, 0x76 },  // 胿
    { 0x8100, 0xC3, 0x77 },  // 脀
    { 0x8101, 0xC3, 0x78 },  // 脁
    { 0x8102, 0xD6, 0xAC },  // 脂
    { 0x8103, 0xC3, 0x79 },  // 脃
    { 0x8104, 0xC3, 0x7A },  // 脄
    { 0x8105, 0xC3, 0x7B },  // 脅
    { 0x8106, 0xB4, 0xE0 },  // 脆
    { 0x8107, 0xC3, 0x7C },  // 脇
    { 0x8108, 0xC3, 0x7D },  // 脈
    { 0x8109, 0xC2, 0xF6 },  // 脉
    { 0x810A, 0xBC, 0xB9 },  // 脊
    { 0x810B, 0xC3, 0x7E },  // 脋
    { 0x810C, 0xC3, 0x80 },  // 脌
    { 0x810D, 0xEB, 0xDA },  // 脍
    { 0x810E, 0xEB, 0xDB },  // 脎
    { 0x810F, 0xD4, 0xE0 },  // 脏
    { 0x8110, 0xC6, 0xEA },  // 脐
    { 0x8111, 0xC4, 0xD4 },  // 脑
    { 0x8112, 0xEB, 0xDF },  // 脒
    { 0x8113, 0xC5, 0xA7 },  // 脓
    { 0x8114, 0xD9, 0xF5 },  // 脔
    { 0x8115, 0xC3, 0x81 },  // 脕
    { 0x8116, 0xB2, 0xB1 },  // 脖
    { 0x8117, 0xC3, 0x82 },  // 脗
    { 0x8118, 0xEB, 0xE4 },  // 脘
    { 0x8119, 0xC3, 0x83 },  // 脙
    { 0x811A, 0xBD, 0xC5 },  // 脚
    { 0x811B, 0xC3, 0x84 },  // 脛
    { 0x811C, 0xC3, 0x85 },  // 脜
    { 0x811D, 0xC3, 0x86 },  // 脝
    { 0x811E, 0xEB, 0xE2 },  // 脞
    { 0x811F, 0xC3, 0x87 },  // 脟
    { 0x8120, 0xC3, 0x88 },  // 脠
    { 0x8121, 0xC3, 0x89 },  // 脡
    { 0x8122, 0xC3, 0x8A },  // 脢
    { 0x8123, 0xC3, 0x8B },  // 脣
    { 0x8124, 0xC3, 0x8C },  // 脤
    { 0x8125, 0xC3, 0x8D },  // 脥
    { 0x8126, 0xC3, 0x8E },  // 脦
    { 0x8127, 0xC3, 0x8F },  // 脧
    { 0x8128, 0xC3, 0x90 },  // 脨
    { 0x8129, 0xC3, 0x91 },  // 脩
    { 0x812A, 0xC3, 0x92 },  // 脪
    { 0x812B, 0xC3, 0x93 },  // 脫
    { 0x812C, 0xEB, 0xE3 },  // 脬
    { 0x812D, 0xC3, 0x94 },  // 脭
    { 0x812E, 0xC3, 0x95 },  // 脮
    { 0x812F, 0xB8, 0xAC },  // 脯
    { 0x8130, 0xC3, 0x96 },  // 脰
    { 0x8131, 0xCD, 0xD1 },  // 脱
    { 0x8132, 0xEB, 0xE5 },  // 脲
    { 0x8133, 0xC3, 0x97 },  // 脳
    { 0x8134, 0xC3, 0x98 },  // 脴
    { 0x8135, 0xC3, 0x99 },  // 脵
    { 0x8136, 0xEB, 0xE1 },  // 脶
    { 0x8137, 0xC3, 0x9A },  // 脷
    { 0x8138, 0xC1, 0xB3 },  // 脸
    { 0x8139, 0xC3, 0x9B },  // 脹
    { 0x813A, 0xC3, 0x9C },  // 脺
    { 0x813B, 0xC3, 0x9D },  // 脻
    { 0x813C, 0xC3, 0x9E },  // 脼
    { 0x813D, 0xC3, 0x9F },  // 脽
    { 0x813E, 0xC6, 0xA2 },  // 脾
    { 0x813F, 0xC3, 0xA0 },  // 脿
    { 0x8140, 0xC4, 0x40 },  // 腀
    { 0x8141, 0xC4, 0x41 },  // 腁
    { 0x8142, 0xC4, 0x42 },  // 腂
    { 0x8143, 0xC4, 0x43 },  // 腃
    { 0x8144, 0xC4, 0x44 },  // 腄
    { 0x8145, 0xC4, 0x45 },  // 腅
    { 0x8146, 0xCC, 0xF3 },  // 腆
    { 0x8147, 0xC4, 0x46 },  // 腇
    { 0x8148, 0xEB, 0xE6 },  // 腈
    { 0x8149, 0xC4, 0x47 },  // 腉
    { 0x814A, 0xC0, 0xB0 },  // 腊
    { 0x814B, 0xD2, 0xB8 },  // 腋
    { 0x814C, 0xEB, 0xE7 },  // 腌
    { 0x814D, 0xC4, 0x48 },  // 腍
    { 0x814E, 0xC4, 0x49 },  // 腎
    { 0x814F, 0xC4, 0x4A },  // 腏
    { 0x8150, 0xB8, 0xAF },  // 腐
    { 0x8151, 0xB8, 0xAD },  // 腑
    { 0x8152, 0xC4, 0x4B },  // 腒
    { 0x8153, 0xEB, 0xE8 },  // 腓
    { 0x8154, 0xC7, 0xBB },  // 腔
    { 0x8155, 0xCD, 0xF3 },  // 腕
    { 0x8156, 0xC4, 0x4C },  // 腖
    { 0x8157, 0xC4, 0x4D },  // 腗
    { 0x8158, 0xC4, 0x4E },  // 腘
    { 0x8159, 0xEB, 0xEA },  // 腙
    { 0x815A, 0xEB, 0xEB },  // 腚
    { 0x815B, 0xC4, 0x4F },  // 腛
    { 0x815C, 0xC4, 0x50 },  // 腜
    { 0x815D, 0xC4, 0x51 },  // 腝
    { 0x815E, 0xC4, 0x52 },  // 腞
    { 0x815F, 0xC4, 0x53 },  // 腟
    { 0x8160, 0xEB, 0xED },  // 腠
    { 0x8161, 0xC4, 0x54 },  // 腡
    { 0x8162, 0xC4, 0x55 },  // 腢
    { 0x8163, 0xC4, 0x56 },  // 腣
    { 0x8164, 0xC4, 0x57 },  // 腤
    { 0x8165, 0xD0, 0xC8 },  // 腥
    { 0x8166, 0xC4, 0x58 },  // 腦
    { 0x8167, 0xEB, 0xF2 },  // 腧
    { 0x8168, 0xC4, 0x59 },  // 腨
    { 0x8169, 0xEB, 0xEE },  // 腩
    { 0x816A, 0xC4, 0x5A },  // 腪
    { 0x816B, 0xC4, 0x5B },  // 腫
    { 0x816C, 0xC4, 0x5C },  // 腬
    { 0x816D, 0xEB, 0xF1 },  // 腭
    { 0x816E, 0xC8, 0xF9 },  // 腮
    { 0x816F, 0xC4, 0x5D },  // 腯
    { 0x8170, 0xD1, 0xFC },  // 腰
    { 0x8171, 0xEB, 0xEC },  // 腱
    { 0x8172, 0xC4, 0x5E },  // 腲
    { 0x8173, 0xC4, 0x5F },  // 腳
    { 0x8174, 0xEB, 0xE9 },  // 腴
    { 0x8175, 0xC4, 0x60 },  // 腵
    { 0x8176, 0xC4, 0x61 },  // 腶
    { 0x8177, 0xC4, 0x62 },  // 腷
    { 0x8178, 0xC4, 0x63 },  // 腸
    { 0x8179, 0xB8, 0xB9 },  // 腹
    { 0x817A, 0xCF, 0xD9 },  // 腺
    { 0x817B, 0xC4, 0xE5 },  // 腻
    { 0x817C, 0xEB, 0xEF },  // 腼
    { 0x817D, 0xEB, 0xF0 },  // 腽
    { 0x817E, 0xCC, 0xDA },  // 腾
    { 0x817F, 0xCD, 0xC8 },  // 腿
    { 0x8180, 0xB0, 0xF2 },  // 膀
    { 0x8181, 0xC4, 0x64 },  // 膁
    { 0x8182, 0xEB, 0xF6 },  // 膂
    { 0x8183, 0xC4, 0x65 },  // 膃
    { 0x8184, 0xC4, 0x66 },  // 膄
    { 0x8185, 0xC4, 0x67 },  // 膅
    { 0x8186, 0xC4, 0x68 },  // 膆
    { 0x8187, 0xC4, 0x69 },  // 膇
    { 0x8188, 0xEB, 0xF5 },  // 膈
    { 0x8189, 0xC4, 0x6A },  // 膉
    { 0x818A, 0xB2, 0xB2 },  // 膊
    { 0x818B, 0xC4, 0x6B },  // 膋
    { 0x818C, 0xC4, 0x6C },  // 膌
    { 0x818D, 0xC4, 0x6D },  // 膍
    { 0x818E, 0xC4, 0x6E },  // 膎
    { 0x818F, 0xB8, 0xE0 },  // 膏
    { 0x8190, 0xC4, 0x6F },  // 膐
    { 0x8191, 0xEB, 0xF7 },  // 膑
    { 0x8192, 0xC4, 0x70 },  // 膒
    { 0x8193, 0xC4, 0x71 },  // 膓
    { 0x8194, 0xC4, 0x72 },  // 膔
    { 0x8195, 0xC4, 0x73 },  // 膕
    { 0x8196, 0xC4, 0x74 },  // 膖
    { 0x8197, 0xC4, 0x75 },  // 膗
    { 0x8198, 0xB1, 0xEC },  // 膘
    { 0x8199, 0xC4, 0x76 },  // 膙
    { 0x819A, 0xC4, 0x77 },  // 膚
    { 0x819B, 0xCC, 0xC5 },  // 膛
    { 0x819C, 0xC4, 0xA4 },  // 膜
    { 0x819D, 0xCF, 0xA5 },  // 膝
    { 0x819E, 0xC4, 0x78 },  // 膞
    { 0x819F, 0xC4, 0x79 },  // 膟
    { 0x81A0, 0xC4, 0x7A },  // 膠
    { 0x81A1, 0xC4, 0x7B },  // 膡
    { 0x81A2, 0xC4, 0x7C },  // 膢
    { 0x81A3, 0xEB, 0xF9 },  // 膣
    { 0x81A4, 0xC4, 0x7D },  // 膤
    { 0x81A5, 0xC4, 0x7E },  // 膥
    { 0x81A6, 0xEC, 0xA2 },  // 膦
    { 0x81A7, 0xC4, 0x80 },  // 膧
    { 0x81A8, 0xC5, 0xF2 },  // 膨
    { 0x81A9, 0xC4, 0x81 },  // 膩
    { 0x81AA, 0xEB, 0xFA },  // 膪
    { 0x81AB, 0xC4, 0x82 },  // 膫
    { 0x81AC, 0xC4, 0x83 },  // 膬
    { 0x81AD, 0xC4, 0x84 },  // 膭
    { 0x81AE, 0xC4, 0x85 },  // 膮
    { 0x81AF, 0xC4, 0x86 },  // 膯
    { 0x81B0, 0xC4, 0x87 },  // 膰
    { 0x81B1, 0xC4, 0x88 },  // 膱
    { 0x81B2, 0xC4, 0x89 },  // 膲
    { 0x81B3, 0xC9, 0xC5 },  // 膳
    { 0x81B4, 0xC4, 0x8A },  // 膴
    { 0x81B5, 0xC4, 0x8B },  // 膵
    { 0x81B6, 0xC4, 0x8C },  // 膶
    { 0x81B7, 0xC4, 0x8D },  // 膷
    { 0x81B8, 0xC4, 0x8E },  // 膸
    { 0x81B9, 0xC4, 0x8F },  // 膹
    { 0x81BA, 0xE2, 0xDF },  // 膺
    { 0x81BB, 0xEB, 0xFE },  // 膻
    { 0x81BC, 0xC4, 0x90 },  // 膼
    { 0x81BD, 0xC4, 0x91 },  // 膽
    { 0x81BE, 0xC4, 0x92 },  // 膾
    { 0x81BF, 0xC4, 0x93 },  // 膿
    { 0x81C0, 0xCD, 0xCE },  // 臀
    { 0x81C1, 0xEC, 0xA1 },  // 臁
    { 0x81C2, 0xB1, 0xDB },  // 臂
    { 0x81C3, 0xD3, 0xB7 },  // 臃
    { 0x81C4, 0xC4, 0x94 },  // 臄
    { 0x81C5, 0xC4, 0x95 },  // 臅
    { 0x81C6, 0xD2, 0xDC },  // 臆
    { 0x81C7, 0xC4, 0x96 },  // 臇
    { 0x81C8, 0xC4, 0x97 },  // 臈
    { 0x81C9, 0xC4, 0x98 },  // 臉
    { 0x81CA, 0xEB, 0xFD },  // 臊
    { 0x81CB, 0xC4, 0x99 },  // 臋
    { 0x81CC, 0xEB, 0xFB },  // 臌
    { 0x81CD, 0xC4, 0x9A },  // 臍
    { 0x81CE, 0xC4, 0x9B },  // 臎
    { 0x81CF, 0xC4, 0x9C },  // 臏
    { 0x81D0, 0xC4, 0x9D },  // 臐
    { 0x81D1, 0xC4, 0x9E },  // 臑
    { 0x81D2, 0xC4, 0x9F },  // 臒
    { 0x81D3, 0xC4, 0xA0 },  // 臓
    { 0x81D4, 0xC5, 0x40 },  // 臔
    { 0x81D5, 0xC5, 0x41 },  // 臕
    { 0x81D6, 0xC5, 0x42 },  // 臖
    { 0x81D7, 0xC5, 0x43 },  // 臗
    { 0x81D8, 0xC5, 0x44 },  // 臘
    { 0x81D9, 0xC5, 0x45 },  // 臙
    { 0x81DA, 0xC5, 0x46 },  // 臚
    { 0x81DB, 0xC5, 0x47 },  // 臛
    { 0x81DC, 0xC5, 0x48 },  // 臜
    { 0x81DD, 0xC5, 0x49 },  // 臝
    { 0x81DE, 0xC5, 0x4A },  // 臞
    { 0x81DF, 0xC5, 0x4B },  // 臟
    { 0x81E0, 0xC5, 0x4C },  // 臠
    { 0x81E1, 0xC5, 0x4D },  // 臡
    { 0x81E2, 0xC5, 0x4E },  // 臢
    { 0x81E3, 0xB3, 0xBC },  // 臣
    { 0x81E4, 0xC5, 0x4F },  // 臤
    { 0x81E5, 0xC5, 0x50 },  // 臥
    { 0x81E6, 0xC5, 0x51 },  // 臦
    { 0x81E7, 0xEA, 0xB0 },  // 臧
    { 0x81E8, 0xC5, 0x52 },  // 臨
    { 0x81E9, 0xC5, 0x53 },  // 臩
    { 0x81EA, 0xD7, 0xD4 },  // 自
    { 0x81EB, 0xC5, 0x54 },  // 臫
    { 0x81EC, 0xF4, 0xAB },  // 臬
    { 0x81ED, 0xB3, 0xF4 },  // 臭
    { 0x81EE, 0xC5, 0x55 },  // 臮
    { 0x81EF, 0xC5, 0x56 },  // 臯
    { 0x81F0, 0xC5, 0x57 },  // 臰
    { 0x81F1, 0xC5, 0x58 },  // 臱
    { 0x81F2, 0xC5, 0x59 },  // 臲
    { 0x81F3, 0xD6, 0xC1 },  // 至
    { 0x81F4, 0xD6, 0xC2 },  // 致
    { 0x81F5, 0xC5, 0x5A },  // 臵
    { 0x81F6, 0xC5, 0x5B },  // 臶
    { 0x81F7, 0xC5, 0x5C },  // 臷
    { 0x81F8, 0xC5, 0x5D },  // 臸
    { 0x81F9, 0xC5, 0x5E },  // 臹
    { 0x81FA, 0xC5, 0x5F },  // 臺
    { 0x81FB, 0xD5, 0xE9 },  // 臻
    { 0x81FC, 0xBE, 0xCA },  // 臼
    { 0x81FD, 0xC5, 0x60 },  // 臽
    { 0x81FE, 0xF4, 0xA7 },  // 臾
    { 0x81FF, 0xC5, 0x61 },  // 臿
    { 0x8200, 0xD2, 0xA8 },  // 舀
    { 0x8201, 0xF4, 0xA8 },  // 舁
    { 0x8202, 0xF4, 0xA9 },  // 舂
    { 0x8203, 0xC5, 0x62 },  // 舃
    { 0x8204, 0xF4, 0xAA },  // 舄
    { 0x8205, 0xBE, 0xCB },  // 舅
    { 0x8206, 0xD3, 0xDF },  // 舆
    { 0x8207, 0xC5, 0x63 },  // 與
    { 0x8208, 0xC5, 0x64 },  // 興
    { 0x8209, 0xC5, 0x65 },  // 舉
    { 0x820A, 0xC5, 0x66 },  // 舊
    { 0x820B, 0xC5, 0x67 },  // 舋
    { 0x820C, 0xC9, 0xE0 },  // 舌
    { 0x820D, 0xC9, 0xE1 },  // 舍
    { 0x820E, 0xC5, 0x68 },  // 舎
    { 0x820F, 0xC5, 0x69 },  // 舏
    { 0x8210, 0xF3, 0xC2 },  // 舐
    { 0x8211, 0xC5, 0x6A },  // 舑
    { 0x8212, 0xCA, 0xE6 },  // 舒
    { 0x8213, 0xC5, 0x6B },  // 舓
    { 0x8214, 0xCC, 0xF2 },  // 舔
    { 0x8215, 0xC5, 0x6C },  // 舕
    { 0x8216, 0xC5, 0x6D },  // 舖
    { 0x8217, 0xC5, 0x6E },  // 舗
    { 0x8218, 0xC5, 0x6F },  // 舘
    { 0x8219, 0xC5, 0x70 },  // 舙
    { 0x821A, 0xC5, 0x71 },  // 舚
    { 0x821B, 0xE2, 0xB6 },  // 舛
    { 0x821C, 0xCB, 0xB4 },  // 舜
    { 0x821D, 0xC5, 0x72 },  // 舝
    { 0x821E, 0xCE, 0xE8 },  // 舞
    { 0x821F, 0xD6, 0xDB },  // 舟
    { 0x8220, 0xC5, 0x73 },  // 舠
    { 0x8221, 0xF4, 0xAD },  // 舡
    { 0x8222, 0xF4, 0xAE },  // 舢
    { 0x8223, 0xF4, 0xAF },  // 舣
    { 0x8224, 0xC5, 0x74 },  // 舤
    { 0x8225, 0xC5, 0x75 },  // 舥
    { 0x8226, 0xC5, 0x76 },  // 舦
    { 0x8227, 0xC5, 0x77 },  // 舧
    { 0x8228, 0xF4, 0xB2 },  // 舨
    { 0x8229, 0xC5, 0x78 },  // 舩
    { 0x822A, 0xBA, 0xBD },  // 航
    { 0x822B, 0xF4, 0xB3 },  // 舫
    { 0x822C, 0xB0, 0xE3 },  // 般
    { 0x822D, 0xF4, 0xB0 },  // 舭
    { 0x822E, 0xC5, 0x79 },  // 舮
    { 0x822F, 0xF4, 0xB1 },  // 舯
    { 0x8230, 0xBD, 0xA2 },  // 舰
    { 0x8231, 0xB2, 0xD5 },  // 舱
    { 0x8232, 0xC5, 0x7A },  // 舲
    { 0x8233, 0xF4, 0xB6 },  // 舳
    { 0x8234, 0xF4, 0xB7 },  // 舴
    { 0x8235, 0xB6, 0xE6 },  // 舵
    { 0x8236, 0xB2, 0xB0 },  // 舶
    { 0x8237, 0xCF, 0xCF },  // 舷
    { 0x8238, 0xF4, 0xB4 },  // 舸
    { 0x8239, 0xB4, 0xAC },  // 船
    { 0x823A, 0xC5, 0x7B },  // 舺
    { 0x823B, 0xF4, 0xB5 },  // 舻
    { 0x823C, 0xC5, 0x7C },  // 舼
    { 0x823D, 0xC5, 0x7D },  // 舽
    { 0x823E, 0xF4, 0xB8 },  // 舾
    { 0x823F, 0xC5, 0x7E },  // 舿
    { 0x8240, 0xC5, 0x80 },  // 艀
    { 0x8241, 0xC5, 0x81 },  // 艁
    { 0x8242, 0xC5, 0x82 },  // 艂
    { 0x8243, 0xC5, 0x83 },  // 艃
    { 0x8244, 0xF4, 0xB9 },  // 艄
    { 0x8245, 0xC5, 0x84 },  // 艅
    { 0x8246, 0xC5, 0x85 },  // 艆
    { 0x8247, 0xCD, 0xA7 },  // 艇
    { 0x8248, 0xC5, 0x86 },  // 艈
    { 0x8249, 0xF4, 0xBA },  // 艉
    { 0x824A, 0xC5, 0x87 },  // 艊
    { 0x824B, 0xF4, 0xBB },  // 艋
    { 0x824C, 0xC5, 0x88 },  // 艌
    { 0x824D, 0xC5, 0x89 },  // 艍
    { 0x824E, 0xC5, 0x8A },  // 艎
    { 0x824F, 0xF4, 0xBC },  // 艏
    { 0x8250, 0xC5, 0x8B },  // 艐
    { 0x8251, 0xC5, 0x8C },  // 艑
    { 0x8252, 0xC5, 0x8D },  // 艒
    { 0x8253, 0xC5, 0x8E },  // 艓
    { 0x8254, 0xC5, 0x8F },  // 艔
    { 0x8255, 0xC5, 0x90 },  // 艕
    { 0x8256, 0xC5, 0x91 },  // 艖
    { 0x8257, 0xC5, 0x92 },  // 艗
    { 0x8258, 0xCB, 0xD2 },  // 艘
    { 0x8259, 0xC5, 0x93 },  // 艙
    { 0x825A, 0xF4, 0xBD },  // 艚
    { 0x825B, 0xC5, 0x94 },  // 艛
    { 0x825C, 0xC5, 0x95 },  // 艜
    { 0x825D, 0xC5, 0x96 },  // 艝
    { 0x825E, 0xC5, 0x97 },  // 艞
    { 0x825F, 0xF4, 0xBE },  // 艟
    { 0x8260, 0xC5, 0x98 },  // 艠
    { 0x8261, 0xC5, 0x99 },  // 艡
    { 0x8262, 0xC5, 0x9A },  // 艢
    { 0x8263, 0xC5, 0x9B },  // 艣
    { 0x8264, 0xC5, 0x9C },  // 艤
    { 0x8265, 0xC5, 0x9D },  // 艥
    { 0x8266, 0xC5, 0x9E },  // 艦
    { 0x8267, 0xC5, 0x9F },  // 艧
    { 0x8268, 0xF4, 0xBF },  // 艨
    { 0x8269, 0xC5, 0xA0 },  // 艩
    { 0x826A, 0xC6, 0x40 },  // 艪
    { 0x826B, 0xC6, 0x41 },  // 艫
    { 0x826C, 0xC6, 0x42 },  // 艬
    { 0x826D, 0xC6, 0x43 },  // 艭
    { 0x826E, 0xF4, 0xDE },  // 艮
    { 0x826F, 0xC1, 0xBC },  // 良
    { 0x8270, 0xBC, 0xE8 },  // 艰
    { 0x8271, 0xC6, 0x44 },  // 艱
    { 0x8272, 0xC9, 0xAB },  // 色
    { 0x8273, 0xD1, 0xDE },  // 艳
    { 0x8274, 0xE5, 0xF5 },  // 艴
    { 0x8275, 0xC6, 0x45 },  // 艵
    { 0x8276, 0xC6, 0x46 },  // 艶
    { 0x8277, 0xC6, 0x47 },  // 艷
    { 0x8278, 0xC6, 0x48 },  // 艸
    { 0x8279, 0xDC, 0xB3 },  // 艹
    { 0x827A, 0xD2, 0xD5 },  // 艺
    { 0x827B, 0xC6, 0x49 },  // 艻
    { 0x827C, 0xC6, 0x4A },  // 艼
    { 0x827D, 0xDC, 0xB4 },  // 艽
    { 0x827E, 0xB0, 0xAC },  // 艾
    { 0x827F, 0xDC, 0xB5 },  // 艿
    { 0x8280, 0xC6, 0x4B },  // 芀
    { 0x8281, 0xC6, 0x4C },  // 芁
    { 0x8282, 0xBD, 0xDA },  // 节
    { 0x8283, 0xC6, 0x4D },  // 芃
    { 0x8284, 0xDC, 0xB9 },  // 芄
    { 0x8285, 0xC6, 0x4E },  // 芅
    { 0x8286, 0xC6, 0x4F },  // 芆
    { 0x8287, 0xC6, 0x50 },  // 芇
    { 0x8288, 0xD8, 0xC2 },  // 芈
    { 0x8289, 0xC6, 0x51 },  // 芉
    { 0x828A, 0xDC, 0xB7 },  // 芊
    { 0x828B, 0xD3, 0xF3 },  // 芋
    { 0x828C, 0xC6, 0x52 },  // 芌
    { 0x828D, 0xC9, 0xD6 },  // 芍
    { 0x828E, 0xDC, 0xBA },  // 芎
    { 0x828F, 0xDC, 0xB6 },  // 芏
    { 0x8290, 0xC6, 0x53 },  // 芐
    { 0x8291, 0xDC, 0xBB },  // 芑
    { 0x8292, 0xC3, 0xA2 },  // 芒
    { 0x8293, 0xC6, 0x54 },  // 芓
    { 0x8294, 0xC6, 0x55 },  // 芔
    { 0x8295, 0xC6, 0x56 },  // 芕
    { 0x8296, 0xC6, 0x57 },  // 芖
    { 0x8297, 0xDC, 0xBC },  // 芗
    { 0x8298, 0xDC, 0xC5 },  // 芘
    { 0x8299, 0xDC, 0xBD },  // 芙
    { 0x829A, 0xC6, 0x58 },  // 芚
    { 0x829B, 0xC6, 0x59 },  // 芛
    { 0x829C, 0xCE, 0xDF },  // 芜
    { 0x829D, 0xD6, 0xA5 },  // 芝
    { 0x829E, 0xC6, 0x5A },  // 芞
    { 0x829F, 0xDC, 0xCF },  // 芟
    { 0x82A0, 0xC6, 0x5B },  // 芠
    { 0x82A1, 0xDC, 0xCD },  // 芡
    { 0x82A2, 0xC6, 0x5C },  // 芢
    { 0x82A3, 0xC6, 0x5D },  // 芣
    { 0x82A4, 0xDC, 0xD2 },  // 芤
    { 0x82A5, 0xBD, 0xE6 },  // 芥
    { 0x82A6, 0xC2, 0xAB },  // 芦
    { 0x82A7, 0xC6, 0x5E },  // 芧
    { 0x82A8, 0xDC, 0xB8 },  // 芨
    { 0x82A9, 0xDC, 0xCB },  // 芩
    { 0x82AA, 0xDC, 0xCE },  // 芪
    { 0x82AB, 0xDC, 0xBE },  // 芫
    { 0x82AC, 0xB7, 0xD2 },  // 芬
    { 0x82AD, 0xB0, 0xC5 },  // 芭
    { 0x82AE, 0xDC, 0xC7 },  // 芮
    { 0x82AF, 0xD0, 0xBE },  // 芯
    { 0x82B0, 0xDC, 0xC1 },  // 芰
    { 0x82B1, 0xBB, 0xA8 },  // 花
    { 0x82B2, 0xC6, 0x5F },  // 芲
    { 0x82B3, 0xB7, 0xBC },  // 芳
    { 0x82B4, 0xDC, 0xCC },  // 芴
    { 0x82B5, 0xC6, 0x60 },  // 芵
    { 0x82B6, 0xC6, 0x61 },  // 芶
    { 0x82B7, 0xDC, 0xC6 },  // 芷
    { 0x82B8, 0xDC, 0xBF },  // 芸
    { 0x82B9, 0xC7, 0xDB },  // 芹
    { 0x82BA, 0xC6, 0x62 },  // 芺
    { 0x82BB, 0xC6, 0x63 },  // 芻
    { 0x82BC, 0xC6, 0x64 },  // 芼
    { 0x82BD, 0xD1, 0xBF },  // 芽
    { 0x82BE, 0xDC, 0xC0 },  // 芾
    { 0x82BF, 0xC6, 0x65 },  // 芿
    { 0x82C0, 0xC6, 0x66 },  // 苀
    { 0x82C1, 0xDC, 0xCA },  // 苁
    { 0x82C2, 0xC6, 0x67 },  // 苂
    { 0x82C3, 0xC6, 0x68 },  // 苃
    { 0x82C4, 0xDC, 0xD0 },  // 苄
    { 0x82C5, 0xC6, 0x69 },  // 苅
    { 0x82C6, 0xC6, 0x6A },  // 苆
    { 0x82C7, 0xCE, 0xAD },  // 苇
    { 0x82C8, 0xDC, 0xC2 },  // 苈
    { 0x82C9, 0xC6, 0x6B },  // 苉
    { 0x82CA, 0xDC, 0xC3 },  // 苊
    { 0x82CB, 0xDC, 0xC8 },  // 苋
    { 0x82CC, 0xDC, 0xC9 },  // 苌
    { 0x82CD, 0xB2, 0xD4 },  // 苍
    { 0x82CE, 0xDC, 0xD1 },  // 苎
    { 0x82CF, 0xCB, 0xD5 },  // 苏
    { 0x82D0, 0xC6, 0x6C },  // 苐
    { 0x82D1, 0xD4, 0xB7 },  // 苑
    { 0x82D2, 0xDC, 0xDB },  // 苒
    { 0x82D3, 0xDC, 0xDF },  // 苓
    { 0x82D4, 0xCC, 0xA6 },  // 苔
    { 0x82D5, 0xDC, 0xE6 },  // 苕
    { 0x82D6, 0xC6, 0x6D },  // 苖
    { 0x82D7, 0xC3, 0xE7 },  // 苗
    { 0x82D8, 0xDC, 0xDC },  // 苘
    { 0x82D9, 0xC6, 0x6E },  // 苙
    { 0x82DA, 0xC6, 0x6F },  // 苚
    { 0x82DB, 0xBF, 0xC1 },  // 苛
    { 0x82DC, 0xDC, 0xD9 },  // 苜
    { 0x82DD, 0xC6, 0x70 },  // 苝
    { 0x82DE, 0xB0, 0xFA },  // 苞
    { 0x82DF, 0xB9, 0xB6 },  // 苟
    { 0x82E0, 0xDC, 0xE5 },  // 苠
    { 0x82E1, 0xDC, 0xD3 },  // 苡
    { 0x82E2, 0xC6, 0x71 },  // 苢
    { 0x82E3, 0xDC, 0xC4 },  // 苣
    { 0x82E4, 0xDC, 0xD6 },  // 苤
    { 0x82E5, 0xC8, 0xF4 },  // 若
    { 0x82E6, 0xBF, 0xE0 },  // 苦
    { 0x82E7, 0xC6, 0x72 },  // 苧
    { 0x82E8, 0xC6, 0x73 },  // 苨
    { 0x82E9, 0xC6, 0x74 },  // 苩
    { 0x82EA, 0xC6, 0x75 },  // 苪
    { 0x82EB, 0xC9, 0xBB },  // 苫
    { 0x82EC, 0xC6, 0x76 },  // 苬
    { 0x82ED, 0xC6, 0x77 },  // 苭
    { 0x82EE, 0xC6, 0x78 },  // 苮
    { 0x82EF, 0xB1, 0xBD },  // 苯
    { 0x82F0, 0xC6, 0x79 },  // 苰
    { 0x82F1, 0xD3, 0xA2 },  // 英
    { 0x82F2, 0xC6, 0x7A },  // 苲
    { 0x82F3, 0xC6, 0x7B },  // 苳
    { 0x82F4, 0xDC, 0xDA },  // 苴
    { 0x82F5, 0xC6, 0x7C },  // 苵
    { 0x82F6, 0xC6, 0x7D },  // 苶
    { 0x82F7, 0xDC, 0xD5 },  // 苷
    { 0x82F8, 0xC6, 0x7E },  // 苸
    { 0x82F9, 0xC6, 0xBB },  // 苹
    { 0x82FA, 0xC6, 0x80 },  // 苺
    { 0x82FB, 0xDC, 0xDE },  // 苻
    { 0x82FC, 0xC6, 0x81 },  // 苼
    { 0x82FD, 0xC6, 0x82 },  // 苽
    { 0x82FE, 0xC6, 0x83 },  // 苾
    { 0x82FF, 0xC6, 0x84 },  // 苿
    { 0x8300, 0xC6, 0x85 },  // 茀
    { 0x8301, 0xD7, 0xC2 },  // 茁
    { 0x8302, 0xC3, 0xAF },  // 茂
    { 0x8303, 0xB7, 0xB6 },  // 范
    { 0x8304, 0xC7, 0xD1 },  // 茄
    { 0x8305, 0xC3, 0xA9 },  // 茅
    { 0x8306, 0xDC, 0xE2 },  // 茆
    { 0x8307, 0xDC, 0xD8 },  // 茇
    { 0x8308, 0xDC, 0xEB },  // 茈
    { 0x8309, 0xDC, 0xD4 },  // 茉
    { 0x830A, 0xC6, 0x86 },  // 茊
    { 0x830B, 0xC6, 0x87 },  // 茋
    { 0x830C, 0xDC, 0xDD },  // 茌
    { 0x830D, 0xC6, 0x88 },  // 茍
    { 0x830E, 0xBE, 0xA5 },  // 茎
    { 0x830F, 0xDC, 0xD7 },  // 茏
    { 0x8310, 0xC6, 0x89 },  // 茐
    { 0x8311, 0xDC, 0xE0 },  // 茑
    { 0x8312, 0xC6, 0x8A },  // 茒
    { 0x8313, 0xC6, 0x8B },  // 茓
    { 0x8314, 0xDC, 0xE3 },  // 茔
    { 0x8315, 0xDC, 0xE4 },  // 茕
    { 0x8316, 0xC6, 0x8C },  // 茖
    { 0x8317, 0xDC, 0xF8 },  // 茗
    { 0x8318, 0xC6, 0x8D },  // 茘
    { 0x8319, 0xC6, 0x8E },  // 茙
    { 0x831A, 0xDC, 0xE1 },  // 茚
    { 0x831B, 0xDD, 0xA2 },  // 茛
    { 0x831C, 0xDC, 0xE7 },  // 茜
    { 0x831D, 0xC6, 0x8F },  // 茝
    { 0x831E, 0xC6, 0x90 },  // 茞
    { 0x831F, 0xC6, 0x91 },  // 茟
    { 0x8320, 0xC6, 0x92 },  // 茠
    { 0x8321, 0xC6, 0x93 },  // 茡
    { 0x8322, 0xC6, 0x94 },  // 茢
    { 0x8323, 0xC6, 0x95 },  // 茣
    { 0x8324, 0xC6, 0x96 },  // 茤
    { 0x8325, 0xC6, 0x97 },  // 茥
    { 0x8326, 0xC6, 0x98 },  // 茦
    { 0x8327, 0xBC, 0xEB },  // 茧
    { 0x8328, 0xB4, 0xC4 },  // 茨
    { 0x8329, 0xC6, 0x99 },  // 茩
    { 0x832A, 0xC6, 0x9A },  // 茪
    { 0x832B, 0xC3, 0xA3 },  // 茫
    { 0x832C, 0xB2, 0xE7 },  // 茬
    { 0x832D, 0xDC, 0xFA },  // 茭
    { 0x832E, 0xC6, 0x9B },  // 茮
    { 0x832F, 0xDC, 0xF2 },  // 茯
    { 0x8330, 0xC6, 0x9C },  // 茰
    { 0x8331, 0xDC, 0xEF },  // 茱
    { 0x8332, 0xC6, 0x9D },  // 茲
    { 0x8333, 0xDC, 0xFC },  // 茳
    { 0x8334, 0xDC, 0xEE },  // 茴
    { 0x8335, 0xD2, 0xF0 },  // 茵
    { 0x8336, 0xB2, 0xE8 },  // 茶
    { 0x8337, 0xC6, 0x9E },  // 茷
    { 0x8338, 0xC8, 0xD7 },  // 茸
    { 0x8339, 0xC8, 0xE3 },  // 茹
    { 0x833A, 0xDC, 0xFB },  // 茺
    { 0x833B, 0xC6, 0x9F },  // 茻
    { 0x833C, 0xDC, 0xED },  // 茼
    { 0x833D, 0xC6, 0xA0 },  // 茽
    { 0x833E, 0xC7, 0x40 },  // 茾
    { 0x833F, 0xC7, 0x41 },  // 茿
    { 0x8340, 0xDC, 0xF7 },  // 荀
    { 0x8341, 0xC7, 0x42 },  // 荁
    { 0x8342, 0xC7, 0x43 },  // 荂
    { 0x8343, 0xDC, 0xF5 },  // 荃
    { 0x8344, 0xC7, 0x44 },  // 荄
    { 0x8345, 0xC7, 0x45 },  // 荅
    { 0x8346, 0xBE, 0xA3 },  // 荆
    { 0x8347, 0xDC, 0xF4 },  // 荇
    { 0x8348, 0xC7, 0x46 },  // 荈
    { 0x8349, 0xB2, 0xDD },  // 草
    { 0x834A, 0xC7, 0x47 },  // 荊
    { 0x834B, 0xC7, 0x48 },  // 荋
    { 0x834C, 0xC7, 0x49 },  // 荌
    { 0x834D, 0xC7, 0x4A },  // 荍
    { 0x834E, 0xC7, 0x4B },  // 荎
    { 0x834F, 0xDC, 0xF3 },  // 荏
    { 0x8350, 0xBC, 0xF6 },  // 荐
    { 0x8351, 0xDC, 0xE8 },  // 荑
    { 0x8352, 0xBB, 0xC4 },  // 荒
    { 0x8353, 0xC7, 0x4C },  // 荓
    { 0x8354, 0xC0, 0xF3 },  // 荔
    { 0x8355, 0xC7, 0x4D },  // 荕
    { 0x8356, 0xC7, 0x4E },  // 荖
    { 0x8357, 0xC7, 0x4F },  // 荗
    { 0x8358, 0xC7, 0x50 },  // 荘
    { 0x8359, 0xC7, 0x51 },  // 荙
    { 0x835A, 0xBC, 0xD4 },  // 荚
    { 0x835B, 0xDC, 0xE9 },  // 荛
    { 0x835C, 0xDC, 0xEA },  // 荜
    { 0x835D, 0xC7, 0x52 },  // 荝
    { 0x835E, 0xDC, 0xF1 },  // 荞
    { 0x835F, 0xDC, 0xF6 },  // 荟
    { 0x8360, 0xDC, 0xF9 },  // 荠
    { 0x8361, 0xB5, 0xB4 },  // 荡
    { 0x8362, 0xC7, 0x53 },  // 荢
    { 0x8363, 0xC8, 0xD9 },  // 荣
    { 0x8364, 0xBB, 0xE7 },  // 荤
    { 0x8365, 0xDC, 0xFE },  // 荥
    { 0x8366, 0xDC, 0xFD },  // 荦
    { 0x8367, 0xD3, 0xAB },  // 荧
    { 0x8368, 0xDD, 0xA1 },  // 荨
    { 0x8369, 0xDD, 0xA3 },  // 荩
    { 0x836A, 0xDD, 0xA5 },  // 荪
    { 0x836B, 0xD2, 0xF1 },  // 荫
    { 0x836C, 0xDD, 0xA4 },  // 荬
    { 0x836D, 0xDD, 0xA6 },  // 荭
    { 0x836E, 0xDD, 0xA7 },  // 荮
    { 0x836F, 0xD2, 0xA9 },  // 药
    { 0x8370, 0xC7, 0x54 },  // 荰
    { 0x8371, 0xC7, 0x55 },  // 荱
    { 0x8372, 0xC7, 0x56 },  // 荲
    { 0x8373, 0xC7, 0x57 },  // 荳
    { 0x8374, 0xC7, 0x58 },  // 荴
    { 0x8375, 0xC7, 0x59 },  // 荵
    { 0x8376, 0xC7, 0x5A },  // 荶
    { 0x8377, 0xBA, 0xC9 },  // 荷
    { 0x8378, 0xDD, 0xA9 },  // 荸
    { 0x8379, 0xC7, 0x5B },  // 荹
    { 0x837A, 0xC7, 0x5C },  // 荺
    { 0x837B, 0xDD, 0xB6 },  // 荻
    { 0x837C, 0xDD, 0xB1 },  // 荼
    { 0x837D, 0xDD, 0xB4 },  // 荽
    { 0x837E, 0xC7, 0x5D },  // 荾
    { 0x837F, 0xC7, 0x5E },  // 荿
    { 0x8380, 0xC7, 0x5F },  // 莀
    { 0x8381, 0xC7, 0x60 },  // 莁
    { 0x8382, 0xC7, 0x61 },  // 莂
    { 0x8383, 0xC7, 0x62 },  // 莃
    { 0x8384, 0xC7, 0x63 },  // 莄
    { 0x8385, 0xDD, 0xB0 },  // 莅
    { 0x8386, 0xC6, 0xCE },  // 莆
    { 0x8387, 0xC7, 0x64 },  // 莇
    { 0x8388, 0xC7, 0x65 },  // 莈
    { 0x8389, 0xC0, 0xF2 },  // 莉
    { 0x838A, 0xC7, 0x66 },  // 莊
    { 0x838B, 0xC7, 0x67 },  // 莋
    { 0x838C, 0xC7, 0x68 },  // 莌
    { 0x838D, 0xC7, 0x69 },  // 莍
    { 0x838E, 0xC9, 0xAF },  // 莎
    { 0x838F, 0xC7, 0x6A },  // 莏
    { 0x8390, 0xC7, 0x6B },  // 莐
    { 0x8391, 0xC7, 0x6C },  // 莑
    { 0x8392, 0xDC, 0xEC },  // 莒
    { 0x8393, 0xDD, 0xAE },  // 莓
    { 0x8394, 0xC7, 0x6D },  // 莔
    { 0x8395, 0xC7, 0x6E },  // 莕
    { 0x8396, 0xC7, 0x6F },  // 莖
    { 0x8397, 0xC7, 0x70 },  // 莗
    { 0x8398, 0xDD, 0xB7 },  // 莘
    { 0x8399, 0xC7, 0x71 },  // 莙
    { 0x839A, 0xC7, 0x72 },  // 莚
    { 0x839B, 0xDC, 0xF0 },  // 莛
    { 0x839C, 0xDD, 0xAF },  // 莜
    { 0x839D, 0xC7, 0x73 },  // 莝
    { 0x839E, 0xDD, 0xB8 },  // 莞
    { 0x839F, 0xC7, 0x74 },  // 莟
    { 0x83A0, 0xDD, 0xAC },  // 莠
    { 0x83A1, 0xC7, 0x75 },  // 莡
    { 0x83A2, 0xC7, 0x76 },  // 莢
    { 0x83A3, 0xC7, 0x77 },  // 莣
    { 0x83A4, 0xC7, 0x78 },  // 莤
    { 0x83A5, 0xC7, 0x79 },  // 莥
    { 0x83A6, 0xC7, 0x7A },  // 莦
    { 0x83A7, 0xC7, 0x7B },  // 莧
    { 0x83A8, 0xDD, 0xB9 },  // 莨
    { 0x83A9, 0xDD, 0xB3 },  // 莩
    { 0x83AA, 0xDD, 0xAD },  // 莪
    { 0x83AB, 0xC4, 0xAA },  // 莫
    { 0x83AC, 0xC7, 0x7C },  // 莬
    { 0x83AD, 0xC7, 0x7D },  // 莭
    { 0x83AE, 0xC7, 0x7E },  // 莮
    { 0x83AF, 0xC7, 0x80 },  // 莯
    { 0x83B0, 0xDD, 0xA8 },  // 莰
    { 0x83B1, 0xC0, 0xB3 },  // 莱
    { 0x83B2, 0xC1, 0xAB },  // 莲
    { 0x83B3, 0xDD, 0xAA },  // 莳
    { 0x83B4, 0xDD, 0xAB },  // 莴
    { 0x83B5, 0xC7, 0x81 },  // 莵
    { 0x83B6, 0xDD, 0xB2 },  // 莶
    { 0x83B7, 0xBB, 0xF1 },  // 获
    { 0x83B8, 0xDD, 0xB5 },  // 莸
    { 0x83B9, 0xD3, 0xA8 },  // 莹
    { 0x83BA, 0xDD, 0xBA },  // 莺
    { 0x83BB, 0xC7, 0x82 },  // 莻
    { 0x83BC, 0xDD, 0xBB },  // 莼
    { 0x83BD, 0xC3, 0xA7 },  // 莽
    { 0x83BE, 0xC7, 0x83 },  // 莾
    { 0x83BF, 0xC7, 0x84 },  // 莿
    { 0x83C0, 0xDD, 0xD2 },  // 菀
    { 0x83C1, 0xDD, 0xBC },  // 菁
    { 0x83C2, 0xC7, 0x85 },  // 菂
    { 0x83C3, 0xC7, 0x86 },  // 菃
    { 0x83C4, 0xC7, 0x87 },  // 菄
    { 0x83C5, 0xDD, 0xD1 },  // 菅
    { 0x83C6, 0xC7, 0x88 },  // 菆
    { 0x83C7, 0xB9, 0xBD },  // 菇
    { 0x83C8, 0xC7, 0x89 },  // 菈
    { 0x83C9, 0xC7, 0x8A },  // 菉
    { 0x83CA, 0xBE, 0xD5 },  // 菊
    { 0x83CB, 0xC7, 0x8B },  // 菋
    { 0x83CC, 0xBE, 0xFA },  // 菌
    { 0x83CD, 0xC7, 0x8C },  // 菍
    { 0x83CE, 0xC7, 0x8D },  // 菎
    { 0x83CF, 0xBA, 0xCA },  // 菏
    { 0x83D0, 0xC7, 0x8E },  // 菐
    { 0x83D1, 0xC7, 0x8F },  // 菑
    { 0x83D2, 0xC7, 0x90 },  // 菒
    { 0x83D3, 0xC7, 0x91 },  // 菓
    { 0x83D4, 0xDD, 0xCA },  // 菔
    { 0x83D5, 0xC7, 0x92 },  // 菕
    { 0x83D6, 0xDD, 0xC5 },  // 菖
    { 0x83D7, 0xC7, 0x93 },  // 菗
    { 0x83D8, 0xDD, 0xBF },  // 菘
    { 0x83D9, 0xC7, 0x94 },  // 菙
    { 0x83DA, 0xC7, 0x95 },  // 菚
    { 0x83DB, 0xC7, 0x96 },  // 菛
    { 0x83DC, 0xB2, 0xCB },  // 菜
    { 0x83DD, 0xDD, 0xC3 },  // 菝
    { 0x83DE, 0xC7, 0x97 },  // 菞
    { 0x83DF, 0xDD, 0xCB },  // 菟
    { 0x83E0, 0xB2, 0xA4 },  // 菠
    { 0x83E1, 0xDD, 0xD5 },  // 菡
    { 0x83E2, 0xC7, 0x98 },  // 菢
    { 0x83E3, 0xC7, 0x99 },  // 菣
    { 0x83E4, 0xC7, 0x9A },  // 菤
    { 0x83E5, 0xDD, 0xBE },  // 菥
    { 0x83E6, 0xC7, 0x9B },  // 菦
    { 0x83E7, 0xC7, 0x9C },  // 菧
    { 0x83E8, 0xC7, 0x9D },  // 菨
    { 0x83E9, 0xC6, 0xD0 },  // 菩
    { 0x83EA, 0xDD, 0xD0 },  // 菪
    { 0x83EB, 0xC7, 0x9E },  // 菫
    { 0x83EC, 0xC7, 0x9F },  // 菬
    { 0x83ED, 0xC7, 0xA0 },  // 菭
    { 0x83EE, 0xC8, 0x40 },  // 菮
    { 0x83EF, 0xC8, 0x41 },  // 華
    { 0x83F0, 0xDD, 0xD4 },  // 菰
    { 0x83F1, 0xC1, 0xE2 },  // 菱
    { 0x83F2, 0xB7, 0xC6 },  // 菲
    { 0x83F3, 0xC8, 0x42 },  // 菳
    { 0x83F4, 0xC8, 0x43 },  // 菴
    { 0x83F5, 0xC8, 0x44 },  // 菵
    { 0x83F6, 0xC8, 0x45 },  // 菶
    { 0x83F7, 0xC8, 0x46 },  // 菷
    { 0x83F8, 0xDD, 0xCE },  // 菸
    { 0x83F9, 0xDD, 0xCF },  // 菹
    { 0x83FA, 0xC8, 0x47 },  // 菺
    { 0x83FB, 0xC8, 0x48 },  // 菻
    { 0x83FC, 0xC8, 0x49 },  // 菼
    { 0x83FD, 0xDD, 0xC4 },  // 菽
    { 0x83FE, 0xC8, 0x4A },  // 菾
    { 0x83FF, 0xC8, 0x4B },  // 菿
    { 0x8400, 0xC8, 0x4C },  // 萀
    { 0x8401, 0xDD, 0xBD },  // 萁
    { 0x8402, 0xC8, 0x4D },  // 萂
    { 0x8403, 0xDD, 0xCD },  // 萃
    { 0x8404, 0xCC, 0xD1 },  // 萄
    { 0x8405, 0xC8, 0x4E },  // 萅
    { 0x8406, 0xDD, 0xC9 },  // 萆
    { 0x8407, 0xC8, 0x4F },  // 萇
    { 0x8408, 0xC8, 0x50 },  // 萈
    { 0x8409, 0xC8, 0x51 },  // 萉
    { 0x840A, 0xC8, 0x52 },  // 萊
    { 0x840B, 0xDD, 0xC2 },  // 萋
    { 0x840C, 0xC3, 0xC8 },  // 萌
    { 0x840D, 0xC6, 0xBC },  // 萍
    { 0x840E, 0xCE, 0xAE },  // 萎
    { 0x840F, 0xDD, 0xCC },  // 萏
    { 0x8410, 0xC8, 0x53 },  // 萐
    { 0x8411, 0xDD, 0xC8 },  // 萑
    { 0x8412, 0xC8, 0x54 },  // 萒
    { 0x8413, 0xC8, 0x55 },  // 萓
    { 0x8414, 0xC8, 0x56 },  // 萔
    { 0x8415, 0xC8, 0x57 },  // 萕
    { 0x8416, 0xC8, 0x58 },  // 萖
    { 0x8417, 0xC8, 0x59 },  // 萗
    { 0x8418, 0xDD, 0xC1 },  // 萘
    { 0x8419, 0xC8, 0x5A },  // 萙
    { 0x841A, 0xC8, 0x5B },  // 萚
    { 0x841B, 0xC8, 0x5C },  // 萛
    { 0x841C, 0xDD, 0xC6 },  // 萜
    { 0x841D, 0xC2, 0xDC },  // 萝
    { 0x841E, 0xC8, 0x5D },  // 萞
    { 0x841F, 0xC8, 0x5E },  // 萟
    { 0x8420, 0xC8, 0x5F },  // 萠
    { 0x8421, 0xC8, 0x60 },  // 萡
    { 0x8422, 0xC8, 0x61 },  // 萢
    { 0x8423, 0xC8, 0x62 },  // 萣
    { 0x8424, 0xD3, 0xA9 },  // 萤
    { 0x8425, 0xD3, 0xAA },  // 营
    { 0x8426, 0xDD, 0xD3 },  // 萦
    { 0x8427, 0xCF, 0xF4 },  // 萧
    { 0x8428, 0xC8, 0xF8 },  // 萨
    { 0x8429, 0xC8, 0x63 },  // 萩
    { 0x842A, 0xC8, 0x64 },  // 萪
    { 0x842B, 0xC8, 0x65 },  // 萫
    { 0x842C, 0xC8, 0x66 },  // 萬
    { 0x842D, 0xC8, 0x67 },  // 萭
    { 0x842E, 0xC8, 0x68 },  // 萮
    { 0x842F, 0xC8, 0x69 },  // 萯
    { 0x8430, 0xC8, 0x6A },  // 萰
    { 0x8431, 0xDD, 0xE6 },  // 萱
    { 0x8432, 0xC8, 0x6B },  // 萲
    { 0x8433, 0xC8, 0x6C },  // 萳
    { 0x8434, 0xC8, 0x6D },  // 萴
    { 0x8435, 0xC8, 0x6E },  // 萵
    { 0x8436, 0xC8, 0x6F },  // 萶
    { 0x8437, 0xC8, 0x70 },  // 萷
    { 0x8438, 0xDD, 0xC7 },  // 萸
    { 0x8439, 0xC8, 0x71 },  // 萹
    { 0x843A, 0xC8, 0x72 },  // 萺
    { 0x843B, 0xC8, 0x73 },  // 萻
    { 0x843C, 0xDD, 0xE0 },  // 萼
    { 0x843D, 0xC2, 0xE4 },  // 落
    { 0x843E, 0xC8, 0x74 },  // 萾
    { 0x843F, 0xC8, 0x75 },  // 萿
    { 0x8440, 0xC8, 0x76 },  // 葀
    { 0x8441, 0xC8, 0x77 },  // 葁
    { 0x8442, 0xC8, 0x78 },  // 葂
    { 0x8443, 0xC8, 0x79 },  // 葃
    { 0x8444, 0xC8, 0x7A },  // 葄
    { 0x8445, 0xC8, 0x7B },  // 葅
    { 0x8446, 0xDD, 0xE1 },  // 葆
    { 0x8447, 0xC8, 0x7C },  // 葇
    { 0x8448, 0xC8, 0x7D },  // 葈
    { 0x8449, 0xC8, 0x7E },  // 葉
    { 0x844A, 0xC8, 0x80 },  // 葊
    { 0x844B, 0xC8, 0x81 },  // 葋
    { 0x844C, 0xC8, 0x82 },  // 葌
    { 0x844D, 0xC8, 0x83 },  // 葍
    { 0x844E, 0xC8, 0x84 },  // 葎
    { 0x844F, 0xC8, 0x85 },  // 葏
    { 0x8450, 0xC8, 0x86 },  // 葐
    { 0x8451, 0xDD, 0xD7 },  // 葑
    { 0x8452, 0xC8, 0x87 },  // 葒
    { 0x8453, 0xC8, 0x88 },  // 葓
    { 0x8454, 0xC8, 0x89 },  // 葔
    { 0x8455, 0xC8, 0x8A },  // 葕
    { 0x8456, 0xC8, 0x8B },  // 葖
    { 0x8457, 0xD6, 0xF8 },  // 著
    { 0x8458, 0xC8, 0x8C },  // 葘
    { 0x8459, 0xDD, 0xD9 },  // 葙
    { 0x845A, 0xDD, 0xD8 },  // 葚
    { 0x845B, 0xB8, 0xF0 },  // 葛
    { 0x845C, 0xDD, 0xD6 },  // 葜
    { 0x845D, 0xC8, 0x8D },  // 葝
    { 0x845E, 0xC8, 0x8E },  // 葞
    { 0x845F, 0xC8, 0x8F },  // 葟
    { 0x8460, 0xC8, 0x90 },  // 葠
    { 0x8461, 0xC6, 0xCF },  // 葡
    { 0x8462, 0xC8, 0x91 },  // 葢
    { 0x8463, 0xB6, 0xAD },  // 董
    { 0x8464, 0xC8, 0x92 },  // 葤
    { 0x8465, 0xC8, 0x93 },  // 葥
    { 0x8466, 0xC8, 0x94 },  // 葦
    { 0x8467, 0xC8, 0x95 },  // 葧
    { 0x8468, 0xC8, 0x96 },  // 葨
    { 0x8469, 0xDD, 0xE2 },  // 葩
    { 0x846A, 0xC8, 0x97 },  // 葪
    { 0x846B, 0xBA, 0xF9 },  // 葫
    { 0x846C, 0xD4, 0xE1 },  // 葬
    { 0x846D, 0xDD, 0xE7 },  // 葭
    { 0x846E, 0xC8, 0x98 },  // 葮
    { 0x846F, 0xC8, 0x99 },  // 葯
    { 0x8470, 0xC8, 0x9A },  // 葰
    { 0x8471, 0xB4, 0xD0 },  // 葱
    { 0x8472, 0xC8, 0x9B },  // 葲
    { 0x8473, 0xDD, 0xDA },  // 葳
    { 0x8474, 0xC8, 0x9C },  // 葴
    { 0x8475, 0xBF, 0xFB },  // 葵
    { 0x8476, 0xDD, 0xE3 },  // 葶
    { 0x8477, 0xC8, 0x9D },  // 葷
    { 0x8478, 0xDD, 0xDF },  // 葸
    { 0x8479, 0xC8, 0x9E },  // 葹
    { 0x847A, 0xDD, 0xDD },  // 葺
    { 0x847B, 0xC8, 0x9F },  // 葻
    { 0x847C, 0xC8, 0xA0 },  // 葼
    { 0x847D, 0xC9, 0x40 },  // 葽
    { 0x847E, 0xC9, 0x41 },  // 葾
    { 0x847F, 0xC9, 0x42 },  // 葿
    { 0x8480, 0xC9, 0x43 },  // 蒀
    { 0x8481, 0xC9, 0x44 },  // 蒁
    { 0x8482, 0xB5, 0xD9 },  // 蒂
    { 0x8483, 0xC9, 0x45 },  // 蒃
    { 0x8484, 0xC9, 0x46 },  // 蒄
    { 0x8485, 0xC9, 0x47 },  // 蒅
    { 0x8486, 0xC9, 0x48 },  // 蒆
    { 0x8487, 0xDD, 0xDB },  // 蒇
    { 0x8488, 0xDD, 0xDC },  // 蒈
    { 0x8489, 0xDD, 0xDE },  // 蒉
    { 0x848A, 0xC9, 0x49 },  // 蒊
    { 0x848B, 0xBD, 0xAF },  // 蒋
    { 0x848C, 0xDD, 0xE4 },  // 蒌
    { 0x848D, 0xC9, 0x4A },  // 蒍
    { 0x848E, 0xDD, 0xE5 },  // 蒎
    { 0x848F, 0xC9, 0x4B },  // 蒏
    { 0x8490, 0xC9, 0x4C },  // 蒐
    { 0x8491, 0xC9, 0x4D },  // 蒑
    { 0x8492, 0xC9, 0x4E },  // 蒒
    { 0x8493, 0xC9, 0x4F },  // 蒓
    { 0x8494, 0xC9, 0x50 },  // 蒔
    { 0x8495, 0xC9, 0x51 },  // 蒕
    { 0x8496, 0xC9, 0x52 },  // 蒖
    { 0x8497, 0xDD, 0xF5 },  // 蒗
    { 0x8498, 0xC9, 0x53 },  // 蒘
    { 0x8499, 0xC3, 0xC9 },  // 蒙
    { 0x849A, 0xC9, 0x54 },  // 蒚
    { 0x849B, 0xC9, 0x55 },  // 蒛
    { 0x849C, 0xCB, 0xE2 },  // 蒜
    { 0x849D, 0xC9, 0x56 },  // 蒝
    { 0x849E, 0xC9, 0x57 },  // 蒞
    { 0x849F, 0xC9, 0x58 },  // 蒟
    { 0x84A0, 0xC9, 0x59 },  // 蒠
    { 0x84A1, 0xDD, 0xF2 },  // 蒡
    { 0x84A2, 0xC9, 0x5A },  // 蒢
    { 0x84A3, 0xC9, 0x5B },  // 蒣
    { 0x84A4, 0xC9, 0x5C },  // 蒤
    { 0x84A5, 0xC9, 0x5D },  // 蒥
    { 0x84A6, 0xC9, 0x5E },  // 蒦
    { 0x84A7, 0xC9, 0x5F },  // 蒧
    { 0x84A8, 0xC9, 0x60 },  // 蒨
    { 0x84A9, 0xC9, 0x61 },  // 蒩
    { 0x84AA, 0xC9, 0x62 },  // 蒪
    { 0x84AB, 0xC9, 0x63 },  // 蒫
    { 0x84AC, 0xC9, 0x64 },  // 蒬
    { 0x84AD, 0xC9, 0x65 },  // 蒭
    { 0x84AE, 0xC9, 0x66 },  // 蒮
    { 0x84AF, 0xD8, 0xE1 },  // 蒯
    { 0x84B0, 0xC9, 0x67 },  // 蒰
    { 0x84B1, 0xC9, 0x68 },  // 蒱
    { 0x84B2, 0xC6, 0xD1 },  // 蒲
    { 0x84B3, 0xC9, 0x69 },  // 蒳
    { 0x84B4, 0xDD, 0xF4 },  // 蒴
    { 0x84B5, 0xC9, 0x6A },  // 蒵
    { 0x84B6, 0xC9, 0x6B },  // 蒶
    { 0x84B7, 0xC9, 0x6C },  // 蒷
    { 0x84B8, 0xD5, 0xF4 },  // 蒸
    { 0x84B9, 0xDD, 0xF3 },  // 蒹
    { 0x84BA, 0xDD, 0xF0 },  // 蒺
    { 0x84BB, 0xC9, 0x6D },  // 蒻
    { 0x84BC, 0xC9, 0x6E },  // 蒼
    { 0x84BD, 0xDD, 0xEC },  // 蒽
    { 0x84BE, 0xC9, 0x6F },  // 蒾
    { 0x84BF, 0xDD, 0xEF },  // 蒿
    { 0x84C0, 0xC9, 0x70 },  // 蓀
    { 0x84C1, 0xDD, 0xE8 },  // 蓁
    { 0x84C2, 0xC9, 0x71 },  // 蓂
    { 0x84C3, 0xC9, 0x72 },  // 蓃
    { 0x84C4, 0xD0, 0xEE },  // 蓄
    { 0x84C5, 0xC9, 0x73 },  // 蓅
    { 0x84C6, 0xC9, 0x74 },  // 蓆
    { 0x84C7, 0xC9, 0x75 },  // 蓇
    { 0x84C8, 0xC9, 0x76 },  // 蓈
    { 0x84C9, 0xC8, 0xD8 },  // 蓉
    { 0x84CA, 0xDD, 0xEE },  // 蓊
    { 0x84CB, 0xC9, 0x77 },  // 蓋
    { 0x84CC, 0xC9, 0x78 },  // 蓌
    { 0x84CD, 0xDD, 0xE9 },  // 蓍
    { 0x84CE, 0xC9, 0x79 },  // 蓎
    { 0x84CF, 0xC9, 0x7A },  // 蓏
    { 0x84D0, 0xDD, 0xEA },  // 蓐
    { 0x84D1, 0xCB, 0xF2 },  // 蓑
    { 0x84D2, 0xC9, 0x7B },  // 蓒
    { 0x84D3, 0xDD, 0xED },  // 蓓
    { 0x84D4, 0xC9, 0x7C },  // 蓔
    { 0x84D5, 0xC9, 0x7D },  // 蓕
    { 0x84D6, 0xB1, 0xCD },  // 蓖
    { 0x84D7, 0xC9, 0x7E },  // 蓗
    { 0x84D8, 0xC9, 0x80 },  // 蓘
    { 0x84D9, 0xC9, 0x81 },  // 蓙
    { 0x84DA, 0xC9, 0x82 },  // 蓚
    { 0x84DB, 0xC9, 0x83 },  // 蓛
    { 0x84DC, 0xC9, 0x84 },  // 蓜
    { 0x84DD, 0xC0, 0xB6 },  // 蓝
    { 0x84DE, 0xC9, 0x85 },  // 蓞
    { 0x84DF, 0xBC, 0xBB },  // 蓟
    { 0x84E0, 0xDD, 0xF1 },  // 蓠
    { 0x84E1, 0xC9, 0x86 },  // 蓡
    { 0x84E2, 0xC9, 0x87 },  // 蓢
    { 0x84E3, 0xDD, 0xF7 },  // 蓣
    { 0x84E4, 0xC9, 0x88 },  // 蓤
    { 0x84E5, 0xDD, 0xF6 },  // 蓥
    { 0x84E6, 0xDD, 0xEB },  // 蓦
    { 0x84E7, 0xC9, 0x89 },  // 蓧
    { 0x84E8, 0xC9, 0x8A },  // 蓨
    { 0x84E9, 0xC9, 0x8B },  // 蓩
    { 0x84EA, 0xC9, 0x8C },  // 蓪
    { 0x84EB, 0xC9, 0x8D },  // 蓫
    { 0x84EC, 0xC5, 0xEE },  // 蓬
    { 0x84ED, 0xC9, 0x8E },  // 蓭
    { 0x84EE, 0xC9, 0x8F },  // 蓮
    { 0x84EF, 0xC9, 0x90 },  // 蓯
    { 0x84F0, 0xDD, 0xFB },  // 蓰
    { 0x84F1, 0xC9, 0x91 },  // 蓱
    { 0x84F2, 0xC9, 0x92 },  // 蓲
    { 0x84F3, 0xC9, 0x93 },  // 蓳
    { 0x84F4, 0xC9, 0x94 },  // 蓴
    { 0x84F5, 0xC9, 0x95 },  // 蓵
    { 0x84F6, 0xC9, 0x96 },  // 蓶
    { 0x84F7, 0xC9, 0x97 },  // 蓷
    { 0x84F8, 0xC9, 0x98 },  // 蓸
    { 0x84F9, 0xC9, 0x99 },  // 蓹
    { 0x84FA, 0xC9, 0x9A },  // 蓺
    { 0x84FB, 0xC9, 0x9B },  // 蓻
    { 0x84FC, 0xDE, 0xA4 },  // 蓼
    { 0x84FD, 0xC9, 0x9C },  // 蓽
    { 0x84FE, 0xC9, 0x9D },  // 蓾
    { 0x84FF, 0xDE, 0xA3 },  // 蓿
    { 0x8500, 0xC9, 0x9E },  // 蔀
    { 0x8501, 0xC9, 0x9F },  // 蔁
    { 0x8502, 0xC9, 0xA0 },  // 蔂
    { 0x8503, 0xCA, 0x40 },  // 蔃
    { 0x8504, 0xCA, 0x41 },  // 蔄
    { 0x8505, 0xCA, 0x42 },  // 蔅
    { 0x8506, 0xCA, 0x43 },  // 蔆
    { 0x8507, 0xCA, 0x44 },  // 蔇
    { 0x8508, 0xCA, 0x45 },  // 蔈
    { 0x8509, 0xCA, 0x46 },  // 蔉
    { 0x850A, 0xCA, 0x47 },  // 蔊
    { 0x850B, 0xCA, 0x48 },  // 蔋
    { 0x850C, 0xDD, 0xF8 },  // 蔌
    { 0x850D, 0xCA, 0x49 },  // 蔍
    { 0x850E, 0xCA, 0x4A },  // 蔎
    { 0x850F, 0xCA, 0x4B },  // 蔏
    { 0x8510, 0xCA, 0x4C },  // 蔐
    { 0x8511, 0xC3, 0xEF },  // 蔑
    { 0x8512, 0xCA, 0x4D },  // 蔒
    { 0x8513, 0xC2, 0xFB },  // 蔓
    { 0x8514, 0xCA, 0x4E },  // 蔔
    { 0x8515, 0xCA, 0x4F },  // 蔕
    { 0x8516, 0xCA, 0x50 },  // 蔖
    { 0x8517, 0xD5, 0xE1 },  // 蔗
    { 0x8518, 0xCA, 0x51 },  // 蔘
    { 0x8519, 0xCA, 0x52 },  // 蔙
    { 0x851A, 0xCE, 0xB5 },  // 蔚
    { 0x851B, 0xCA, 0x53 },  // 蔛
    { 0x851C, 0xCA, 0x54 },  // 蔜
    { 0x851D, 0xCA, 0x55 },  // 蔝
    { 0x851E, 0xCA, 0x56 },  // 蔞
    { 0x851F, 0xDD, 0xFD },  // 蔟
    { 0x8520, 0xCA, 0x57 },  // 蔠
    { 0x8521, 0xB2, 0xCC },  // 蔡
    { 0x8522, 0xCA, 0x58 },  // 蔢
    { 0x8523, 0xCA, 0x59 },  // 蔣
    { 0x8524, 0xCA, 0x5A },  // 蔤
    { 0x8525, 0xCA, 0x5B },  // 蔥
    { 0x8526, 0xCA, 0x5C },  // 蔦
    { 0x8527, 0xCA, 0x5D },  // 蔧
    { 0x8528, 0xCA, 0x5E },  // 蔨
    { 0x8529, 0xCA, 0x5F },  // 蔩
    { 0x852A, 0xCA, 0x60 },  // 蔪
    { 0x852B, 0xC4, 0xE8 },  // 蔫
    { 0x852C, 0xCA, 0xDF },  // 蔬
    { 0x852D, 0xCA, 0x61 },  // 蔭
    { 0x852E, 0xCA, 0x62 },  // 蔮
    { 0x852F, 0xCA, 0x63 },  // 蔯
    { 0x8530, 0xCA, 0x64 },  // 蔰
    { 0x8531, 0xCA, 0x65 },  // 蔱
    { 0x8532, 0xCA, 0x66 },  // 蔲
    { 0x8533, 0xCA, 0x67 },  // 蔳
    { 0x8534, 0xCA, 0x68 },  // 蔴
    { 0x8535, 0xCA, 0x69 },  // 蔵
    { 0x8536, 0xCA, 0x6A },  // 蔶
    { 0x8537, 0xC7, 0xBE },  // 蔷
    { 0x8538, 0xDD, 0xFA },  // 蔸
    { 0x8539, 0xDD, 0xFC },  // 蔹
    { 0x853A, 0xDD, 0xFE },  // 蔺
    { 0x853B, 0xDE, 0xA2 },  // 蔻
    { 0x853C, 0xB0, 0xAA },  // 蔼
    { 0x853D, 0xB1, 0xCE },  // 蔽
    { 0x853E, 0xCA, 0x6B },  // 蔾
    { 0x853F, 0xCA, 0x6C },  // 蔿
    { 0x8540, 0xCA, 0x6D },  // 蕀
    { 0x8541, 0xCA, 0x6E },  // 蕁
    { 0x8542, 0xCA, 0x6F },  // 蕂
    { 0x8543, 0xDE, 0xAC },  // 蕃
    { 0x8544, 0xCA, 0x70 },  // 蕄
    { 0x8545, 0xCA, 0x71 },  // 蕅
    { 0x8546, 0xCA, 0x72 },  // 蕆
    { 0x8547, 0xCA, 0x73 },  // 蕇
    { 0x8548, 0xDE, 0xA6 },  // 蕈
    { 0x8549, 0xBD, 0xB6 },  // 蕉
    { 0x854A, 0xC8, 0xEF },  // 蕊
    { 0x854B, 0xCA, 0x74 },  // 蕋
    { 0x854C, 0xCA, 0x75 },  // 蕌
    { 0x854D, 0xCA, 0x76 },  // 蕍
    { 0x854E, 0xCA, 0x77 },  // 蕎
    { 0x854F, 0xCA, 0x78 },  // 蕏
    { 0x8550, 0xCA, 0x79 },  // 蕐
    { 0x8551, 0xCA, 0x7A },  // 蕑
    { 0x8552, 0xCA, 0x7B },  // 蕒
    { 0x8553, 0xCA, 0x7C },  // 蕓
    { 0x8554, 0xCA, 0x7D },  // 蕔
    { 0x8555, 0xCA, 0x7E },  // 蕕
    { 0x8556, 0xDE, 0xA1 },  // 蕖
    { 0x8557, 0xCA, 0x80 },  // 蕗
    { 0x8558, 0xCA, 0x81 },  // 蕘
    { 0x8559, 0xDE, 0xA5 },  // 蕙
    { 0x855A, 0xCA, 0x82 },  // 蕚
    { 0x855B, 0xCA, 0x83 },  // 蕛
    { 0x855C, 0xCA, 0x84 },  // 蕜
    { 0x855D, 0xCA, 0x85 },  // 蕝
    { 0x855E, 0xDE, 0xA9 },  // 蕞
    { 0x855F, 0xCA, 0x86 },  // 蕟
    { 0x8560, 0xCA, 0x87 },  // 蕠
    { 0x8561, 0xCA, 0x88 },  // 蕡
    { 0x8562, 0xCA, 0x89 },  // 蕢
    { 0x8563, 0xCA, 0x8A },  // 蕣
    { 0x8564, 0xDE, 0xA8 },  // 蕤
    { 0x8565, 0xCA, 0x8B },  // 蕥
    { 0x8566, 0xCA, 0x8C },  // 蕦
    { 0x8567, 0xCA, 0x8D },  // 蕧
    { 0x8568, 0xDE, 0xA7 },  // 蕨
    { 0x8569, 0xCA, 0x8E },  // 蕩
    { 0x856A, 0xCA, 0x8F },  // 蕪
    { 0x856B, 0xCA, 0x90 },  // 蕫
    { 0x856C, 0xCA, 0x91 },  // 蕬
    { 0x856D, 0xCA, 0x92 },  // 蕭
    { 0x856E, 0xCA, 0x93 },  // 蕮
    { 0x856F, 0xCA, 0x94 },  // 蕯
    { 0x8570, 0xCA, 0x95 },  // 蕰
    { 0x8571, 0xCA, 0x96 },  // 蕱
    { 0x8572, 0xDE, 0xAD },  // 蕲
    { 0x8573, 0xCA, 0x97 },  // 蕳
    { 0x8574, 0xD4, 0xCC },  // 蕴
    { 0x8575, 0xCA, 0x98 },  // 蕵
    { 0x8576, 0xCA, 0x99 },  // 蕶
    { 0x8577, 0xCA, 0x9A },  // 蕷
    { 0x8578, 0xCA, 0x9B },  // 蕸
    { 0x8579, 0xDE, 0xB3 },  // 蕹
    { 0x857A, 0xDE, 0xAA },  // 蕺
    { 0x857B, 0xDE, 0xAE },  // 蕻
    { 0x857C, 0xCA, 0x9C },  // 蕼
    { 0x857D, 0xCA, 0x9D },  // 蕽
    { 0x857E, 0xC0, 0xD9 },  // 蕾
    { 0x857F, 0xCA, 0x9E },  // 蕿
    { 0x8580, 0xCA, 0x9F },  // 薀
    { 0x8581, 0xCA, 0xA0 },  // 薁
    { 0x8582, 0xCB, 0x40 },  // 薂
    { 0x8583, 0xCB, 0x41 },  // 薃
    { 0x8584, 0xB1, 0xA1 },  // 薄
    { 0x8585, 0xDE, 0xB6 },  // 薅
    { 0x8586, 0xCB, 0x42 },  // 薆
    { 0x8587, 0xDE, 0xB1 },  // 薇
    { 0x8588, 0xCB, 0x43 },  // 薈
    { 0x8589, 0xCB, 0x44 },  // 薉
    { 0x858A, 0xCB, 0x45 },  // 薊
    { 0x858B, 0xCB, 0x46 },  // 薋
    { 0x858C, 0xCB, 0x47 },  // 薌
    { 0x858D, 0xCB, 0x48 },  // 薍
    { 0x858E, 0xCB, 0x49 },  // 薎
    { 0x858F, 0xDE, 0xB2 },  // 薏
    { 0x8590, 0xCB, 0x4A },  // 薐
    { 0x8591, 0xCB, 0x4B },  // 薑
    { 0x8592, 0xCB, 0x4C },  // 薒
    { 0x8593, 0xCB, 0x4D },  // 薓
    { 0x8594, 0xCB, 0x4E },  // 薔
    { 0x8595, 0xCB, 0x4F },  // 薕
    { 0x8596, 0xCB, 0x50 },  // 薖
    { 0x8597, 0xCB, 0x51 },  // 薗
    { 0x8598, 0xCB, 0x52 },  // 薘
    { 0x8599, 0xCB, 0x53 },  // 薙
    { 0x859A, 0xCB, 0x54 },  // 薚
    { 0x859B, 0xD1, 0xA6 },  // 薛
    { 0x859C, 0xDE, 0xB5 },  // 薜
    { 0x859D, 0xCB, 0x55 },  // 薝
    { 0x859E, 0xCB, 0x56 },  // 薞
    { 0x859F, 0xCB, 0x57 },  // 薟
    { 0x85A0, 0xCB, 0x58 },  // 薠
    { 0x85A1, 0xCB, 0x59 },  // 薡
    { 0x85A2, 0xCB, 0x5A },  // 薢
    { 0x85A3, 0xCB, 0x5B },  // 薣
    { 0x85A4, 0xDE, 0xAF },  // 薤
    { 0x85A5, 0xCB, 0x5C },  // 薥
    { 0x85A6, 0xCB, 0x5D },  // 薦
    { 0x85A7, 0xCB, 0x5E },  // 薧
    { 0x85A8, 0xDE, 0xB0 },  // 薨
    { 0x85A9, 0xCB, 0x5F },  // 薩
    { 0x85AA, 0xD0, 0xBD },  // 薪
    { 0x85AB, 0xCB, 0x60 },  // 薫
    { 0x85AC, 0xCB, 0x61 },  // 薬
    { 0x85AD, 0xCB, 0x62 },  // 薭
    { 0x85AE, 0xDE, 0xB4 },  // 薮
    { 0x85AF, 0xCA, 0xED },  // 薯
    { 0x85B0, 0xDE, 0xB9 },  // 薰
    { 0x85B1, 0xCB, 0x63 },  // 薱
    { 0x85B2, 0xCB, 0x64 },  // 薲
    { 0x85B3, 0xCB, 0x65 },  // 薳
    { 0x85B4, 0xCB, 0x66 },  // 薴
    { 0x85B5, 0xCB, 0x67 },  // 薵
    { 0x85B6, 0xCB, 0x68 },  // 薶
    { 0x85B7, 0xDE, 0xB8 },  // 薷
    { 0x85B8, 0xCB, 0x69 },  // 薸
    { 0x85B9, 0xDE, 0xB7 },  // 薹
    { 0x85BA, 0xCB, 0x6A },  // 薺
    { 0x85BB, 0xCB, 0x6B },  // 薻
    { 0x85BC, 0xCB, 0x6C },  // 薼
    { 0x85BD, 0xCB, 0x6D },  // 薽
    { 0x85BE, 0xCB, 0x6E },  // 薾
    { 0x85BF, 0xCB, 0x6F },  // 薿
    { 0x85C0, 0xCB, 0x70 },  // 藀
    { 0x85C1, 0xDE, 0xBB },  // 藁
    { 0x85C2, 0xCB, 0x71 },  // 藂
    { 0x85C3, 0xCB, 0x72 },  // 藃
    { 0x85C4, 0xCB, 0x73 },  // 藄
    { 0x85C5, 0xCB, 0x74 },  // 藅
    { 0x85C6, 0xCB, 0x75 },  // 藆
    { 0x85C7, 0xCB, 0x76 },  // 藇
    { 0x85C8, 0xCB, 0x77 },  // 藈
    { 0x85C9, 0xBD, 0xE5 },  // 藉
    { 0x85CA, 0xCB, 0x78 },  // 藊
    { 0x85CB, 0xCB, 0x79 },  // 藋
    { 0x85CC, 0xCB, 0x7A },  // 藌
    { 0x85CD, 0xCB, 0x7B },  // 藍
    { 0x85CE, 0xCB, 0x7C },  // 藎
    { 0x85CF, 0xB2, 0xD8 },  // 藏
    { 0x85D0, 0xC3, 0xEA },  // 藐
    { 0x85D1, 0xCB, 0x7D },  // 藑
    { 0x85D2, 0xCB, 0x7E },  // 藒
    { 0x85D3, 0xDE, 0xBA },  // 藓
    { 0x85D4, 0xCB, 0x80 },  // 藔
    { 0x85D5, 0xC5, 0xBA },  // 藕
    { 0x85D6, 0xCB, 0x81 },  // 藖
    { 0x85D7, 0xCB, 0x82 },  // 藗
    { 0x85D8, 0xCB, 0x83 },  // 藘
    { 0x85D9, 0xCB, 0x84 },  // 藙
    { 0x85DA, 0xCB, 0x85 },  // 藚
    { 0x85DB, 0xCB, 0x86 },  // 藛
    { 0x85DC, 0xDE, 0xBC },  // 藜
    { 0x85DD, 0xCB, 0x87 },  // 藝
    { 0x85DE, 0xCB, 0x88 },  // 藞
    { 0x85DF, 0xCB, 0x89 },  // 藟
    { 0x85E0, 0xCB, 0x8A },  // 藠
    { 0x85E1, 0xCB, 0x8B },  // 藡
    { 0x85E2, 0xCB, 0x8C },  // 藢
    { 0x85E3, 0xCB, 0x8D },  // 藣
    { 0x85E4, 0xCC, 0xD9 },  // 藤
    { 0x85E5, 0xCB, 0x8E },  // 藥
    { 0x85E6, 0xCB, 0x8F },  // 藦
    { 0x85E7, 0xCB, 0x90 },  // 藧
    { 0x85E8, 0xCB, 0x91 },  // 藨
    { 0x85E9, 0xB7, 0xAA },  // 藩
    { 0x85EA, 0xCB, 0x92 },  // 藪
    { 0x85EB, 0xCB, 0x93 },  // 藫
    { 0x85EC, 0xCB, 0x94 },  // 藬
    { 0x85ED, 0xCB, 0x95 },  // 藭
    { 0x85EE, 0xCB, 0x96 },  // 藮
    { 0x85EF, 0xCB, 0x97 },  // 藯
    { 0x85F0, 0xCB, 0x98 },  // 藰
    { 0x85F1, 0xCB, 0x99 },  // 藱
    { 0x85F2, 0xCB, 0x9A },  // 藲
    { 0x85F3, 0xCB, 0x9B },  // 藳
    { 0x85F4, 0xCB, 0x9C },  // 藴
    { 0x85F5, 0xCB, 0x9D },  // 藵
    { 0x85F6, 0xCB, 0x9E },  // 藶
    { 0x85F7, 0xCB, 0x9F },  // 藷
    { 0x85F8, 0xCB, 0xA0 },  // 藸
    { 0x85F9, 0xCC, 0x40 },  // 藹
    { 0x85FA, 0xCC, 0x41 },  // 藺
    { 0x85FB, 0xD4, 0xE5 },  // 藻
    { 0x85FC, 0xCC, 0x42 },  // 藼
    { 0x85FD, 0xCC, 0x43 },  // 藽
    { 0x85FE, 0xCC, 0x44 },  // 藾
    { 0x85FF, 0xDE, 0xBD },  // 藿
    { 0x8600, 0xCC, 0x45 },  // 蘀
    { 0x8601, 0xCC, 0x46 },  // 蘁
    { 0x8602, 0xCC, 0x47 },  // 蘂
    { 0x8603, 0xCC, 0x48 },  // 蘃
    { 0x8604, 0xCC, 0x49 },  // 蘄
    { 0x8605, 0xDE, 0xBF },  // 蘅
    { 0x8606, 0xCC, 0x4A },  // 蘆
    { 0x8607, 0xCC, 0x4B },  // 蘇
    { 0x8608, 0xCC, 0x4C },  // 蘈
    { 0x8609, 0xCC, 0x4D },  // 蘉
    { 0x860A, 0xCC, 0x4E },  // 蘊
    { 0x860B, 0xCC, 0x4F },  // 蘋
    { 0x860C, 0xCC, 0x50 },  // 蘌
    { 0x860D, 0xCC, 0x51 },  // 蘍
    { 0x860E, 0xCC, 0x52 },  // 蘎
    { 0x860F, 0xCC, 0x53 },  // 蘏
    { 0x8610, 0xCC, 0x54 },  // 蘐
    { 0x8611, 0xC4, 0xA2 },  // 蘑
    { 0x8612, 0xCC, 0x55 },  // 蘒
    { 0x8613, 0xCC, 0x56 },  // 蘓
    { 0x8614, 0xCC, 0x57 },  // 蘔
    { 0x8615, 0xCC, 0x58 },  // 蘕
    { 0x8616, 0xDE, 0xC1 },  // 蘖
    { 0x8617, 0xCC, 0x59 },  // 蘗
    { 0x8618, 0xCC, 0x5A },  // 蘘
    { 0x8619, 0xCC, 0x5B },  // 蘙
    { 0x861A, 0xCC, 0x5C },  // 蘚
    { 0x861B, 0xCC, 0x5D },  // 蘛
    { 0x861C, 0xCC, 0x5E },  // 蘜
    { 0x861D, 0xCC, 0x5F },  // 蘝
    { 0x861E, 0xCC, 0x60 },  // 蘞
    { 0x861F, 0xCC, 0x61 },  // 蘟
    { 0x8620, 0xCC, 0x62 },  // 蘠
    { 0x8621, 0xCC, 0x63 },  // 蘡
    { 0x8622, 0xCC, 0x64 },  // 蘢
    { 0x8623, 0xCC, 0x65 },  // 蘣
    { 0x8624, 0xCC, 0x66 },  // 蘤
    { 0x8625, 0xCC, 0x67 },  // 蘥
    { 0x8626, 0xCC, 0x68 },  // 蘦
    { 0x8627, 0xDE, 0xBE },  // 蘧
    { 0x8628, 0xCC, 0x69 },  // 蘨
    { 0x8629, 0xDE, 0xC0 },  // 蘩
    { 0x862A, 0xCC, 0x6A },  // 蘪
    { 0x862B, 0xCC, 0x6B },  // 蘫
    { 0x862C, 0xCC, 0x6C },  // 蘬
    { 0x862D, 0xCC, 0x6D },  // 蘭
    { 0x862E, 0xCC, 0x6E },  // 蘮
    { 0x862F, 0xCC, 0x6F },  // 蘯
    { 0x8630, 0xCC, 0x70 },  // 蘰
    { 0x8631, 0xCC, 0x71 },  // 蘱
    { 0x8632, 0xCC, 0x72 },  // 蘲
    { 0x8633, 0xCC, 0x73 },  // 蘳
    { 0x8634, 0xCC, 0x74 },  // 蘴
    { 0x8635, 0xCC, 0x75 },  // 蘵
    { 0x8636, 0xCC, 0x76 },  // 蘶
    { 0x8637, 0xCC, 0x77 },  // 蘷
    { 0x8638, 0xD5, 0xBA },  // 蘸
    { 0x8639, 0xCC, 0x78 },  // 蘹
    { 0x863A, 0xCC, 0x79 },  // 蘺
    { 0x863B, 0xCC, 0x7A },  // 蘻
    { 0x863C, 0xDE, 0xC2 },  // 蘼
    { 0x863D, 0xCC, 0x7B },  // 蘽
    { 0x863E, 0xCC, 0x7C },  // 蘾
    { 0x863F, 0xCC, 0x7D },  // 蘿
    { 0x8640, 0xCC, 0x7E },  // 虀
    { 0x8641, 0xCC, 0x80 },  // 虁
    { 0x8642, 0xCC, 0x81 },  // 虂
    { 0x8643, 0xCC, 0x82 },  // 虃
    { 0x8644, 0xCC, 0x83 },  // 虄
    { 0x8645, 0xCC, 0x84 },  // 虅
    { 0x8646, 0xCC, 0x85 },  // 虆
    { 0x8647, 0xCC, 0x86 },  // 虇
    { 0x8648, 0xCC, 0x87 },  // 虈
    { 0x8649, 0xCC, 0x88 },  // 虉
    { 0x864A, 0xCC, 0x89 },  // 虊
    { 0x864B, 0xCC, 0x8A },  // 虋
    { 0x864C, 0xCC, 0x8B },  // 虌
    { 0x864D, 0xF2, 0xAE },  // 虍
    { 0x864E, 0xBB, 0xA2 },  // 虎
    { 0x864F, 0xC2, 0xB2 },  // 虏
    { 0x8650, 0xC5, 0xB0 },  // 虐
    { 0x8651, 0xC2, 0xC7 },  // 虑
    { 0x8652, 0xCC, 0x8C },  // 虒
    { 0x8653, 0xCC, 0x8D },  // 虓
    { 0x8654, 0xF2, 0xAF },  // 虔
    { 0x8655, 0xCC, 0x8E },  // 處
    { 0x8656, 0xCC, 0x8F },  // 虖
    { 0x8657, 0xCC, 0x90 },  // 虗
    { 0x8658, 0xCC, 0x91 },  // 虘
    { 0x8659, 0xCC, 0x92 },  // 虙
    { 0x865A, 0xD0, 0xE9 },  // 虚
    { 0x865B, 0xCC, 0x93 },  // 虛
    { 0x865C, 0xCC, 0x94 },  // 虜
    { 0x865D, 0xCC, 0x95 },  // 虝
    { 0x865E, 0xD3, 0xDD },  // 虞
    { 0x865F, 0xCC, 0x96 },  // 號
    { 0x8660, 0xCC, 0x97 },  // 虠
    { 0x8661, 0xCC, 0x98 },  // 虡
    { 0x8662, 0xEB, 0xBD },  // 虢
    { 0x8663, 0xCC, 0x99 },  // 虣
    { 0x8664, 0xCC, 0x9A },  // 虤
    { 0x8665, 0xCC, 0x9B },  // 虥
    { 0x8666, 0xCC, 0x9C },  // 虦
    { 0x8667, 0xCC, 0x9D },  // 虧
    { 0x8668, 0xCC, 0x9E },  // 虨
    { 0x8669, 0xCC, 0x9F },  // 虩
    { 0x866A, 0xCC, 0xA0 },  // 虪
    { 0x866B, 0xB3, 0xE6 },  // 虫
    { 0x866C, 0xF2, 0xB0 },  // 虬
    { 0x866D, 0xCD, 0x40 },  // 虭
    { 0x866E, 0xF2, 0xB1 },  // 虮
    { 0x866F, 0xCD, 0x41 },  // 虯
    { 0x8670, 0xCD, 0x42 },  // 虰
    { 0x8671, 0xCA, 0xAD },  // 虱
    { 0x8672, 0xCD, 0x43 },  // 虲
    { 0x8673, 0xCD, 0x44 },  // 虳
    { 0x8674, 0xCD, 0x45 },  // 虴
    { 0x8675, 0xCD, 0x46 },  // 虵
    { 0x8676, 0xCD, 0x47 },  // 虶
    { 0x8677, 0xCD, 0x48 },  // 虷
    { 0x8678, 0xCD, 0x49 },  // 虸
    { 0x8679, 0xBA, 0xE7 },  // 虹
    { 0x867A, 0xF2, 0xB3 },  // 虺
    { 0x867B, 0xF2, 0xB5 },  // 虻
    { 0x867C, 0xF2, 0xB4 },  // 虼
    { 0x867D, 0xCB, 0xE4 },  // 虽
    { 0x867E, 0xCF, 0xBA },  // 虾
    { 0x867F, 0xF2, 0xB2 },  // 虿
    { 0x8680, 0xCA, 0xB4 },  // 蚀
    { 0x8681, 0xD2, 0xCF },  // 蚁
    { 0x8682, 0xC2, 0xEC },  // 蚂
    { 0x8683, 0xCD, 0x4A },  // 蚃
    { 0x8684, 0xCD, 0x4B },  // 蚄
    { 0x8685, 0xCD, 0x4C },  // 蚅
    { 0x8686, 0xCD, 0x4D },  // 蚆
    { 0x8687, 0xCD, 0x4E },  // 蚇
    { 0x8688, 0xCD, 0x4F },  // 蚈
    { 0x8689, 0xCD, 0x50 },  // 蚉
    { 0x868A, 0xCE, 0xC3 },  // 蚊
    { 0x868B, 0xF2, 0xB8 },  // 蚋
    { 0x868C, 0xB0, 0xF6 },  // 蚌
    { 0x868D, 0xF2, 0xB7 },  // 蚍
    { 0x868E, 0xCD, 0x51 },  // 蚎
    { 0x868F, 0xCD, 0x52 },  // 蚏
    { 0x8690, 0xCD, 0x53 },  // 蚐
    { 0x8691, 0xCD, 0x54 },  // 蚑
    { 0x8692, 0xCD, 0x55 },  // 蚒
    { 0x8693, 0xF2, 0xBE },  // 蚓
    { 0x8694, 0xCD, 0x56 },  // 蚔
    { 0x8695, 0xB2, 0xCF },  // 蚕
    { 0x8696, 0xCD, 0x57 },  // 蚖
    { 0x8697, 0xCD, 0x58 },  // 蚗
    { 0x8698, 0xCD, 0x59 },  // 蚘
    { 0x8699, 0xCD, 0x5A },  // 蚙
    { 0x869A, 0xCD, 0x5B },  // 蚚
    { 0x869B, 0xCD, 0x5C },  // 蚛
    { 0x869C, 0xD1, 0xC1 },  // 蚜
    { 0x869D, 0xF2, 0xBA },  // 蚝
    { 0x869E, 0xCD, 0x5D },  // 蚞
    { 0x869F, 0xCD, 0x5E },  // 蚟
    { 0x86A0, 0xCD, 0x5F },  // 蚠
    { 0x86A1, 0xCD, 0x60 },  // 蚡
    { 0x86A2, 0xCD, 0x61 },  // 蚢
    { 0x86A3, 0xF2, 0xBC },  // 蚣
    { 0x86A4, 0xD4, 0xE9 },  // 蚤
    { 0x86A5, 0xCD, 0x62 },  // 蚥
    { 0x86A6, 0xCD, 0x63 },  // 蚦
    { 0x86A7, 0xF2, 0xBB },  // 蚧
    { 0x86A8, 0xF2, 0xB6 },  // 蚨
    { 0x86A9, 0xF2, 0xBF },  // 蚩
    { 0x86AA, 0xF2, 0xBD },  // 蚪
    { 0x86AB, 0xCD, 0x64 },  // 蚫
    { 0x86AC, 0xF2, 0xB9 },  // 蚬
    { 0x86AD, 0xCD, 0x65 },  // 蚭
    { 0x86AE, 0xCD, 0x66 },  // 蚮
    { 0x86AF, 0xF2, 0xC7 },  // 蚯
    { 0x86B0, 0xF2, 0xC4 },  // 蚰
    { 0x86B1, 0xF2, 0xC6 },  // 蚱
    { 0x86B2, 0xCD, 0x67 },  // 蚲
    { 0x86B3, 0xCD, 0x68 },  // 蚳
    { 0x86B4, 0xF2, 0xCA },  // 蚴
    { 0x86B5, 0xF2, 0xC2 },  // 蚵
    { 0x86B6, 0xF2, 0xC0 },  // 蚶
    { 0x86B7, 0xCD, 0x69 },  // 蚷
    { 0x86B8, 0xCD, 0x6A },  // 蚸
    { 0x86B9, 0xCD, 0x6B },  // 蚹
    { 0x86BA, 0xF2, 0xC5 },  // 蚺
    { 0x86BB, 0xCD, 0x6C },  // 蚻
    { 0x86BC, 0xCD, 0x6D },  // 蚼
    { 0x86BD, 0xCD, 0x6E },  // 蚽
    { 0x86BE, 0xCD, 0x6F },  // 蚾
    { 0x86BF, 0xCD, 0x70 },  // 蚿
    { 0x86C0, 0xD6, 0xFB },  // 蛀
    { 0x86C1, 0xCD, 0x71 },  // 蛁
    { 0x86C2, 0xCD, 0x72 },  // 蛂
    { 0x86C3, 0xCD, 0x73 },  // 蛃
    { 0x86C4, 0xF2, 0xC1 },  // 蛄
    { 0x86C5, 0xCD, 0x74 },  // 蛅
    { 0x86C6, 0xC7, 0xF9 },  // 蛆
    { 0x86C7, 0xC9, 0xDF },  // 蛇
    { 0x86C8, 0xCD, 0x75 },  // 蛈
    { 0x86C9, 0xF2, 0xC8 },  // 蛉
    { 0x86CA, 0xB9, 0xC6 },  // 蛊
    { 0x86CB, 0xB5, 0xB0 },  // 蛋
    { 0x86CC, 0xCD, 0x76 },  // 蛌
    { 0x86CD, 0xCD, 0x77 },  // 蛍
    { 0x86CE, 0xF2, 0xC3 },  // 蛎
    { 0x86CF, 0xF2, 0xC9 },  // 蛏
    { 0x86D0, 0xF2, 0xD0 },  // 蛐
    { 0x86D1, 0xF2, 0xD6 },  // 蛑
    { 0x86D2, 0xCD, 0x78 },  // 蛒
    { 0x86D3, 0xCD, 0x79 },  // 蛓
    { 0x86D4, 0xBB, 0xD7 },  // 蛔
    { 0x86D5, 0xCD, 0x7A },  // 蛕
    { 0x86D6, 0xCD, 0x7B },  // 蛖
    { 0x86D7, 0xCD, 0x7C },  // 蛗
    { 0x86D8, 0xF2, 0xD5 },  // 蛘
    { 0x86D9, 0xCD, 0xDC },  // 蛙
    { 0x86DA, 0xCD, 0x7D },  // 蛚
    { 0x86DB, 0xD6, 0xEB },  // 蛛
    { 0x86DC, 0xCD, 0x7E },  // 蛜
    { 0x86DD, 0xCD, 0x80 },  // 蛝
    { 0x86DE, 0xF2, 0xD2 },  // 蛞
    { 0x86DF, 0xF2, 0xD4 },  // 蛟
    { 0x86E0, 0xCD, 0x81 },  // 蛠
    { 0x86E1, 0xCD, 0x82 },  // 蛡
    { 0x86E2, 0xCD, 0x83 },  // 蛢
    { 0x86E3, 0xCD, 0x84 },  // 蛣
    { 0x86E4, 0xB8, 0xF2 },  // 蛤
    { 0x86E5, 0xCD, 0x85 },  // 蛥
    { 0x86E6, 0xCD, 0x86 },  // 蛦
    { 0x86E7, 0xCD, 0x87 },  // 蛧
    { 0x86E8, 0xCD, 0x88 },  // 蛨
    { 0x86E9, 0xF2, 0xCB },  // 蛩
    { 0x86EA, 0xCD, 0x89 },  // 蛪
    { 0x86EB, 0xCD, 0x8A },  // 蛫
    { 0x86EC, 0xCD, 0x8B },  // 蛬
    { 0x86ED, 0xF2, 0xCE },  // 蛭
    { 0x86EE, 0xC2, 0xF9 },  // 蛮
    { 0x86EF, 0xCD, 0x8C },  // 蛯
    { 0x86F0, 0xD5, 0xDD },  // 蛰
    { 0x86F1, 0xF2, 0xCC },  // 蛱
    { 0x86F2, 0xF2, 0xCD },  // 蛲
    { 0x86F3, 0xF2, 0xCF },  // 蛳
    { 0x86F4, 0xF2, 0xD3 },  // 蛴
    { 0x86F5, 0xCD, 0x8D },  // 蛵
    { 0x86F6, 0xCD, 0x8E },  // 蛶
    { 0x86F7, 0xCD, 0x8F },  // 蛷
    { 0x86F8, 0xF2, 0xD9 },  // 蛸
    { 0x86F9, 0xD3, 0xBC },  // 蛹
    { 0x86FA, 0xCD, 0x90 },  // 蛺
    { 0x86FB, 0xCD, 0x91 },  // 蛻
    { 0x86FC, 0xCD, 0x92 },  // 蛼
    { 0x86FD, 0xCD, 0x93 },  // 蛽
    { 0x86FE, 0xB6, 0xEA },  // 蛾
    { 0x86FF, 0xCD, 0x94 },  // 蛿
    { 0x8700, 0xCA, 0xF1 },  // 蜀
    { 0x8701, 0xCD, 0x95 },  // 蜁
    { 0x8702, 0xB7, 0xE4 },  // 蜂
    { 0x8703, 0xF2, 0xD7 },  // 蜃
    { 0x8704, 0xCD, 0x96 },  // 蜄
    { 0x8705, 0xCD, 0x97 },  // 蜅
    { 0x8706, 0xCD, 0x98 },  // 蜆
    { 0x8707, 0xF2, 0xD8 },  // 蜇
    { 0x8708, 0xF2, 0xDA },  // 蜈
    { 0x8709, 0xF2, 0xDD },  // 蜉
    { 0x870A, 0xF2, 0xDB },  // 蜊
    { 0x870B, 0xCD, 0x99 },  // 蜋
    { 0x870C, 0xCD, 0x9A },  // 蜌
    { 0x870D, 0xF2, 0xDC },  // 蜍
    { 0x870E, 0xCD, 0x9B },  // 蜎
    { 0x870F, 0xCD, 0x9C },  // 蜏
    { 0x8710, 0xCD, 0x9D },  // 蜐
    { 0x8711, 0xCD, 0x9E },  // 蜑
    { 0x8712, 0xD1, 0xD1 },  // 蜒
    { 0x8713, 0xF2, 0xD1 },  // 蜓
    { 0x8714, 0xCD, 0x9F },  // 蜔
    { 0x8715, 0xCD, 0xC9 },  // 蜕
    { 0x8716, 0xCD, 0xA0 },  // 蜖
    { 0x8717, 0xCE, 0xCF },  // 蜗
    { 0x8718, 0xD6, 0xA9 },  // 蜘
    { 0x8719, 0xCE, 0x40 },  // 蜙
    { 0x871A, 0xF2, 0xE3 },  // 蜚
    { 0x871B, 0xCE, 0x41 },  // 蜛
    { 0x871C, 0xC3, 0xDB },  // 蜜
    { 0x871D, 0xCE, 0x42 },  // 蜝
    { 0x871E, 0xF2, 0xE0 },  // 蜞
    { 0x871F, 0xCE, 0x43 },  // 蜟
    { 0x8720, 0xCE, 0x44 },  // 蜠
    { 0x8721, 0xC0, 0xAF },  // 蜡
    { 0x8722, 0xF2, 0xEC },  // 蜢
    { 0x8723, 0xF2, 0xDE },  // 蜣
    { 0x8724, 0xCE, 0x45 },  // 蜤
    { 0x8725, 0xF2, 0xE1 },  // 蜥
    { 0x8726, 0xCE, 0x46 },  // 蜦
    { 0x8727, 0xCE, 0x47 },  // 蜧
    { 0x8728, 0xCE, 0x48 },  // 蜨
    { 0x8729, 0xF2, 0xE8 },  // 蜩
    { 0x872A, 0xCE, 0x49 },  // 蜪
    { 0x872B, 0xCE, 0x4A },  // 蜫
    { 0x872C, 0xCE, 0x4B },  // 蜬
    { 0x872D, 0xCE, 0x4C },  // 蜭
    { 0x872E, 0xF2, 0xE2 },  // 蜮
    { 0x872F, 0xCE, 0x4D },  // 蜯
    { 0x8730, 0xCE, 0x4E },  // 蜰
    { 0x8731, 0xF2, 0xE7 },  // 蜱
    { 0x8732, 0xCE, 0x4F },  // 蜲
    { 0x8733, 0xCE, 0x50 },  // 蜳
    { 0x8734, 0xF2, 0xE6 },  // 蜴
    { 0x8735, 0xCE, 0x51 },  // 蜵
    { 0x8736, 0xCE, 0x52 },  // 蜶
    { 0x8737, 0xF2, 0xE9 },  // 蜷
    { 0x8738, 0xCE, 0x53 },  // 蜸
    { 0x8739, 0xCE, 0x54 },  // 蜹
    { 0x873A, 0xCE, 0x55 },  // 蜺
    { 0x873B, 0xF2, 0xDF },  // 蜻
    { 0x873C, 0xCE, 0x56 },  // 蜼
    { 0x873D, 0xCE, 0x57 },  // 蜽
    { 0x873E, 0xF2, 0xE4 },  // 蜾
    { 0x873F, 0xF2, 0xEA },  // 蜿
    { 0x8740, 0xCE, 0x58 },  // 蝀
    { 0x8741, 0xCE, 0x59 },  // 蝁
    { 0x8742, 0xCE, 0x5A },  // 蝂
    { 0x8743, 0xCE, 0x5B },  // 蝃
    { 0x8744, 0xCE, 0x5C },  // 蝄
    { 0x8745, 0xCE, 0x5D },  // 蝅
    { 0x8746, 0xCE, 0x5E },  // 蝆
    { 0x8747, 0xD3, 0xAC },  // 蝇
    { 0x8748, 0xF2, 0xE5 },  // 蝈
    { 0x8749, 0xB2, 0xF5 },  // 蝉
    { 0x874A, 0xCE, 0x5F },  // 蝊
    { 0x874B, 0xCE, 0x60 },  // 蝋
    { 0x874C, 0xF2, 0xF2 },  // 蝌
    { 0x874D, 0xCE, 0x61 },  // 蝍
    { 0x874E, 0xD0, 0xAB },  // 蝎
    { 0x874F, 0xCE, 0x62 },  // 蝏
    { 0x8750, 0xCE, 0x63 },  // 蝐
    { 0x8751, 0xCE, 0x64 },  // 蝑
    { 0x8752, 0xCE, 0x65 },  // 蝒
    { 0x8753, 0xF2, 0xF5 },  // 蝓
    { 0x8754, 0xCE, 0x66 },  // 蝔
    { 0x8755, 0xCE, 0x67 },  // 蝕
    { 0x8756, 0xCE, 0x68 },  // 蝖
    { 0x8757, 0xBB, 0xC8 },  // 蝗
    { 0x8758, 0xCE, 0x69 },  // 蝘
    { 0x8759, 0xF2, 0xF9 },  // 蝙
    { 0x875A, 0xCE, 0x6A },  // 蝚
    { 0x875B, 0xCE, 0x6B },  // 蝛
    { 0x875C, 0xCE, 0x6C },  // 蝜
    { 0x875D, 0xCE, 0x6D },  // 蝝
    { 0x875E, 0xCE, 0x6E },  // 蝞
    { 0x875F, 0xCE, 0x6F },  // 蝟
    { 0x8760, 0xF2, 0xF0 },  // 蝠
    { 0x8761, 0xCE, 0x70 },  // 蝡
    { 0x8762, 0xCE, 0x71 },  // 蝢
    { 0x8763, 0xF2, 0xF6 },  // 蝣
    { 0x8764, 0xF2, 0xF8 },  // 蝤
    { 0x8765, 0xF2, 0xFA },  // 蝥
    { 0x8766, 0xCE, 0x72 },  // 蝦
    { 0x8767, 0xCE, 0x73 },  // 蝧
    { 0x8768, 0xCE, 0x74 },  // 蝨
    { 0x8769, 0xCE, 0x75 },  // 蝩
    { 0x876A, 0xCE, 0x76 },  // 蝪
    { 0x876B, 0xCE, 0x77 },  // 蝫
    { 0x876C, 0xCE, 0x78 },  // 蝬
    { 0x876D, 0xCE, 0x79 },  // 蝭
    { 0x876E, 0xF2, 0xF3 },  // 蝮
    { 0x876F, 0xCE, 0x7A },  // 蝯
    { 0x8770, 0xF2, 0xF1 },  // 蝰
    { 0x8771, 0xCE, 0x7B },  // 蝱
    { 0x8772, 0xCE, 0x7C },  // 蝲
    { 0x8773, 0xCE, 0x7D },  // 蝳
    { 0x8774, 0xBA, 0xFB },  // 蝴
    { 0x8775, 0xCE, 0x7E },  // 蝵
    { 0x8776, 0xB5, 0xFB },  // 蝶
    { 0x8777, 0xCE, 0x80 },  // 蝷
    { 0x8778, 0xCE, 0x81 },  // 蝸
    { 0x8779, 0xCE, 0x82 },  // 蝹
    { 0x877A, 0xCE, 0x83 },  // 蝺
    { 0x877B, 0xF2, 0xEF },  // 蝻
    { 0x877C, 0xF2, 0xF7 },  // 蝼
    { 0x877D, 0xF2, 0xED },  // 蝽
    { 0x877E, 0xF2, 0xEE },  // 蝾
    { 0x877F, 0xCE, 0x84 },  // 蝿
    { 0x8780, 0xCE, 0x85 },  // 螀
    { 0x8781, 0xCE, 0x86 },  // 螁
    { 0x8782, 0xF2, 0xEB },  // 螂
    { 0x8783, 0xF3, 0xA6 },  // 螃
    { 0x8784, 0xCE, 0x87 },  // 螄
    { 0x8785, 0xF3, 0xA3 },  // 螅
    { 0x8786, 0xCE, 0x88 },  // 螆
    { 0x8787, 0xCE, 0x89 },  // 螇
    { 0x8788, 0xF3, 0xA2 },  // 螈
    { 0x8789, 0xCE, 0x8A },  // 螉
    { 0x878A, 0xCE, 0x8B },  // 螊
    { 0x878B, 0xF2, 0xF4 },  // 螋
    { 0x878C, 0xCE, 0x8C },  // 螌
    { 0x878D, 0xC8, 0xDA },  // 融
    { 0x878E, 0xCE, 0x8D },  // 螎
    { 0x878F, 0xCE, 0x8E },  // 螏
    { 0x8790, 0xCE, 0x8F },  // 螐
    { 0x8791, 0xCE, 0x90 },  // 螑
    { 0x8792, 0xCE, 0x91 },  // 螒
    { 0x8793, 0xF2, 0xFB },  // 螓
    { 0x8794, 0xCE, 0x92 },  // 螔
    { 0x8795, 0xCE, 0x93 },  // 螕
    { 0x8796, 0xCE, 0x94 },  // 螖
    { 0x8797, 0xF3, 0xA5 },  // 螗
    { 0x8798, 0xCE, 0x95 },  // 螘
    { 0x8799, 0xCE, 0x96 },  // 螙
    { 0x879A, 0xCE, 0x97 },  // 螚
    { 0x879B, 0xCE, 0x98 },  // 螛
    { 0x879C, 0xCE, 0x99 },  // 螜
    { 0x879D, 0xCE, 0x9A },  // 螝
    { 0x879E, 0xCE, 0x9B },  // 螞
    { 0x879F, 0xC3, 0xF8 },  // 螟
    { 0x87A0, 0xCE, 0x9C },  // 螠
    { 0x87A1, 0xCE, 0x9D },  // 螡
    { 0x87A2, 0xCE, 0x9E },  // 螢
    { 0x87A3, 0xCE, 0x9F },  // 螣
    { 0x87A4, 0xCE, 0xA0 },  // 螤
    { 0x87A5, 0xCF, 0x40 },  // 螥
    { 0x87A6, 0xCF, 0x41 },  // 螦
    { 0x87A7, 0xCF, 0x42 },  // 螧
    { 0x87A8, 0xF2, 0xFD },  // 螨
    { 0x87A9, 0xCF, 0x43 },  // 螩
    { 0x87AA, 0xCF, 0x44 },  // 螪
    { 0x87AB, 0xF3, 0xA7 },  // 螫
    { 0x87AC, 0xF3, 0xA9 },  // 螬
    { 0x87AD, 0xF3, 0xA4 },  // 螭
    { 0x87AE, 0xCF, 0x45 },  // 螮
    { 0x87AF, 0xF2, 0xFC },  // 螯
    { 0x87B0, 0xCF, 0x46 },  // 螰
    { 0x87B1, 0xCF, 0x47 },  // 螱
    { 0x87B2, 0xCF, 0x48 },  // 螲
    { 0x87B3, 0xF3, 0xAB },  // 螳
    { 0x87B4, 0xCF, 0x49 },  // 螴
    { 0x87B5, 0xF3, 0xAA },  // 螵
    { 0x87B6, 0xCF, 0x4A },  // 螶
    { 0x87B7, 0xCF, 0x4B },  // 螷
    { 0x87B8, 0xCF, 0x4C },  // 螸
    { 0x87B9, 0xCF, 0x4D },  // 螹
    { 0x87BA, 0xC2, 0xDD },  // 螺
    { 0x87BB, 0xCF, 0x4E },  // 螻
    { 0x87BC, 0xCF, 0x4F },  // 螼
    { 0x87BD, 0xF3, 0xAE },  // 螽
    { 0x87BE, 0xCF, 0x50 },  // 螾
    { 0x87BF, 0xCF, 0x51 },  // 螿
    { 0x87C0, 0xF3, 0xB0 },  // 蟀
    { 0x87C1, 0xCF, 0x52 },  // 蟁
    { 0x87C2, 0xCF, 0x53 },  // 蟂
    { 0x87C3, 0xCF, 0x54 },  // 蟃
    { 0x87C4, 0xCF, 0x55 },  // 蟄
    { 0x87C5, 0xCF, 0x56 },  // 蟅
    { 0x87C6, 0xF3, 0xA1 },  // 蟆
    { 0x87C7, 0xCF, 0x57 },  // 蟇
    { 0x87C8, 0xCF, 0x58 },  // 蟈
    { 0x87C9, 0xCF, 0x59 },  // 蟉
    { 0x87CA, 0xF3, 0xB1 },  // 蟊
    { 0x87CB, 0xF3, 0xAC },  // 蟋
    { 0x87CC, 0xCF, 0x5A },  // 蟌
    { 0x87CD, 0xCF, 0x5B },  // 蟍
    { 0x87CE, 0xCF, 0x5C },  // 蟎
    { 0x87CF, 0xCF, 0x5D },  // 蟏
    { 0x87D0, 0xCF, 0x5E },  // 蟐
    { 0x87D1, 0xF3, 0xAF },  // 蟑
    { 0x87D2, 0xF2, 0xFE },  // 蟒
    { 0x87D3, 0xF3, 0xAD },  // 蟓
    { 0x87D4, 0xCF, 0x5F },  // 蟔
    { 0x87D5, 0xCF, 0x60 },  // 蟕
    { 0x87D6, 0xCF, 0x61 },  // 蟖
    { 0x87D7, 0xCF, 0x62 },  // 蟗
    { 0x87D8, 0xCF, 0x63 },  // 蟘
    { 0x87D9, 0xCF, 0x64 },  // 蟙
    { 0x87DA, 0xCF, 0x65 },  // 蟚
    { 0x87DB, 0xF3, 0xB2 },  // 蟛
    { 0x87DC, 0xCF, 0x66 },  // 蟜
    { 0x87DD, 0xCF, 0x67 },  // 蟝
    { 0x87DE, 0xCF, 0x68 },  // 蟞
    { 0x87DF, 0xCF, 0x69 },  // 蟟
    { 0x87E0, 0xF3, 0xB4 },  // 蟠
    { 0x87E1, 0xCF, 0x6A },  // 蟡
    { 0x87E2, 0xCF, 0x6B },  // 蟢
    { 0x87E3, 0xCF, 0x6C },  // 蟣
    { 0x87E4, 0xCF, 0x6D },  // 蟤
    { 0x87E5, 0xF3, 0xA8 },  // 蟥
    { 0x87E6, 0xCF, 0x6E },  // 蟦
    { 0x87E7, 0xCF, 0x6F },  // 蟧
    { 0x87E8, 0xCF, 0x70 },  // 蟨
    { 0x87E9, 0xCF, 0x71 },  // 蟩
    { 0x87EA, 0xF3, 0xB3 },  // 蟪
    { 0x87EB, 0xCF, 0x72 },  // 蟫
    { 0x87EC, 0xCF, 0x73 },  // 蟬
    { 0x87ED, 0xCF, 0x74 },  // 蟭
    { 0x87EE, 0xF3, 0xB5 },  // 蟮
    { 0x87EF, 0xCF, 0x75 },  // 蟯
    { 0x87F0, 0xCF, 0x76 },  // 蟰
    { 0x87F1, 0xCF, 0x77 },  // 蟱
    { 0x87F2, 0xCF, 0x78 },  // 蟲
    { 0x87F3, 0xCF, 0x79 },  // 蟳
    { 0x87F4, 0xCF, 0x7A },  // 蟴
    { 0x87F5, 0xCF, 0x7B },  // 蟵
    { 0x87F6, 0xCF, 0x7C },  // 蟶
    { 0x87F7, 0xCF, 0x7D },  // 蟷
    { 0x87F8, 0xCF, 0x7E },  // 蟸
    { 0x87F9, 0xD0, 0xB7 },  // 蟹
    { 0x87FA, 0xCF, 0x80 },  // 蟺
    { 0x87FB, 0xCF, 0x81 },  // 蟻
    { 0x87FC, 0xCF, 0x82 },  // 蟼
    { 0x87FD, 0xCF, 0x83 },  // 蟽
    { 0x87FE, 0xF3, 0xB8 },  // 蟾
    { 0x87FF, 0xCF, 0x84 },  // 蟿
    { 0x8800, 0xCF, 0x85 },  // 蠀
    { 0x8801, 0xCF, 0x86 },  // 蠁
    { 0x8802, 0xCF, 0x87 },  // 蠂
    { 0x8803, 0xD9, 0xF9 },  // 蠃
    { 0x8804, 0xCF, 0x88 },  // 蠄
    { 0x8805, 0xCF, 0x89 },  // 蠅
    { 0x8806, 0xCF, 0x8A },  // 蠆
    { 0x8807, 0xCF, 0x8B },  // 蠇
    { 0x8808, 0xCF, 0x8C },  // 蠈
    { 0x8809, 0xCF, 0x8D },  // 蠉
    { 0x880A, 0xF3, 0xB9 },  // 蠊
    { 0x880B, 0xCF, 0x8E },  // 蠋
    { 0x880C, 0xCF, 0x8F },  // 蠌
    { 0x880D, 0xCF, 0x90 },  // 蠍
    { 0x880E, 0xCF, 0x91 },  // 蠎
    { 0x880F, 0xCF, 0x92 },  // 蠏
    { 0x8810, 0xCF, 0x93 },  // 蠐
    { 0x8811, 0xCF, 0x94 },  // 蠑
    { 0x8812, 0xCF, 0x95 },  // 蠒
    { 0x8813, 0xF3, 0xB7 },  // 蠓
    { 0x8814, 0xCF, 0x96 },  // 蠔
    { 0x8815, 0xC8, 0xE4 },  // 蠕
    { 0x8816, 0xF3, 0xB6 },  // 蠖
    { 0x8817, 0xCF, 0x97 },  // 蠗
    { 0x8818, 0xCF, 0x98 },  // 蠘
    { 0x8819, 0xCF, 0x99 },  // 蠙
    { 0x881A, 0xCF, 0x9A },  // 蠚
    { 0x881B, 0xF3, 0xBA },  // 蠛
    { 0x881C, 0xCF, 0x9B },  // 蠜
    { 0x881D, 0xCF, 0x9C },  // 蠝
    { 0x881E, 0xCF, 0x9D },  // 蠞
    { 0x881F, 0xCF, 0x9E },  // 蠟
    { 0x8820, 0xCF, 0x9F },  // 蠠
    { 0x8821, 0xF3, 0xBB },  // 蠡
    { 0x8822, 0xB4, 0xC0 },  // 蠢
    { 0x8823, 0xCF, 0xA0 },  // 蠣
    { 0x8824, 0xD0, 0x40 },  // 蠤
    { 0x8825, 0xD0, 0x41 },  // 蠥
    { 0x8826, 0xD0, 0x42 },  // 蠦
    { 0x8827, 0xD0, 0x43 },  // 蠧
    { 0x8828, 0xD0, 0x44 },  // 蠨
    { 0x8829, 0xD0, 0x45 },  // 蠩
    { 0x882A, 0xD0, 0x46 },  // 蠪
    { 0x882B, 0xD0, 0x47 },  // 蠫
    { 0x882C, 0xD0, 0x48 },  // 蠬
    { 0x882D, 0xD0, 0x49 },  // 蠭
    { 0x882E, 0xD0, 0x4A },  // 蠮
    { 0x882F, 0xD0, 0x4B },  // 蠯
    { 0x8830, 0xD0, 0x4C },  // 蠰
    { 0x8831, 0xD0, 0x4D },  // 蠱
    { 0x8832, 0xEE, 0xC3 },  // 蠲
    { 0x8833, 0xD0, 0x4E },  // 蠳
    { 0x8834, 0xD0, 0x4F },  // 蠴
    { 0x8835, 0xD0, 0x50 },  // 蠵
    { 0x8836, 0xD0, 0x51 },  // 蠶
    { 0x8837, 0xD0, 0x52 },  // 蠷
    { 0x8838, 0xD0, 0x53 },  // 蠸
    { 0x8839, 0xF3, 0xBC },  // 蠹
    { 0x883A, 0xD0, 0x54 },  // 蠺
    { 0x883B, 0xD0, 0x55 },  // 蠻
    { 0x883C, 0xF3, 0xBD },  // 蠼
    { 0x883D, 0xD0, 0x56 },  // 蠽
    { 0x883E, 0xD0, 0x57 },  // 蠾
    { 0x883F, 0xD0, 0x58 },  // 蠿
    { 0x8840, 0xD1, 0xAA },  // 血
    { 0x8841, 0xD0, 0x59 },  // 衁
    { 0x8842, 0xD0, 0x5A },  // 衂
    { 0x8843, 0xD0, 0x5B },  // 衃
    { 0x8844, 0xF4, 0xAC },  // 衄
    { 0x8845, 0xD0, 0xC6 },  // 衅
    { 0x8846, 0xD0, 0x5C },  // 衆
    { 0x8847, 0xD0, 0x5D },  // 衇
    { 0x8848, 0xD0, 0x5E },  // 衈
    { 0x8849, 0xD0, 0x5F },  // 衉
    { 0x884A, 0xD0, 0x60 },  // 衊
    { 0x884B, 0xD0, 0x61 },  // 衋
    { 0x884C, 0xD0, 0xD0 },  // 行
    { 0x884D, 0xD1, 0xDC },  // 衍
    { 0x884E, 0xD0, 0x62 },  // 衎
    { 0x884F, 0xD0, 0x63 },  // 衏
    { 0x8850, 0xD0, 0x64 },  // 衐
    { 0x8851, 0xD0, 0x65 },  // 衑
    { 0x8852, 0xD0, 0x66 },  // 衒
    { 0x8853, 0xD0, 0x67 },  // 術
    { 0x8854, 0xCF, 0xCE },  // 衔
    { 0x8855, 0xD0, 0x68 },  // 衕
    { 0x8856, 0xD0, 0x69 },  // 衖
    { 0x8857, 0xBD, 0xD6 },  // 街
    { 0x8858, 0xD0, 0x6A },  // 衘
    { 0x8859, 0xD1, 0xC3 },  // 衙
    { 0x885A, 0xD0, 0x6B },  // 衚
    { 0x885B, 0xD0, 0x6C },  // 衛
    { 0x885C, 0xD0, 0x6D },  // 衜
    { 0x885D, 0xD0, 0x6E },  // 衝
    { 0x885E, 0xD0, 0x6F },  // 衞
    { 0x885F, 0xD0, 0x70 },  // 衟
    { 0x8860, 0xD0, 0x71 },  // 衠
    { 0x8861, 0xBA, 0xE2 },  // 衡
    { 0x8862, 0xE1, 0xE9 },  // 衢
    { 0x8863, 0xD2, 0xC2 },  // 衣
    { 0x8864, 0xF1, 0xC2 },  // 衤
    { 0x8865, 0xB2, 0xB9 },  // 补
    { 0x8866, 0xD0, 0x72 },  // 衦
    { 0x8867, 0xD0, 0x73 },  // 衧
    { 0x8868, 0xB1, 0xED },  // 表
    { 0x8869, 0xF1, 0xC3 },  // 衩
    { 0x886A, 0xD0, 0x74 },  // 衪
    { 0x886B, 0xC9, 0xC0 },  // 衫
    { 0x886C, 0xB3, 0xC4 },  // 衬
    { 0x886D, 0xD0, 0x75 },  // 衭
    { 0x886E, 0xD9, 0xF2 },  // 衮
    { 0x886F, 0xD0, 0x76 },  // 衯
    { 0x8870, 0xCB, 0xA5 },  // 衰
    { 0x8871, 0xD0, 0x77 },  // 衱
    { 0x8872, 0xF1, 0xC4 },  // 衲
    { 0x8873, 0xD0, 0x78 },  // 衳
    { 0x8874, 0xD0, 0x79 },  // 衴
    { 0x8875, 0xD0, 0x7A },  // 衵
    { 0x8876, 0xD0, 0x7B },  // 衶
    { 0x8877, 0xD6, 0xD4 },  // 衷
    { 0x8878, 0xD0, 0x7C },  // 衸
    { 0x8879, 0xD0, 0x7D },  // 衹
    { 0x887A, 0xD0, 0x7E },  // 衺
    { 0x887B, 0xD0, 0x80 },  // 衻
    { 0x887C, 0xD0, 0x81 },  // 衼
    { 0x887D, 0xF1, 0xC5 },  // 衽
    { 0x887E, 0xF4, 0xC0 },  // 衾
    { 0x887F, 0xF1, 0xC6 },  // 衿
    { 0x8880, 0xD0, 0x82 },  // 袀
    { 0x8881, 0xD4, 0xAC },  // 袁
    { 0x8882, 0xF1, 0xC7 },  // 袂
    { 0x8883, 0xD0, 0x83 },  // 袃
    { 0x8884, 0xB0, 0xC0 },  // 袄
    { 0x8885, 0xF4, 0xC1 },  // 袅
    { 0x8886, 0xD0, 0x84 },  // 袆
    { 0x8887, 0xD0, 0x85 },  // 袇
    { 0x8888, 0xF4, 0xC2 },  // 袈
    { 0x8889, 0xD0, 0x86 },  // 袉
    { 0x888A, 0xD0, 0x87 },  // 袊
    { 0x888B, 0xB4, 0xFC },  // 袋
    { 0x888C, 0xD0, 0x88 },  // 袌
    { 0x888D, 0xC5, 0xDB },  // 袍
    { 0x888E, 0xD0, 0x89 },  // 袎
    { 0x888F, 0xD0, 0x8A },  // 袏
    { 0x8890, 0xD0, 0x8B },  // 袐
    { 0x8891, 0xD0, 0x8C },  // 袑
    { 0x8892, 0xCC, 0xBB },  // 袒
    { 0x8893, 0xD0, 0x8D },  // 袓
    { 0x8894, 0xD0, 0x8E },  // 袔
    { 0x8895, 0xD0, 0x8F },  // 袕
    { 0x8896, 0xD0, 0xE4 },  // 袖
    { 0x8897, 0xD0, 0x90 },  // 袗
    { 0x8898, 0xD0, 0x91 },  // 袘
    { 0x8899, 0xD0, 0x92 },  // 袙
    { 0x889A, 0xD0, 0x93 },  // 袚
    { 0x889B, 0xD0, 0x94 },  // 袛
    { 0x889C, 0xCD, 0xE0 },  // 袜
    { 0x889D, 0xD0, 0x95 },  // 袝
    { 0x889E, 0xD0, 0x96 },  // 袞
    { 0x889F, 0xD0, 0x97 },  // 袟
    { 0x88A0, 0xD0, 0x98 },  // 袠
    { 0x88A1, 0xD0, 0x99 },  // 袡
    { 0x88A2, 0xF1, 0xC8 },  // 袢
    { 0x88A3, 0xD0, 0x9A },  // 袣
    { 0x88A4, 0xD9, 0xF3 },  // 袤
    { 0x88A5, 0xD0, 0x9B },  // 袥
    { 0x88A6, 0xD0, 0x9C },  // 袦
    { 0x88A7, 0xD0, 0x9D },  // 袧
    { 0x88A8, 0xD0, 0x9E },  // 袨
    { 0x88A9, 0xD0, 0x9F },  // 袩
    { 0x88AA, 0xD0, 0xA0 },  // 袪
    { 0x88AB, 0xB1, 0xBB },  // 被
    { 0x88AC, 0xD1, 0x40 },  // 袬
    { 0x88AD, 0xCF, 0xAE },  // 袭
    { 0x88AE, 0xD1, 0x41 },  // 袮
    { 0x88AF, 0xD1, 0x42 },  // 袯
    { 0x88B0, 0xD1, 0x43 },  // 袰
    { 0x88B1, 0xB8, 0xA4 },  // 袱
    { 0x88B2, 0xD1, 0x44 },  // 袲
    { 0x88B3, 0xD1, 0x45 },  // 袳
    { 0x88B4, 0xD1, 0x46 },  // 袴
    { 0x88B5, 0xD1, 0x47 },  // 袵
    { 0x88B6, 0xD1, 0x48 },  // 袶
    { 0x88B7, 0xF1, 0xCA },  // 袷
    { 0x88B8, 0xD1, 0x49 },  // 袸
    { 0x88B9, 0xD1, 0x4A },  // 袹
    { 0x88BA, 0xD1, 0x4B },  // 袺
    { 0x88BB, 0xD1, 0x4C },  // 袻
    { 0x88BC, 0xF1, 0xCB },  // 袼
    { 0x88BD, 0xD1, 0x4D },  // 袽
    { 0x88BE, 0xD1, 0x4E },  // 袾
    { 0x88BF, 0xD1, 0x4F },  // 袿
    { 0x88C0, 0xD1, 0x50 },  // 裀
    { 0x88C1, 0xB2, 0xC3 },  // 裁
    { 0x88C2, 0xC1, 0xD1 },  // 裂
    { 0x88C3, 0xD1, 0x51 },  // 裃
    { 0x88C4, 0xD1, 0x52 },  // 裄
    { 0x88C5, 0xD7, 0xB0 },  // 装
    { 0x88C6, 0xF1, 0xC9 },  // 裆
    { 0x88C7, 0xD1, 0x53 },  // 裇
    { 0x88C8, 0xD1, 0x54 },  // 裈
    { 0x88C9, 0xF1, 0xCC },  // 裉
    { 0x88CA, 0xD1, 0x55 },  // 裊
    { 0x88CB, 0xD1, 0x56 },  // 裋
    { 0x88CC, 0xD1, 0x57 },  // 裌
    { 0x88CD, 0xD1, 0x58 },  // 裍
    { 0x88CE, 0xF1, 0xCE },  // 裎
    { 0x88CF, 0xD1, 0x59 },  // 裏
    { 0x88D0, 0xD1, 0x5A },  // 裐
    { 0x88D1, 0xD1, 0x5B },  // 裑
    { 0x88D2, 0xD9, 0xF6 },  // 裒
    { 0x88D3, 0xD1, 0x5C },  // 裓
    { 0x88D4, 0xD2, 0xE1 },  // 裔
    { 0x88D5, 0xD4, 0xA3 },  // 裕
    { 0x88D6, 0xD1, 0x5D },  // 裖
    { 0x88D7, 0xD1, 0x5E },  // 裗
    { 0x88D8, 0xF4, 0xC3 },  // 裘
    { 0x88D9, 0xC8, 0xB9 },  // 裙
    { 0x88DA, 0xD1, 0x5F },  // 裚
    { 0x88DB, 0xD1, 0x60 },  // 裛
    { 0x88DC, 0xD1, 0x61 },  // 補
    { 0x88DD, 0xD1, 0x62 },  // 裝
    { 0x88DE, 0xD1, 0x63 },  // 裞
    { 0x88DF, 0xF4, 0xC4 },  // 裟
    { 0x88E0, 0xD1, 0x64 },  // 裠
    { 0x88E1, 0xD1, 0x65 },  // 裡
    { 0x88E2, 0xF1, 0xCD },  // 裢
    { 0x88E3, 0xF1, 0xCF },  // 裣
    { 0x88E4, 0xBF, 0xE3 },  // 裤
    { 0x88E5, 0xF1, 0xD0 },  // 裥
    { 0x88E6, 0xD1, 0x66 },  // 裦
    { 0x88E7, 0xD1, 0x67 },  // 裧
    { 0x88E8, 0xF1, 0xD4 },  // 裨
    { 0x88E9, 0xD1, 0x68 },  // 裩
    { 0x88EA, 0xD1, 0x69 },  // 裪
    { 0x88EB, 0xD1, 0x6A },  // 裫
    { 0x88EC, 0xD1, 0x6B },  // 裬
    { 0x88ED, 0xD1, 0x6C },  // 裭
    { 0x88EE, 0xD1, 0x6D },  // 裮
    { 0x88EF, 0xD1, 0x6E },  // 裯
    { 0x88F0, 0xF1, 0xD6 },  // 裰
    { 0x88F1, 0xF1, 0xD1 },  // 裱
    { 0x88F2, 0xD1, 0x6F },  // 裲
    { 0x88F3, 0xC9, 0xD1 },  // 裳
    { 0x88F4, 0xC5, 0xE1 },  // 裴
    { 0x88F5, 0xD1, 0x70 },  // 裵
    { 0x88F6, 0xD1, 0x71 },  // 裶
    { 0x88F7, 0xD1, 0x72 },  // 裷
    { 0x88F8, 0xC2, 0xE3 },  // 裸
    { 0x88F9, 0xB9, 0xFC },  // 裹
    { 0x88FA, 0xD1, 0x73 },  // 裺
    { 0x88FB, 0xD1, 0x74 },  // 裻
    { 0x88FC, 0xF1, 0xD3 },  // 裼
    { 0x88FD, 0xD1, 0x75 },  // 製
    { 0x88FE, 0xF1, 0xD5 },  // 裾
    { 0x88FF, 0xD1, 0x76 },  // 裿
    { 0x8900, 0xD1, 0x77 },  // 褀
    { 0x8901, 0xD1, 0x78 },  // 褁
    { 0x8902, 0xB9, 0xD3 },  // 褂
    { 0x8903, 0xD1, 0x79 },  // 褃
    { 0x8904, 0xD1, 0x7A },  // 褄
    { 0x8905, 0xD1, 0x7B },  // 褅
    { 0x8906, 0xD1, 0x7C },  // 褆
    { 0x8907, 0xD1, 0x7D },  // 複
    { 0x8908, 0xD1, 0x7E },  // 褈
    { 0x8909, 0xD1, 0x80 },  // 褉
    { 0x890A, 0xF1, 0xDB },  // 褊
    { 0x890B, 0xD1, 0x81 },  // 褋
    { 0x890C, 0xD1, 0x82 },  // 褌
    { 0x890D, 0xD1, 0x83 },  // 褍
    { 0x890E, 0xD1, 0x84 },  // 褎
    { 0x890F, 0xD1, 0x85 },  // 褏
    { 0x8910, 0xBA, 0xD6 },  // 褐
    { 0x8911, 0xD1, 0x86 },  // 褑
    { 0x8912, 0xB0, 0xFD },  // 褒
    { 0x8913, 0xF1, 0xD9 },  // 褓
    { 0x8914, 0xD1, 0x87 },  // 褔
    { 0x8915, 0xD1, 0x88 },  // 褕
    { 0x8916, 0xD1, 0x89 },  // 褖
    { 0x8917, 0xD1, 0x8A },  // 褗
    { 0x8918, 0xD1, 0x8B },  // 褘
    { 0x8919, 0xF1, 0xD8 },  // 褙
    { 0x891A, 0xF1, 0xD2 },  // 褚
    { 0x891B, 0xF1, 0xDA },  // 褛
    { 0x891C, 0xD1, 0x8C },  // 褜
    { 0x891D, 0xD1, 0x8D },  // 褝
    { 0x891E, 0xD1, 0x8E },  // 褞
    { 0x891F, 0xD1, 0x8F },  // 褟
    { 0x8920, 0xD1, 0x90 },  // 褠
    { 0x8921, 0xF1, 0xD7 },  // 褡
    { 0x8922, 0xD1, 0x91 },  // 褢
    { 0x8923, 0xD1, 0x92 },  // 褣
    { 0x8924, 0xD1, 0x93 },  // 褤
    { 0x8925, 0xC8, 0xEC },  // 褥
    { 0x8926, 0xD1, 0x94 },  // 褦
    { 0x8927, 0xD1, 0x95 },  // 褧
    { 0x8928, 0xD1, 0x96 },  // 褨
    { 0x8929, 0xD1, 0x97 },  // 褩
    { 0x892A, 0xCD, 0xCA },  // 褪
    { 0x892B, 0xF1, 0xDD },  // 褫
    { 0x892C, 0xD1, 0x98 },  // 褬
    { 0x892D, 0xD1, 0x99 },  // 褭
    { 0x892E, 0xD1, 0x9A },  // 褮
    { 0x892F, 0xD1, 0x9B },  // 褯
    { 0x8930, 0xE5, 0xBD },  // 褰
    { 0x8931, 0xD1, 0x9C },  // 褱
    { 0x8932, 0xD1, 0x9D },  // 褲
    { 0x8933, 0xD1, 0x9E },  // 褳
    { 0x8934, 0xF1, 0xDC },  // 褴
    { 0x8935, 0xD1, 0x9F },  // 褵
    { 0x8936, 0xF1, 0xDE },  // 褶
    { 0x8937, 0xD1, 0xA0 },  // 褷
    { 0x8938, 0xD2, 0x40 },  // 褸
    { 0x8939, 0xD2, 0x41 },  // 褹
    { 0x893A, 0xD2, 0x42 },  // 褺
    { 0x893B, 0xD2, 0x43 },  // 褻
    { 0x893C, 0xD2, 0x44 },  // 褼
    { 0x893D, 0xD2, 0x45 },  // 褽
    { 0x893E, 0xD2, 0x46 },  // 褾
    { 0x893F, 0xD2, 0x47 },  // 褿
    { 0x8940, 0xD2, 0x48 },  // 襀
    { 0x8941, 0xF1, 0xDF },  // 襁
    { 0x8942, 0xD2, 0x49 },  // 襂
    { 0x8943, 0xD2, 0x4A },  // 襃
    { 0x8944, 0xCF, 0xE5 },  // 襄
    { 0x8945, 0xD2, 0x4B },  // 襅
    { 0x8946, 0xD2, 0x4C },  // 襆
    { 0x8947, 0xD2, 0x4D },  // 襇
    { 0x8948, 0xD2, 0x4E },  // 襈
    { 0x8949, 0xD2, 0x4F },  // 襉
    { 0x894A, 0xD2, 0x50 },  // 襊
    { 0x894B, 0xD2, 0x51 },  // 襋
    { 0x894C, 0xD2, 0x52 },  // 襌
    { 0x894D, 0xD2, 0x53 },  // 襍
    { 0x894E, 0xD2, 0x54 },  // 襎
    { 0x894F, 0xD2, 0x55 },  // 襏
    { 0x8950, 0xD2, 0x56 },  // 襐
    { 0x8951, 0xD2, 0x57 },  // 襑
    { 0x8952, 0xD2, 0x58 },  // 襒
    { 0x8953, 0xD2, 0x59 },  // 襓
    { 0x8954, 0xD2, 0x5A },  // 襔
    { 0x8955, 0xD2, 0x5B },  // 襕
    { 0x8956, 0xD2, 0x5C },  // 襖
    { 0x8957, 0xD2, 0x5D },  // 襗
    { 0x8958, 0xD2, 0x5E },  // 襘
    { 0x8959, 0xD2, 0x5F },  // 襙
    { 0x895A, 0xD2, 0x60 },  // 襚
    { 0x895B, 0xD2, 0x61 },  // 襛
    { 0x895C, 0xD2, 0x62 },  // 襜
    { 0x895D, 0xD2, 0x63 },  // 襝
    { 0x895E, 0xF4, 0xC5 },  // 襞
    { 0x895F, 0xBD, 0xF3 },  // 襟
    { 0x8960, 0xD2, 0x64 },  // 襠
    { 0x8961, 0xD2, 0x65 },  // 襡
    { 0x8962, 0xD2, 0x66 },  // 襢
    { 0x8963, 0xD2, 0x67 },  // 襣
    { 0x8964, 0xD2, 0x68 },  // 襤
    { 0x8965, 0xD2, 0x69 },  // 襥
    { 0x8966, 0xF1, 0xE0 },  // 襦
    { 0x8967, 0xD2, 0x6A },  // 襧
    { 0x8968, 0xD2, 0x6B },  // 襨
    { 0x8969, 0xD2, 0x6C },  // 襩
    { 0x896A, 0xD2, 0x6D },  // 襪
    { 0x896B, 0xD2, 0x6E },  // 襫
    { 0x896C, 0xD2, 0x6F },  // 襬
    { 0x896D, 0xD2, 0x70 },  // 襭
    { 0x896E, 0xD2, 0x71 },  // 襮
    { 0x896F, 0xD2, 0x72 },  // 襯
    { 0x8970, 0xD2, 0x73 },  // 襰
    { 0x8971, 0xD2, 0x74 },  // 襱
    { 0x8972, 0xD2, 0x75 },  // 襲
    { 0x8973, 0xD2, 0x76 },  // 襳
    { 0x8974, 0xD2, 0x77 },  // 襴
    { 0x8975, 0xD2, 0x78 },  // 襵
    { 0x8976, 0xD2, 0x79 },  // 襶
    { 0x8977, 0xD2, 0x7A },  // 襷
    { 0x8978, 0xD2, 0x7B },  // 襸
    { 0x8979, 0xD2, 0x7C },  // 襹
    { 0x897A, 0xD2, 0x7D },  // 襺
    { 0x897B, 0xF1, 0xE1 },  // 襻
    { 0x897C, 0xD2, 0x7E },  // 襼
    { 0x897D, 0xD2, 0x80 },  // 襽
    { 0x897E, 0xD2, 0x81 },  // 襾
    { 0x897F, 0xCE, 0xF7 },  // 西
    { 0x8980, 0xD2, 0x82 },  // 覀
    { 0x8981, 0xD2, 0xAA },  // 要
    { 0x8982, 0xD2, 0x83 },  // 覂
    { 0x8983, 0xF1, 0xFB },  // 覃
    { 0x8984, 0xD2, 0x84 },  // 覄
    { 0x8985, 0xD2, 0x85 },  // 覅
    { 0x8986, 0xB8, 0xB2 },  // 覆
    { 0x8987, 0xD2, 0x86 },  // 覇
    { 0x8988, 0xD2, 0x87 },  // 覈
    { 0x8989, 0xD2, 0x88 },  // 覉
    { 0x898A, 0xD2, 0x89 },  // 覊
    { 0x898B, 0xD2, 0x8A },  // 見
    { 0x898C, 0xD2, 0x8B },  // 覌
    { 0x898D, 0xD2, 0x8C },  // 覍
    { 0x898E, 0xD2, 0x8D },  // 覎
    { 0x898F, 0xD2, 0x8E },  // 規
    { 0x8990, 0xD2, 0x8F },  // 覐
    { 0x8991, 0xD2, 0x90 },  // 覑
    { 0x8992, 0xD2, 0x91 },  // 覒
    { 0x8993, 0xD2, 0x92 },  // 覓
    { 0x8994, 0xD2, 0x93 },  // 覔
    { 0x8995, 0xD2, 0x94 },  // 覕
    { 0x8996, 0xD2, 0x95 },  // 視
    { 0x8997, 0xD2, 0x96 },  // 覗
    { 0x8998, 0xD2, 0x97 },  // 覘
    { 0x8999, 0xD2, 0x98 },  // 覙
    { 0x899A, 0xD2, 0x99 },  // 覚
    { 0x899B, 0xD2, 0x9A },  // 覛
    { 0x899C, 0xD2, 0x9B },  // 覜
    { 0x899D, 0xD2, 0x9C },  // 覝
    { 0x899E, 0xD2, 0x9D },  // 覞
    { 0x899F, 0xD2, 0x9E },  // 覟
    { 0x89A0, 0xD2, 0x9F },  // 覠
    { 0x89A1, 0xD2, 0xA0 },  // 覡
    { 0x89A2, 0xD3, 0x40 },  // 覢
    { 0x89A3, 0xD3, 0x41 },  // 覣
    { 0x89A4, 0xD3, 0x42 },  // 覤
    { 0x89A5, 0xD3, 0x43 },  // 覥
    { 0x89A6, 0xD3, 0x44 },  // 覦
    { 0x89A7, 0xD3, 0x45 },  // 覧
    { 0x89A8, 0xD3, 0x46 },  // 覨
    { 0x89A9, 0xD3, 0x47 },  // 覩
    { 0x89AA, 0xD3, 0x48 },  // 親
    { 0x89AB, 0xD3, 0x49 },  // 覫
    { 0x89AC, 0xD3, 0x4A },  // 覬
    { 0x89AD, 0xD3, 0x4B },  // 覭
    { 0x89AE, 0xD3, 0x4C },  // 覮
    { 0x89AF, 0xD3, 0x4D },  // 覯
    { 0x89B0, 0xD3, 0x4E },  // 覰
    { 0x89B1, 0xD3, 0x4F },  // 覱
    { 0x89B2, 0xD3, 0x50 },  // 覲
    { 0x89B3, 0xD3, 0x51 },  // 観
    { 0x89B4, 0xD3, 0x52 },  // 覴
    { 0x89B5, 0xD3, 0x53 },  // 覵
    { 0x89B6, 0xD3, 0x54 },  // 覶
    { 0x89B7, 0xD3, 0x55 },  // 覷
    { 0x89B8, 0xD3, 0x56 },  // 覸
    { 0x89B9, 0xD3, 0x57 },  // 覹
    { 0x89BA, 0xD3, 0x58 },  // 覺
    { 0x89BB, 0xD3, 0x59 },  // 覻
    { 0x89BC, 0xD3, 0x5A },  // 覼
    { 0x89BD, 0xD3, 0x5B },  // 覽
    { 0x89BE, 0xD3, 0x5C },  // 覾
    { 0x89BF, 0xD3, 0x5D },  // 覿
    { 0x89C0, 0xD3, 0x5E },  // 觀
    { 0x89C1, 0xBC, 0xFB },  // 见
    { 0x89C2, 0xB9, 0xDB },  // 观
    { 0x89C3, 0xD3, 0x5F },  // 觃
    { 0x89C4, 0xB9, 0xE6 },  // 规
    { 0x89C5, 0xC3, 0xD9 },  // 觅
    { 0x89C6, 0xCA, 0xD3 },  // 视
    { 0x89C7, 0xEA, 0xE8 },  // 觇
    { 0x89C8, 0xC0, 0xC0 },  // 览
    { 0x89C9, 0xBE, 0xF5 },  // 觉
    { 0x89CA, 0xEA, 0xE9 },  // 觊
    { 0x89CB, 0xEA, 0xEA },  // 觋
    { 0x89CC, 0xEA, 0xEB },  // 觌
    { 0x89CD, 0xD3, 0x60 },  // 觍
    { 0x89CE, 0xEA, 0xEC },  // 觎
    { 0x89CF, 0xEA, 0xED },  // 觏
    { 0x89D0, 0xEA, 0xEE },  // 觐
    { 0x89D1, 0xEA, 0xEF },  // 觑
    { 0x89D2, 0xBD, 0xC7 },  // 角
    { 0x89D3, 0xD3, 0x61 },  // 觓
    { 0x89D4, 0xD3, 0x62 },  // 觔
    { 0x89D5, 0xD3, 0x63 },  // 觕
    { 0x89D6, 0xF5, 0xFB },  // 觖
    { 0x89D7, 0xD3, 0x64 },  // 觗
    { 0x89D8, 0xD3, 0x65 },  // 觘
    { 0x89D9, 0xD3, 0x66 },  // 觙
    { 0x89DA, 0xF5, 0xFD },  // 觚
    { 0x89DB, 0xD3, 0x67 },  // 觛
    { 0x89DC, 0xF5, 0xFE },  // 觜
    { 0x89DD, 0xD3, 0x68 },  // 觝
    { 0x89DE, 0xF5, 0xFC },  // 觞
    { 0x89DF, 0xD3, 0x69 },  // 觟
    { 0x89E0, 0xD3, 0x6A },  // 觠
    { 0x89E1, 0xD3, 0x6B },  // 觡
    { 0x89E2, 0xD3, 0x6C },  // 觢
    { 0x89E3, 0xBD, 0xE2 },  // 解
    { 0x89E4, 0xD3, 0x6D },  // 觤
    { 0x89E5, 0xF6, 0xA1 },  // 觥
    { 0x89E6, 0xB4, 0xA5 },  // 触
    { 0x89E7, 0xD3, 0x6E },  // 觧
    { 0x89E8, 0xD3, 0x6F },  // 觨
    { 0x89E9, 0xD3, 0x70 },  // 觩
    { 0x89EA, 0xD3, 0x71 },  // 觪
    { 0x89EB, 0xF6, 0xA2 },  // 觫
    { 0x89EC, 0xD3, 0x72 },  // 觬
    { 0x89ED, 0xD3, 0x73 },  // 觭
    { 0x89EE, 0xD3, 0x74 },  // 觮
    { 0x89EF, 0xF6, 0xA3 },  // 觯
    { 0x89F0, 0xD3, 0x75 },  // 觰
    { 0x89F1, 0xD3, 0x76 },  // 觱
    { 0x89F2, 0xD3, 0x77 },  // 觲
    { 0x89F3, 0xEC, 0xB2 },  // 觳
    { 0x89F4, 0xD3, 0x78 },  // 觴
    { 0x89F5, 0xD3, 0x79 },  // 觵
    { 0x89F6, 0xD3, 0x7A },  // 觶
    { 0x89F7, 0xD3, 0x7B },  // 觷
    { 0x89F8, 0xD3, 0x7C },  // 觸
    { 0x89F9, 0xD3, 0x7D },  // 觹
    { 0x89FA, 0xD3, 0x7E },  // 觺
    { 0x89FB, 0xD3, 0x80 },  // 觻
    { 0x89FC, 0xD3, 0x81 },  // 觼
    { 0x89FD, 0xD3, 0x82 },  // 觽
    { 0x89FE, 0xD3, 0x83 },  // 觾
    { 0x89FF, 0xD3, 0x84 },  // 觿
    { 0x8A00, 0xD1, 0xD4 },  // 言
    { 0x8A01, 0xD3, 0x85 },  // 訁
    { 0x8A02, 0xD3, 0x86 },  // 訂
    { 0x8A03, 0xD3, 0x87 },  // 訃
    { 0x8A04, 0xD3, 0x88 },  // 訄
    { 0x8A05, 0xD3, 0x89 },  // 訅
    { 0x8A06, 0xD3, 0x8A },  // 訆
    { 0x8A07, 0xD9, 0xEA },  // 訇
    { 0x8A08, 0xD3, 0x8B },  // 計
    { 0x8A09, 0xD3, 0x8C },  // 訉
    { 0x8A0A, 0xD3, 0x8D },  // 訊
    { 0x8A0B, 0xD3, 0x8E },  // 訋
    { 0x8A0C, 0xD3, 0x8F },  // 訌
    { 0x8A0D, 0xD3, 0x90 },  // 訍
    { 0x8A0E, 0xD3, 0x91 },  // 討
    { 0x8A0F, 0xD3, 0x92 },  // 訏
    { 0x8A10, 0xD3, 0x93 },  // 訐
    { 0x8A11, 0xD3, 0x94 },  // 訑
    { 0x8A12, 0xD3, 0x95 },  // 訒
    { 0x8A13, 0xD3, 0x96 },  // 訓
    { 0x8A14, 0xD3, 0x97 },  // 訔
    { 0x8A15, 0xD3, 0x98 },  // 訕
    { 0x8A16, 0xD3, 0x99 },  // 訖
    { 0x8A17, 0xD3, 0x9A },  // 託
    { 0x8A18, 0xD3, 0x9B },  // 記
    { 0x8A19, 0xD3, 0x9C },  // 訙
    { 0x8A1A, 0xD3, 0x9D },  // 訚
    { 0x8A1B, 0xD3, 0x9E },  // 訛
    { 0x8A1C, 0xD3, 0x9F },  // 訜
    { 0x8A1D, 0xD3, 0xA0 },  // 訝
    { 0x8A1E, 0xD4, 0x40 },  // 訞
    { 0x8A1F, 0xD4, 0x41 },  // 訟
    { 0x8A20, 0xD4, 0x42 },  // 訠
    { 0x8A21, 0xD4, 0x43 },  // 訡
    { 0x8A22, 0xD4, 0x44 },  // 訢
    { 0x8A23, 0xD4, 0x45 },  // 訣
    { 0x8A24, 0xD4, 0x46 },  // 訤
    { 0x8A25, 0xD4, 0x47 },  // 訥
    { 0x8A26, 0xD4, 0x48 },  // 訦
    { 0x8A27, 0xD4, 0x49 },  // 訧
    { 0x8A28, 0xD4, 0x4A },  // 訨
    { 0x8A29, 0xD4, 0x4B },  // 訩
    { 0x8A2A, 0xD4, 0x4C },  // 訪
    { 0x8A2B, 0xD4, 0x4D },  // 訫
    { 0x8A2C, 0xD4, 0x4E },  // 訬
    { 0x8A2D, 0xD4, 0x4F },  // 設
    { 0x8A2E, 0xD4, 0x50 },  // 訮
    { 0x8A2F, 0xD4, 0x51 },  // 訯
    { 0x8A30, 0xD4, 0x52 },  // 訰
    { 0x8A31, 0xD4, 0x53 },  // 許
    { 0x8A32, 0xD4, 0x54 },  // 訲
    { 0x8A33, 0xD4, 0x55 },  // 訳
    { 0x8A34, 0xD4, 0x56 },  // 訴
    { 0x8A35, 0xD4, 0x57 },  // 訵
    { 0x8A36, 0xD4, 0x58 },  // 訶
    { 0x8A37, 0xD4, 0x59 },  // 訷
    { 0x8A38, 0xD4, 0x5A },  // 訸
    { 0x8A39, 0xD4, 0x5B },  // 訹
    { 0x8A3A, 0xD4, 0x5C },  // 診
    { 0x8A3B, 0xD4, 0x5D },  // 註
    { 0x8A3C, 0xD4, 0x5E },  // 証
    { 0x8A3D, 0xD4, 0x5F },  // 訽
    { 0x8A3E, 0xF6, 0xA4 },  // 訾
    { 0x8A3F, 0xD4, 0x60 },  // 訿
    { 0x8A40, 0xD4, 0x61 },  // 詀
    { 0x8A41, 0xD4, 0x62 },  // 詁
    { 0x8A42, 0xD4, 0x63 },  // 詂
    { 0x8A43, 0xD4, 0x64 },  // 詃
    { 0x8A44, 0xD4, 0x65 },  // 詄
    { 0x8A45, 0xD4, 0x66 },  // 詅
    { 0x8A46, 0xD4, 0x67 },  // 詆
    { 0x8A47, 0xD4, 0x68 },  // 詇
    { 0x8A48, 0xEE, 0xBA },  // 詈
    { 0x8A49, 0xD4, 0x69 },  // 詉
    { 0x8A4A, 0xD4, 0x6A },  // 詊
    { 0x8A4B, 0xD4, 0x6B },  // 詋
    { 0x8A4C, 0xD4, 0x6C },  // 詌
    { 0x8A4D, 0xD4, 0x6D },  // 詍
    { 0x8A4E, 0xD4, 0x6E },  // 詎
    { 0x8A4F, 0xD4, 0x6F },  // 詏
    { 0x8A50, 0xD4, 0x70 },  // 詐
    { 0x8A51, 0xD4, 0x71 },  // 詑
    { 0x8A52, 0xD4, 0x72 },  // 詒
    { 0x8A53, 0xD4, 0x73 },  // 詓
    { 0x8A54, 0xD4, 0x74 },  // 詔
    { 0x8A55, 0xD4, 0x75 },  // 評
    { 0x8A56, 0xD4, 0x76 },  // 詖
    { 0x8A57, 0xD4, 0x77 },  // 詗
    { 0x8A58, 0xD4, 0x78 },  // 詘
    { 0x8A59, 0xD4, 0x79 },  // 詙
    { 0x8A5A, 0xD4, 0x7A },  // 詚
    { 0x8A5B, 0xD4, 0x7B },  // 詛
    { 0x8A5C, 0xD4, 0x7C },  // 詜
    { 0x8A5D, 0xD4, 0x7D },  // 詝
    { 0x8A5E, 0xD4, 0x7E },  // 詞
    { 0x8A5F, 0xD4, 0x80 },  // 詟
    { 0x8A60, 0xD4, 0x81 },  // 詠
    { 0x8A61, 0xD4, 0x82 },  // 詡
    { 0x8A62, 0xD4, 0x83 },  // 詢
    { 0x8A63, 0xD4, 0x84 },  // 詣
    { 0x8A64, 0xD4, 0x85 },  // 詤
    { 0x8A65, 0xD4, 0x86 },  // 詥
    { 0x8A66, 0xD4, 0x87 },  // 試
    { 0x8A67, 0xD4, 0x88 },  // 詧
    { 0x8A68, 0xD4, 0x89 },  // 詨
    { 0x8A69, 0xD4, 0x8A },  // 詩
    { 0x8A6A, 0xD4, 0x8B },  // 詪
    { 0x8A6B, 0xD4, 0x8C },  // 詫
    { 0x8A6C, 0xD4, 0x8D },  // 詬
    { 0x8A6D, 0xD4, 0x8E },  // 詭
    { 0x8A6E, 0xD4, 0x8F },  // 詮
    { 0x8A6F, 0xD4, 0x90 },  // 詯
    { 0x8A70, 0xD4, 0x91 },  // 詰
    { 0x8A71, 0xD4, 0x92 },  // 話
    { 0x8A72, 0xD4, 0x93 },  // 該
    { 0x8A73, 0xD4, 0x94 },  // 詳
    { 0x8A74, 0xD4, 0x95 },  // 詴
    { 0x8A75, 0xD4, 0x96 },  // 詵
    { 0x8A76, 0xD4, 0x97 },  // 詶
    { 0x8A77, 0xD4, 0x98 },  // 詷
    { 0x8A78, 0xD4, 0x99 },  // 詸
    { 0x8A79, 0xD5, 0xB2 },  // 詹
    { 0x8A7A, 0xD4, 0x9A },  // 詺
    { 0x8A7B, 0xD4, 0x9B },  // 詻
    { 0x8A7C, 0xD4, 0x9C },  // 詼
    { 0x8A7D, 0xD4, 0x9D },  // 詽
    { 0x8A7E, 0xD4, 0x9E },  // 詾
    { 0x8A7F, 0xD4, 0x9F },  // 詿
    { 0x8A80, 0xD4, 0xA0 },  // 誀
    { 0x8A81, 0xD5, 0x40 },  // 誁
    { 0x8A82, 0xD5, 0x41 },  // 誂
    { 0x8A83, 0xD5, 0x42 },  // 誃
    { 0x8A84, 0xD5, 0x43 },  // 誄
    { 0x8A85, 0xD5, 0x44 },  // 誅
    { 0x8A86, 0xD5, 0x45 },  // 誆
    { 0x8A87, 0xD5, 0x46 },  // 誇
    { 0x8A88, 0xD5, 0x47 },  // 誈
    { 0x8A89, 0xD3, 0xFE },  // 誉
    { 0x8A8A, 0xCC, 0xDC },  // 誊
    { 0x8A8B, 0xD5, 0x48 },  // 誋
    { 0x8A8C, 0xD5, 0x49 },  // 誌
    { 0x8A8D, 0xD5, 0x4A },  // 認
    { 0x8A8E, 0xD5, 0x4B },  // 誎
    { 0x8A8F, 0xD5, 0x4C },  // 誏
    { 0x8A90, 0xD5, 0x4D },  // 誐
    { 0x8A91, 0xD5, 0x4E },  // 誑
    { 0x8A92, 0xD5, 0x4F },  // 誒
    { 0x8A93, 0xCA, 0xC4 },  // 誓
    { 0x8A94, 0xD5, 0x50 },  // 誔
    { 0x8A95, 0xD5, 0x51 },  // 誕
    { 0x8A96, 0xD5, 0x52 },  // 誖
    { 0x8A97, 0xD5, 0x53 },  // 誗
    { 0x8A98, 0xD5, 0x54 },  // 誘
    { 0x8A99, 0xD5, 0x55 },  // 誙
    { 0x8A9A, 0xD5, 0x56 },  // 誚
    { 0x8A9B, 0xD5, 0x57 },  // 誛
    { 0x8A9C, 0xD5, 0x58 },  // 誜
    { 0x8A9D, 0xD5, 0x59 },  // 誝
    { 0x8A9E, 0xD5, 0x5A },  // 語
    { 0x8A9F, 0xD5, 0x5B },  // 誟
    { 0x8AA0, 0xD5, 0x5C },  // 誠
    { 0x8AA1, 0xD5, 0x5D },  // 誡
    { 0x8AA2, 0xD5, 0x5E },  // 誢
    { 0x8AA3, 0xD5, 0x5F },  // 誣
    { 0x8AA4, 0xD5, 0x60 },  // 誤
    { 0x8AA5, 0xD5, 0x61 },  // 誥
    { 0x8AA6, 0xD5, 0x62 },  // 誦
    { 0x8AA7, 0xD5, 0x63 },  // 誧
    { 0x8AA8, 0xD5, 0x64 },  // 誨
    { 0x8AA9, 0xD5, 0x65 },  // 誩
    { 0x8AAA, 0xD5, 0x66 },  // 說
    { 0x8AAB, 0xD5, 0x67 },  // 誫
    { 0x8AAC, 0xD5, 0x68 },  // 説
    { 0x8AAD, 0xD5, 0x69 },  // 読
    { 0x8AAE, 0xD5, 0x6A },  // 誮
    { 0x8AAF, 0xD5, 0x6B },  // 誯
    { 0x8AB0, 0xD5, 0x6C },  // 誰
    { 0x8AB1, 0xD5, 0x6D },  // 誱
    { 0x8AB2, 0xD5, 0x6E },  // 課
    { 0x8AB3, 0xD5, 0x6F },  // 誳
    { 0x8AB4, 0xD5, 0x70 },  // 誴
    { 0x8AB5, 0xD5, 0x71 },  // 誵
    { 0x8AB6, 0xD5, 0x72 },  // 誶
    { 0x8AB7, 0xD5, 0x73 },  // 誷
    { 0x8AB8, 0xD5, 0x74 },  // 誸
    { 0x8AB9, 0xD5, 0x75 },  // 誹
    { 0x8ABA, 0xD5, 0x76 },  // 誺
    { 0x8ABB, 0xD5, 0x77 },  // 誻
    { 0x8ABC, 0xD5, 0x78 },  // 誼
    { 0x8ABD, 0xD5, 0x79 },  // 誽
    { 0x8ABE, 0xD5, 0x7A },  // 誾
    { 0x8ABF, 0xD5, 0x7B },  // 調
    { 0x8AC0, 0xD5, 0x7C },  // 諀
    { 0x8AC1, 0xD5, 0x7D },  // 諁
    { 0x8AC2, 0xD5, 0x7E },  // 諂
    { 0x8AC3, 0xD5, 0x80 },  // 諃
    { 0x8AC4, 0xD5, 0x81 },  // 諄
    { 0x8AC5, 0xD5, 0x82 },  // 諅
    { 0x8AC6, 0xD5, 0x83 },  // 諆
    { 0x8AC7, 0xD5, 0x84 },  // 談
    { 0x8AC8, 0xD5, 0x85 },  // 諈
    { 0x8AC9, 0xD5, 0x86 },  // 諉
    { 0x8ACA, 0xD5, 0x87 },  // 諊
    { 0x8ACB, 0xD5, 0x88 },  // 請
    { 0x8ACC, 0xD5, 0x89 },  // 諌
    { 0x8ACD, 0xD5, 0x8A },  // 諍
    { 0x8ACE, 0xD5, 0x8B },  // 諎
    { 0x8ACF, 0xD5, 0x8C },  // 諏
    { 0x8AD0, 0xD5, 0x8D },  // 諐
    { 0x8AD1, 0xD5, 0x8E },  // 諑
    { 0x8AD2, 0xD5, 0x8F },  // 諒
    { 0x8AD3, 0xD5, 0x90 },  // 諓
    { 0x8AD4, 0xD5, 0x91 },  // 諔
    { 0x8AD5, 0xD5, 0x92 },  // 諕
    { 0x8AD6, 0xD5, 0x93 },  // 論
    { 0x8AD7, 0xD5, 0x94 },  // 諗
    { 0x8AD8, 0xD5, 0x95 },  // 諘
    { 0x8AD9, 0xD5, 0x96 },  // 諙
    { 0x8ADA, 0xD5, 0x97 },  // 諚
    { 0x8ADB, 0xD5, 0x98 },  // 諛
    { 0x8ADC, 0xD5, 0x99 },  // 諜
    { 0x8ADD, 0xD5, 0x9A },  // 諝
    { 0x8ADE, 0xD5, 0x9B },  // 諞
    { 0x8ADF, 0xD5, 0x9C },  // 諟
    { 0x8AE0, 0xD5, 0x9D },  // 諠
    { 0x8AE1, 0xD5, 0x9E },  // 諡
    { 0x8AE2, 0xD5, 0x9F },  // 諢
    { 0x8AE3, 0xD5, 0xA0 },  // 諣
    { 0x8AE4, 0xD6, 0x40 },  // 諤
    { 0x8AE5, 0xD6, 0x41 },  // 諥
    { 0x8AE6, 0xD6, 0x42 },  // 諦
    { 0x8AE7, 0xD6, 0x43 },  // 諧
    { 0x8AE8, 0xD6, 0x44 },  // 諨
    { 0x8AE9, 0xD6, 0x45 },  // 諩
    { 0x8AEA, 0xD6, 0x46 },  // 諪
    { 0x8AEB, 0xD6, 0x47 },  // 諫
    { 0x8AEC, 0xD6, 0x48 },  // 諬
    { 0x8AED, 0xD6, 0x49 },  // 諭
    { 0x8AEE, 0xD6, 0x4A },  // 諮
    { 0x8AEF, 0xD6, 0x4B },  // 諯
    { 0x8AF0, 0xD6, 0x4C },  // 諰
    { 0x8AF1, 0xD6, 0x4D },  // 諱
    { 0x8AF2, 0xD6, 0x4E },  // 諲
    { 0x8AF3, 0xD6, 0x4F },  // 諳
    { 0x8AF4, 0xD6, 0x50 },  // 諴
    { 0x8AF5, 0xD6, 0x51 },  // 諵
    { 0x8AF6, 0xD6, 0x52 },  // 諶
    { 0x8AF7, 0xD6, 0x53 },  // 諷
    { 0x8AF8, 0xD6, 0x54 },  // 諸
    { 0x8AF9, 0xD6, 0x55 },  // 諹
    { 0x8AFA, 0xD6, 0x56 },  // 諺
    { 0x8AFB, 0xD6, 0x57 },  // 諻
    { 0x8AFC, 0xD6, 0x58 },  // 諼
    { 0x8AFD, 0xD6, 0x59 },  // 諽
    { 0x8AFE, 0xD6, 0x5A },  // 諾
    { 0x8AFF, 0xD6, 0x5B },  // 諿
    { 0x8B00, 0xD6, 0x5C },  // 謀
    { 0x8B01, 0xD6, 0x5D },  // 謁
    { 0x8B02, 0xD6, 0x5E },  // 謂
    { 0x8B03, 0xD6, 0x5F },  // 謃
    { 0x8B04, 0xD6, 0x60 },  // 謄
    { 0x8B05, 0xD6, 0x61 },  // 謅
    { 0x8B06, 0xD6, 0x62 },  // 謆
    { 0x8B07, 0xE5, 0xC0 },  // 謇
    { 0x8B08, 0xD6, 0x63 },  // 謈
    { 0x8B09, 0xD6, 0x64 },  // 謉
    { 0x8B0A, 0xD6, 0x65 },  // 謊
    { 0x8B0B, 0xD6, 0x66 },  // 謋
    { 0x8B0C, 0xD6, 0x67 },  // 謌
    { 0x8B0D, 0xD6, 0x68 },  // 謍
    { 0x8B0E, 0xD6, 0x69 },  // 謎
    { 0x8B0F, 0xD6, 0x6A },  // 謏
    { 0x8B10, 0xD6, 0x6B },  // 謐
    { 0x8B11, 0xD6, 0x6C },  // 謑
    { 0x8B12, 0xD6, 0x6D },  // 謒
    { 0x8B13, 0xD6, 0x6E },  // 謓
    { 0x8B14, 0xD6, 0x6F },  // 謔
    { 0x8B15, 0xD6, 0x70 },  // 謕
    { 0x8B16, 0xD6, 0x71 },  // 謖
    { 0x8B17, 0xD6, 0x72 },  // 謗
    { 0x8B18, 0xD6, 0x73 },  // 謘
    { 0x8B19, 0xD6, 0x74 },  // 謙
    { 0x8B1A, 0xD6, 0x75 },  // 謚
    { 0x8B1B, 0xD6, 0x76 },  // 講
    { 0x8B1C, 0xD6, 0x77 },  // 謜
    { 0x8B1D, 0xD6, 0x78 },  // 謝
    { 0x8B1E, 0xD6, 0x79 },  // 謞
    { 0x8B1F, 0xD6, 0x7A },  // 謟
    { 0x8B20, 0xD6, 0x7B },  // 謠
    { 0x8B21, 0xD6, 0x7C },  // 謡
    { 0x8B22, 0xD6, 0x7D },  // 謢
    { 0x8B23, 0xD6, 0x7E },  // 謣
    { 0x8B24, 0xD6, 0x80 },  // 謤
    { 0x8B25, 0xD6, 0x81 },  // 謥
    { 0x8B26, 0xF6, 0xA5 },  // 謦
    { 0x8B27, 0xD6, 0x82 },  // 謧
    { 0x8B28, 0xD6, 0x83 },  // 謨
    { 0x8B29, 0xD6, 0x84 },  // 謩
    { 0x8B2A, 0xD6, 0x85 },  // 謪
    { 0x8B2B, 0xD6, 0x86 },  // 謫
    { 0x8B2C, 0xD6, 0x87 },  // 謬
    { 0x8B2D, 0xD6, 0x88 },  // 謭
    { 0x8B2E, 0xD6, 0x89 },  // 謮
    { 0x8B2F, 0xD6, 0x8A },  // 謯
    { 0x8B30, 0xD6, 0x8B },  // 謰
    { 0x8B31, 0xD6, 0x8C },  // 謱
    { 0x8B32, 0xD6, 0x8D },  // 謲
    { 0x8B33, 0xD6, 0x8E },  // 謳
    { 0x8B34, 0xD6, 0x8F },  // 謴
    { 0x8B35, 0xD6, 0x90 },  // 謵
    { 0x8B36, 0xD6, 0x91 },  // 謶
    { 0x8B37, 0xD6, 0x92 },  // 謷
    { 0x8B38, 0xD6, 0x93 },  // 謸
    { 0x8B39, 0xD6, 0x94 },  // 謹
    { 0x8B3A, 0xD6, 0x95 },  // 謺
    { 0x8B3B, 0xD6, 0x96 },  // 謻
    { 0x8B3C, 0xD6, 0x97 },  // 謼
    { 0x8B3D, 0xD6, 0x98 },  // 謽
    { 0x8B3E, 0xD6, 0x99 },  // 謾
    { 0x8B3F, 0xD6, 0x9A },  // 謿
    { 0x8B40, 0xD6, 0x9B },  // 譀
    { 0x8B41, 0xD6, 0x9C },  // 譁
    { 0x8B42, 0xD6, 0x9D },  // 譂
    { 0x8B43, 0xD6, 0x9E },  // 譃
    { 0x8B44, 0xD6, 0x9F },  // 譄
    { 0x8B45, 0xD6, 0xA0 },  // 譅
    { 0x8B46, 0xD7, 0x40 },  // 譆
    { 0x8B47, 0xD7, 0x41 },  // 譇
    { 0x8B48, 0xD7, 0x42 },  // 譈
    { 0x8B49, 0xD7, 0x43 },  // 證
    { 0x8B4A, 0xD7, 0x44 },  // 譊
    { 0x8B4B, 0xD7, 0x45 },  // 譋
    { 0x8B4C, 0xD7, 0x46 },  // 譌
    { 0x8B4D, 0xD7, 0x47 },  // 譍
    { 0x8B4E, 0xD7, 0x48 },  // 譎
    { 0x8B4F, 0xD7, 0x49 },  // 譏
    { 0x8B50, 0xD7, 0x4A },  // 譐
    { 0x8B51, 0xD7, 0x4B },  // 譑
    { 0x8B52, 0xD7, 0x4C },  // 譒
    { 0x8B53, 0xD7, 0x4D },  // 譓
    { 0x8B54, 0xD7, 0x4E },  // 譔
    { 0x8B55, 0xD7, 0x4F },  // 譕
    { 0x8B56, 0xD7, 0x50 },  // 譖
    { 0x8B57, 0xD7, 0x51 },  // 譗
    { 0x8B58, 0xD7, 0x52 },  // 識
    { 0x8B59, 0xD7, 0x53 },  // 譙
    { 0x8B5A, 0xD7, 0x54 },  // 譚
    { 0x8B5B, 0xD7, 0x55 },  // 譛
    { 0x8B5C, 0xD7, 0x56 },  // 譜
    { 0x8B5D, 0xD7, 0x57 },  // 譝
    { 0x8B5E, 0xD7, 0x58 },  // 譞
    { 0x8B5F, 0xD7, 0x59 },  // 譟
    { 0x8B60, 0xD7, 0x5A },  // 譠
    { 0x8B61, 0xD7, 0x5B },  // 譡
    { 0x8B62, 0xD7, 0x5C },  // 譢
    { 0x8B63, 0xD7, 0x5D },  // 譣
    { 0x8B64, 0xD7, 0x5E },  // 譤
    { 0x8B65, 0xD7, 0x5F },  // 譥
    { 0x8B66, 0xBE, 0xAF },  // 警
    { 0x8B67, 0xD7, 0x60 },  // 譧
    { 0x8B68, 0xD7, 0x61 },  // 譨
    { 0x8B69, 0xD7, 0x62 },  // 譩
    { 0x8B6A, 0xD7, 0x63 },  // 譪
    { 0x8B6B, 0xD7, 0x64 },  // 譫
    { 0x8B6C, 0xC6, 0xA9 },  // 譬
    { 0x8B6D, 0xD7, 0x65 },  // 譭
    { 0x8B6E, 0xD7, 0x66 },  // 譮
    { 0x8B6F, 0xD7, 0x67 },  // 譯
    { 0x8B70, 0xD7, 0x68 },  // 議
    { 0x8B71, 0xD7, 0x69 },  // 譱
    { 0x8B72, 0xD7, 0x6A },  // 譲
    { 0x8B73, 0xD7, 0x6B },  // 譳
    { 0x8B74, 0xD7, 0x6C },  // 譴
    { 0x8B75, 0xD7, 0x6D },  // 譵
    { 0x8B76, 0xD7, 0x6E },  // 譶
    { 0x8B77, 0xD7, 0x6F },  // 護
    { 0x8B78, 0xD7, 0x70 },  // 譸
    { 0x8B79, 0xD7, 0x71 },  // 譹
    { 0x8B7A, 0xD7, 0x72 },  // 譺
    { 0x8B7B, 0xD7, 0x73 },  // 譻
    { 0x8B7C, 0xD7, 0x74 },  // 譼
    { 0x8B7D, 0xD7, 0x75 },  // 譽
    { 0x8B7E, 0xD7, 0x76 },  // 譾
    { 0x8B7F, 0xD7, 0x77 },  // 譿
    { 0x8B80, 0xD7, 0x78 },  // 讀
    { 0x8B81, 0xD7, 0x79 },  // 讁
    { 0x8B82, 0xD7, 0x7A },  // 讂
    { 0x8B83, 0xD7, 0x7B },  // 讃
    { 0x8B84, 0xD7, 0x7C },  // 讄
    { 0x8B85, 0xD7, 0x7D },  // 讅
    { 0x8B86, 0xD7, 0x7E },  // 讆
    { 0x8B87, 0xD7, 0x80 },  // 讇
    { 0x8B88, 0xD7, 0x81 },  // 讈
    { 0x8B89, 0xD7, 0x82 },  // 讉
    { 0x8B8A, 0xD7, 0x83 },  // 變
    { 0x8B8B, 0xD7, 0x84 },  // 讋
    { 0x8B8C, 0xD7, 0x85 },  // 讌
    { 0x8B8D, 0xD7, 0x86 },  // 讍
    { 0x8B8E, 0xD7, 0x87 },  // 讎
    { 0x8B8F, 0xD7, 0x88 },  // 讏
    { 0x8B90, 0xD7, 0x89 },  // 讐
    { 0x8B91, 0xD7, 0x8A },  // 讑
    { 0x8B92, 0xD7, 0x8B },  // 讒
    { 0x8B93, 0xD7, 0x8C },  // 讓
    { 0x8B94, 0xD7, 0x8D },  // 讔
    { 0x8B95, 0xD7, 0x8E },  // 讕
    { 0x8B96, 0xD7, 0x8F },  // 讖
    { 0x8B97, 0xD7, 0x90 },  // 讗
    { 0x8B98, 0xD7, 0x91 },  // 讘
    { 0x8B99, 0xD7, 0x92 },  // 讙
    { 0x8B9A, 0xD7, 0x93 },  // 讚
    { 0x8B9B, 0xD7, 0x94 },  // 讛
    { 0x8B9C, 0xD7, 0x95 },  // 讜
    { 0x8B9D, 0xD7, 0x96 },  // 讝
    { 0x8B9E, 0xD7, 0x97 },  // 讞
    { 0x8B9F, 0xD7, 0x98 },  // 讟
    { 0x8BA0, 0xDA, 0xA5 },  // 讠
    { 0x8BA1, 0xBC, 0xC6 },  // 计
    { 0x8BA2, 0xB6, 0xA9 },  // 订
    { 0x8BA3, 0xB8, 0xBC },  // 讣
    { 0x8BA4, 0xC8, 0xCF },  // 认
    { 0x8BA5, 0xBC, 0xA5 },  // 讥
    { 0x8BA6, 0xDA, 0xA6 },  // 讦
    { 0x8BA7, 0xDA, 0xA7 },  // 讧
    { 0x8BA8, 0xCC, 0xD6 },  // 讨
    { 0x8BA9, 0xC8, 0xC3 },  // 让
    { 0x8BAA, 0xDA, 0xA8 },  // 讪
    { 0x8BAB, 0xC6, 0xFD },  // 讫
    { 0x8BAC, 0xD7, 0x99 },  // 讬
    { 0x8BAD, 0xD1, 0xB5 },  // 训
    { 0x8BAE, 0xD2, 0xE9 },  // 议
    { 0x8BAF, 0xD1, 0xB6 },  // 讯
    { 0x8BB0, 0xBC, 0xC7 },  // 记
    { 0x8BB1, 0xD7, 0x9A },  // 讱
    { 0x8BB2, 0xBD, 0xB2 },  // 讲
    { 0x8BB3, 0xBB, 0xE4 },  // 讳
    { 0x8BB4, 0xDA, 0xA9 },  // 讴
    { 0x8BB5, 0xDA, 0xAA },  // 讵
    { 0x8BB6, 0xD1, 0xC8 },  // 讶
    { 0x8BB7, 0xDA, 0xAB },  // 讷
    { 0x8BB8, 0xD0, 0xED },  // 许
    { 0x8BB9, 0xB6, 0xEF },  // 讹
    { 0x8BBA, 0xC2, 0xDB },  // 论
    { 0x8BBB, 0xD7, 0x9B },  // 讻
    { 0x8BBC, 0xCB, 0xCF },  // 讼
    { 0x8BBD, 0xB7, 0xED },  // 讽
    { 0x8BBE, 0xC9, 0xE8 },  // 设
    { 0x8BBF, 0xB7, 0xC3 },  // 访
    { 0x8BC0, 0xBE, 0xF7 },  // 诀
    { 0x8BC1, 0xD6, 0xA4 },  // 证
    { 0x8BC2, 0xDA, 0xAC },  // 诂
    { 0x8BC3, 0xDA, 0xAD },  // 诃
    { 0x8BC4, 0xC6, 0xC0 },  // 评
    { 0x8BC5, 0xD7, 0xE7 },  // 诅
    { 0x8BC6, 0xCA, 0xB6 },  // 识
    { 0x8BC7, 0xD7, 0x9C },  // 诇
    { 0x8BC8, 0xD5, 0xA9 },  // 诈
    { 0x8BC9, 0xCB, 0xDF },  // 诉
    { 0x8BCA, 0xD5, 0xEF },  // 诊
    { 0x8BCB, 0xDA, 0xAE },  // 诋
    { 0x8BCC, 0xD6, 0xDF },  // 诌
    { 0x8BCD, 0xB4, 0xCA },  // 词
    { 0x8BCE, 0xDA, 0xB0 },  // 诎
    { 0x8BCF, 0xDA, 0xAF },  // 诏
    { 0x8BD0, 0xD7, 0x9D },  // 诐
    { 0x8BD1, 0xD2, 0xEB },  // 译
    { 0x8BD2, 0xDA, 0xB1 },  // 诒
    { 0x8BD3, 0xDA, 0xB2 },  // 诓
    { 0x8BD4, 0xDA, 0xB3 },  // 诔
    { 0x8BD5, 0xCA, 0xD4 },  // 试
    { 0x8BD6, 0xDA, 0xB4 },  // 诖
    { 0x8BD7, 0xCA, 0xAB },  // 诗
    { 0x8BD8, 0xDA, 0xB5 },  // 诘
    { 0x8BD9, 0xDA, 0xB6 },  // 诙
    { 0x8BDA, 0xB3, 0xCF },  // 诚
    { 0x8BDB, 0xD6, 0xEF },  // 诛
    { 0x8BDC, 0xDA, 0xB7 },  // 诜
    { 0x8BDD, 0xBB, 0xB0 },  // 话
    { 0x8BDE, 0xB5, 0xAE },  // 诞
    { 0x8BDF, 0xDA, 0xB8 },  // 诟
    { 0x8BE0, 0xDA, 0xB9 },  // 诠
    { 0x8BE1, 0xB9, 0xEE },  // 诡
    { 0x8BE2, 0xD1, 0xAF },  // 询
    { 0x8BE3, 0xD2, 0xE8 },  // 诣
    { 0x8BE4, 0xDA, 0xBA },  // 诤
    { 0x8BE5, 0xB8, 0xC3 },  // 该
    { 0x8BE6, 0xCF, 0xEA },  // 详
    { 0x8BE7, 0xB2, 0xEF },  // 诧
    { 0x8BE8, 0xDA, 0xBB },  // 诨
    { 0x8BE9, 0xDA, 0xBC },  // 诩
    { 0x8BEA, 0xD7, 0x9E },  // 诪
    { 0x8BEB, 0xBD, 0xEB },  // 诫
    { 0x8BEC, 0xCE, 0xDC },  // 诬
    { 0x8BED, 0xD3, 0xEF },  // 语
    { 0x8BEE, 0xDA, 0xBD },  // 诮
    { 0x8BEF, 0xCE, 0xF3 },  // 误
    { 0x8BF0, 0xDA, 0xBE },  // 诰
    { 0x8BF1, 0xD3, 0xD5 },  // 诱
    { 0x8BF2, 0xBB, 0xE5 },  // 诲
    { 0x8BF3, 0xDA, 0xBF },  // 诳
    { 0x8BF4, 0xCB, 0xB5 },  // 说
    { 0x8BF5, 0xCB, 0xD0 },  // 诵
    { 0x8BF6, 0xDA, 0xC0 },  // 诶
    { 0x8BF7, 0xC7, 0xEB },  // 请
    { 0x8BF8, 0xD6, 0xEE },  // 诸
    { 0x8BF9, 0xDA, 0xC1 },  // 诹
    { 0x8BFA, 0xC5, 0xB5 },  // 诺
    { 0x8BFB, 0xB6, 0xC1 },  // 读
    { 0x8BFC, 0xDA, 0xC2 },  // 诼
    { 0x8BFD, 0xB7, 0xCC },  // 诽
    { 0x8BFE, 0xBF, 0xCE },  // 课
    { 0x8BFF, 0xDA, 0xC3 },  // 诿
    { 0x8C00, 0xDA, 0xC4 },  // 谀
    { 0x8C01, 0xCB, 0xAD },  // 谁
    { 0x8C02, 0xDA, 0xC5 },  // 谂
    { 0x8C03, 0xB5, 0xF7 },  // 调
    { 0x8C04, 0xDA, 0xC6 },  // 谄
    { 0x8C05, 0xC1, 0xC2 },  // 谅
    { 0x8C06, 0xD7, 0xBB },  // 谆
    { 0x8C07, 0xDA, 0xC7 },  // 谇
    { 0x8C08, 0xCC, 0xB8 },  // 谈
    { 0x8C09, 0xD7, 0x9F },  // 谉
    { 0x8C0A, 0xD2, 0xEA },  // 谊
    { 0x8C0B, 0xC4, 0xB1 },  // 谋
    { 0x8C0C, 0xDA, 0xC8 },  // 谌
    { 0x8C0D, 0xB5, 0xFD },  // 谍
    { 0x8C0E, 0xBB, 0xD1 },  // 谎
    { 0x8C0F, 0xDA, 0xC9 },  // 谏
    { 0x8C10, 0xD0, 0xB3 },  // 谐
    { 0x8C11, 0xDA, 0xCA },  // 谑
    { 0x8C12, 0xDA, 0xCB },  // 谒
    { 0x8C13, 0xCE, 0xBD },  // 谓
    { 0x8C14, 0xDA, 0xCC },  // 谔
    { 0x8C15, 0xDA, 0xCD },  // 谕
    { 0x8C16, 0xDA, 0xCE },  // 谖
    { 0x8C17, 0xB2, 0xF7 },  // 谗
    { 0x8C18, 0xDA, 0xD1 },  // 谘
    { 0x8C19, 0xDA, 0xCF },  // 谙
    { 0x8C1A, 0xD1, 0xE8 },  // 谚
    { 0x8C1B, 0xDA, 0xD0 },  // 谛
    { 0x8C1C, 0xC3, 0xD5 },  // 谜
    { 0x8C1D, 0xDA, 0xD2 },  // 谝
    { 0x8C1E, 0xD7, 0xA0 },  // 谞
    { 0x8C1F, 0xDA, 0xD3 },  // 谟
    { 0x8C20, 0xDA, 0xD4 },  // 谠
    { 0x8C21, 0xDA, 0xD5 },  // 谡
    { 0x8C22, 0xD0, 0xBB },  // 谢
    { 0x8C23, 0xD2, 0xA5 },  // 谣
    { 0x8C24, 0xB0, 0xF9 },  // 谤
    { 0x8C25, 0xDA, 0xD6 },  // 谥
    { 0x8C26, 0xC7, 0xAB },  // 谦
    { 0x8C27, 0xDA, 0xD7 },  // 谧
    { 0x8C28, 0xBD, 0xF7 },  // 谨
    { 0x8C29, 0xC3, 0xA1 },  // 谩
    { 0x8C2A, 0xDA, 0xD8 },  // 谪
    { 0x8C2B, 0xDA, 0xD9 },  // 谫
    { 0x8C2C, 0xC3, 0xFD },  // 谬
    { 0x8C2D, 0xCC, 0xB7 },  // 谭
    { 0x8C2E, 0xDA, 0xDA },  // 谮
    { 0x8C2F, 0xDA, 0xDB },  // 谯
    { 0x8C30, 0xC0, 0xBE },  // 谰
    { 0x8C31, 0xC6, 0xD7 },  // 谱
    { 0x8C32, 0xDA, 0xDC },  // 谲
    { 0x8C33, 0xDA, 0xDD },  // 谳
    { 0x8C34, 0xC7, 0xB4 },  // 谴
    { 0x8C35, 0xDA, 0xDE },  // 谵
    { 0x8C36, 0xDA, 0xDF },  // 谶
    { 0x8C37, 0xB9, 0xC8 },  // 谷
    { 0x8C38, 0xD8, 0x40 },  // 谸
    { 0x8C39, 0xD8, 0x41 },  // 谹
    { 0x8C3A, 0xD8, 0x42 },  // 谺
    { 0x8C3B, 0xD8, 0x43 },  // 谻
    { 0x8C3C, 0xD8, 0x44 },  // 谼
    { 0x8C3D, 0xD8, 0x45 },  // 谽
    { 0x8C3E, 0xD8, 0x46 },  // 谾
    { 0x8C3F, 0xD8, 0x47 },  // 谿
    { 0x8C40, 0xD8, 0x48 },  // 豀
    { 0x8C41, 0xBB, 0xED },  // 豁
    { 0x8C42, 0xD8, 0x49 },  // 豂
    { 0x8C43, 0xD8, 0x4A },  // 豃
    { 0x8C44, 0xD8, 0x4B },  // 豄
    { 0x8C45, 0xD8, 0x4C },  // 豅
    { 0x8C46, 0xB6, 0xB9 },  // 豆
    { 0x8C47, 0xF4, 0xF8 },  // 豇
    { 0x8C48, 0xD8, 0x4D },  // 豈
    { 0x8C49, 0xF4, 0xF9 },  // 豉
    { 0x8C4A, 0xD8, 0x4E },  // 豊
    { 0x8C4B, 0xD8, 0x4F },  // 豋
    { 0x8C4C, 0xCD, 0xE3 },  // 豌
    { 0x8C4D, 0xD8, 0x50 },  // 豍
    { 0x8C4E, 0xD8, 0x51 },  // 豎
    { 0x8C4F, 0xD8, 0x52 },  // 豏
    { 0x8C50, 0xD8, 0x53 },  // 豐
    { 0x8C51, 0xD8, 0x54 },  // 豑
    { 0x8C52, 0xD8, 0x55 },  // 豒
    { 0x8C53, 0xD8, 0x56 },  // 豓
    { 0x8C54, 0xD8, 0x57 },  // 豔
    { 0x8C55, 0xF5, 0xB9 },  // 豕
    { 0x8C56, 0xD8, 0x58 },  // 豖
    { 0x8C57, 0xD8, 0x59 },  // 豗
    { 0x8C58, 0xD8, 0x5A },  // 豘
    { 0x8C59, 0xD8, 0x5B },  // 豙
    { 0x8C5A, 0xEB, 0xE0 },  // 豚
    { 0x8C5B, 0xD8, 0x5C },  // 豛
    { 0x8C5C, 0xD8, 0x5D },  // 豜
    { 0x8C5D, 0xD8, 0x5E },  // 豝
    { 0x8C5E, 0xD8, 0x5F },  // 豞
    { 0x8C5F, 0xD8, 0x60 },  // 豟
    { 0x8C60, 0xD8, 0x61 },  // 豠
    { 0x8C61, 0xCF, 0xF3 },  // 象
    { 0x8C62, 0xBB, 0xBF },  // 豢
    { 0x8C63, 0xD8, 0x62 },  // 豣
    { 0x8C64, 0xD8, 0x63 },  // 豤
    { 0x8C65, 0xD8, 0x64 },  // 豥
    { 0x8C66, 0xD8, 0x65 },  // 豦
    { 0x8C67, 0xD8, 0x66 },  // 豧
    { 0x8C68, 0xD8, 0x67 },  // 豨
    { 0x8C69, 0xD8, 0x68 },  // 豩
    { 0x8C6A, 0xBA, 0xC0 },  // 豪
    { 0x8C6B, 0xD4, 0xA5 },  // 豫
    { 0x8C6C, 0xD8, 0x69 },  // 豬
    { 0x8C6D, 0xD8, 0x6A },  // 豭
    { 0x8C6E, 0xD8, 0x6B },  // 豮
    { 0x8C6F, 0xD8, 0x6C },  // 豯
    { 0x8C70, 0xD8, 0x6D },  // 豰
    { 0x8C71, 0xD8, 0x6E },  // 豱
    { 0x8C72, 0xD8, 0x6F },  // 豲
    { 0x8C73, 0xE1, 0xD9 },  // 豳
    { 0x8C74, 0xD8, 0x70 },  // 豴
    { 0x8C75, 0xD8, 0x71 },  // 豵
    { 0x8C76, 0xD8, 0x72 },  // 豶
    { 0x8C77, 0xD8, 0x73 },  // 豷
    { 0x8C78, 0xF5, 0xF4 },  // 豸
    { 0x8C79, 0xB1, 0xAA },  // 豹
    { 0x8C7A, 0xB2, 0xF2 },  // 豺
    { 0x8C7B, 0xD8, 0x74 },  // 豻
    { 0x8C7C, 0xD8, 0x75 },  // 豼
    { 0x8C7D, 0xD8, 0x76 },  // 豽
    { 0x8C7E, 0xD8, 0x77 },  // 豾
    { 0x8C7F, 0xD8, 0x78 },  // 豿
    { 0x8C80, 0xD8, 0x79 },  // 貀
    { 0x8C81, 0xD8, 0x7A },  // 貁
    { 0x8C82, 0xF5, 0xF5 },  // 貂
    { 0x8C83, 0xD8, 0x7B },  // 貃
    { 0x8C84, 0xD8, 0x7C },  // 貄
    { 0x8C85, 0xF5, 0xF7 },  // 貅
    { 0x8C86, 0xD8, 0x7D },  // 貆
    { 0x8C87, 0xD8, 0x7E },  // 貇
    { 0x8C88, 0xD8, 0x80 },  // 貈
    { 0x8C89, 0xBA, 0xD1 },  // 貉
    { 0x8C8A, 0xF5, 0xF6 },  // 貊
    { 0x8C8B, 0xD8, 0x81 },  // 貋
    { 0x8C8C, 0xC3, 0xB2 },  // 貌
    { 0x8C8D, 0xD8, 0x82 },  // 貍
    { 0x8C8E, 0xD8, 0x83 },  // 貎
    { 0x8C8F, 0xD8, 0x84 },  // 貏
    { 0x8C90, 0xD8, 0x85 },  // 貐
    { 0x8C91, 0xD8, 0x86 },  // 貑
    { 0x8C92, 0xD8, 0x87 },  // 貒
    { 0x8C93, 0xD8, 0x88 },  // 貓
    { 0x8C94, 0xF5, 0xF9 },  // 貔
    { 0x8C95, 0xD8, 0x89 },  // 貕
    { 0x8C96, 0xD8, 0x8A },  // 貖
    { 0x8C97, 0xD8, 0x8B },  // 貗
    { 0x8C98, 0xF5, 0xF8 },  // 貘
    { 0x8C99, 0xD8, 0x8C },  // 貙
    { 0x8C9A, 0xD8, 0x8D },  // 貚
    { 0x8C9B, 0xD8, 0x8E },  // 貛
    { 0x8C9C, 0xD8, 0x8F },  // 貜
    { 0x8C9D, 0xD8, 0x90 },  // 貝
    { 0x8C9E, 0xD8, 0x91 },  // 貞
    { 0x8C9F, 0xD8, 0x92 },  // 貟
    { 0x8CA0, 0xD8, 0x93 },  // 負
    { 0x8CA1, 0xD8, 0x94 },  // 財
    { 0x8CA2, 0xD8, 0x95 },  // 貢
    { 0x8CA3, 0xD8, 0x96 },  // 貣
    { 0x8CA4, 0xD8, 0x97 },  // 貤
    { 0x8CA5, 0xD8, 0x98 },  // 貥
    { 0x8CA6, 0xD8, 0x99 },  // 貦
    { 0x8CA7, 0xD8, 0x9A },  // 貧
    { 0x8CA8, 0xD8, 0x9B },  // 貨
    { 0x8CA9, 0xD8, 0x9C },  // 販
    { 0x8CAA, 0xD8, 0x9D },  // 貪
    { 0x8CAB, 0xD8, 0x9E },  // 貫
    { 0x8CAC, 0xD8, 0x9F },  // 責
    { 0x8CAD, 0xD8, 0xA0 },  // 貭
    { 0x8CAE, 0xD9, 0x40 },  // 貮
    { 0x8CAF, 0xD9, 0x41 },  // 貯
    { 0x8CB0, 0xD9, 0x42 },  // 貰
    { 0x8CB1, 0xD9, 0x43 },  // 貱
    { 0x8CB2, 0xD9, 0x44 },  // 貲
    { 0x8CB3, 0xD9, 0x45 },  // 貳
    { 0x8CB4, 0xD9, 0x46 },  // 貴
    { 0x8CB5, 0xD9, 0x47 },  // 貵
    { 0x8CB6, 0xD9, 0x48 },  // 貶
    { 0x8CB7, 0xD9, 0x49 },  // 買
    { 0x8CB8, 0xD9, 0x4A },  // 貸
    { 0x8CB9, 0xD9, 0x4B },  // 貹
    { 0x8CBA, 0xD9, 0x4C },  // 貺
    { 0x8CBB, 0xD9, 0x4D },  // 費
    { 0x8CBC, 0xD9, 0x4E },  // 貼
    { 0x8CBD, 0xD9, 0x4F },  // 貽
    { 0x8CBE, 0xD9, 0x50 },  // 貾
    { 0x8CBF, 0xD9, 0x51 },  // 貿
    { 0x8CC0, 0xD9, 0x52 },  // 賀
    { 0x8CC1, 0xD9, 0x53 },  // 賁
    { 0x8CC2, 0xD9, 0x54 },  // 賂
    { 0x8CC3, 0xD9, 0x55 },  // 賃
    { 0x8CC4, 0xD9, 0x56 },  // 賄
    { 0x8CC5, 0xD9, 0x57 },  // 賅
    { 0x8CC6, 0xD9, 0x58 },  // 賆
    { 0x8CC7, 0xD9, 0x59 },  // 資
    { 0x8CC8, 0xD9, 0x5A },  // 賈
    { 0x8CC9, 0xD9, 0x5B },  // 賉
    { 0x8CCA, 0xD9, 0x5C },  // 賊
    { 0x8CCB, 0xD9, 0x5D },  // 賋
    { 0x8CCC, 0xD9, 0x5E },  // 賌
    { 0x8CCD, 0xD9, 0x5F },  // 賍
    { 0x8CCE, 0xD9, 0x60 },  // 賎
    { 0x8CCF, 0xD9, 0x61 },  // 賏
    { 0x8CD0, 0xD9, 0x62 },  // 賐
    { 0x8CD1, 0xD9, 0x63 },  // 賑
    { 0x8CD2, 0xD9, 0x64 },  // 賒
    { 0x8CD3, 0xD9, 0x65 },  // 賓
    { 0x8CD4, 0xD9, 0x66 },  // 賔
    { 0x8CD5, 0xD9, 0x67 },  // 賕
    { 0x8CD6, 0xD9, 0x68 },  // 賖
    { 0x8CD7, 0xD9, 0x69 },  // 賗
    { 0x8CD8, 0xD9, 0x6A },  // 賘
    { 0x8CD9, 0xD9, 0x6B },  // 賙
    { 0x8CDA, 0xD9, 0x6C },  // 賚
    { 0x8CDB, 0xD9, 0x6D },  // 賛
    { 0x8CDC, 0xD9, 0x6E },  // 賜
    { 0x8CDD, 0xD9, 0x6F },  // 賝
    { 0x8CDE, 0xD9, 0x70 },  // 賞
    { 0x8CDF, 0xD9, 0x71 },  // 賟
    { 0x8CE0, 0xD9, 0x72 },  // 賠
    { 0x8CE1, 0xD9, 0x73 },  // 賡
    { 0x8CE2, 0xD9, 0x74 },  // 賢
    { 0x8CE3, 0xD9, 0x75 },  // 賣
    { 0x8CE4, 0xD9, 0x76 },  // 賤
    { 0x8CE5, 0xD9, 0x77 },  // 賥
    { 0x8CE6, 0xD9, 0x78 },  // 賦
    { 0x8CE7, 0xD9, 0x79 },  // 賧
    { 0x8CE8, 0xD9, 0x7A },  // 賨
    { 0x8CE9, 0xD9, 0x7B },  // 賩
    { 0x8CEA, 0xD9, 0x7C },  // 質
    { 0x8CEB, 0xD9, 0x7D },  // 賫
    { 0x8CEC, 0xD9, 0x7E },  // 賬
    { 0x8CED, 0xD9, 0x80 },  // 賭
    { 0x8CEE, 0xD9, 0x81 },  // 賮
    { 0x8CEF, 0xD9, 0x82 },  // 賯
    { 0x8CF0, 0xD9, 0x83 },  // 賰
    { 0x8CF1, 0xD9, 0x84 },  // 賱
    { 0x8CF2, 0xD9, 0x85 },  // 賲
    { 0x8CF3, 0xD9, 0x86 },  // 賳
    { 0x8CF4, 0xD9, 0x87 },  // 賴
    { 0x8CF5, 0xD9, 0x88 },  // 賵
    { 0x8CF6, 0xD9, 0x89 },  // 賶
    { 0x8CF7, 0xD9, 0x8A },  // 賷
    { 0x8CF8, 0xD9, 0x8B },  // 賸
    { 0x8CF9, 0xD9, 0x8C },  // 賹
    { 0x8CFA, 0xD9, 0x8D },  // 賺
    { 0x8CFB, 0xD9, 0x8E },  // 賻
    { 0x8CFC, 0xD9, 0x8F },  // 購
    { 0x8CFD, 0xD9, 0x90 },  // 賽
    { 0x8CFE, 0xD9, 0x91 },  // 賾
    { 0x8CFF, 0xD9, 0x92 },  // 賿
    { 0x8D00, 0xD9, 0x93 },  // 贀
    { 0x8D01, 0xD9, 0x94 },  // 贁
    { 0x8D02, 0xD9, 0x95 },  // 贂
    { 0x8D03, 0xD9, 0x96 },  // 贃
    { 0x8D04, 0xD9, 0x97 },  // 贄
    { 0x8D05, 0xD9, 0x98 },  // 贅
    { 0x8D06, 0xD9, 0x99 },  // 贆
    { 0x8D07, 0xD9, 0x9A },  // 贇
    { 0x8D08, 0xD9, 0x9B },  // 贈
    { 0x8D09, 0xD9, 0x9C },  // 贉
    { 0x8D0A, 0xD9, 0x9D },  // 贊
    { 0x8D0B, 0xD9, 0x9E },  // 贋
    { 0x8D0C, 0xD9, 0x9F },  // 贌
    { 0x8D0D, 0xD9, 0xA0 },  // 贍
    { 0x8D0E, 0xDA, 0x40 },  // 贎
    { 0x8D0F, 0xDA, 0x41 },  // 贏
    { 0x8D10, 0xDA, 0x42 },  // 贐
    { 0x8D11, 0xDA, 0x43 },  // 贑
    { 0x8D12, 0xDA, 0x44 },  // 贒
    { 0x8D13, 0xDA, 0x45 },  // 贓
    { 0x8D14, 0xDA, 0x46 },  // 贔
    { 0x8D15, 0xDA, 0x47 },  // 贕
    { 0x8D16, 0xDA, 0x48 },  // 贖
    { 0x8D17, 0xDA, 0x49 },  // 贗
    { 0x8D18, 0xDA, 0x4A },  // 贘
    { 0x8D19, 0xDA, 0x4B },  // 贙
    { 0x8D1A, 0xDA, 0x4C },  // 贚
    { 0x8D1B, 0xDA, 0x4D },  // 贛
    { 0x8D1C, 0xDA, 0x4E },  // 贜
    { 0x8D1D, 0xB1, 0xB4 },  // 贝
    { 0x8D1E, 0xD5, 0xEA },  // 贞
    { 0x8D1F, 0xB8, 0xBA },  // 负
    { 0x8D20, 0xDA, 0x4F },  // 贠
    { 0x8D21, 0xB9, 0xB1 },  // 贡
    { 0x8D22, 0xB2, 0xC6 },  // 财
    { 0x8D23, 0xD4, 0xF0 },  // 责
    { 0x8D24, 0xCF, 0xCD },  // 贤
    { 0x8D25, 0xB0, 0xDC },  // 败
    { 0x8D26, 0xD5, 0xCB },  // 账
    { 0x8D27, 0xBB, 0xF5 },  // 货
    { 0x8D28, 0xD6, 0xCA },  // 质
    { 0x8D29, 0xB7, 0xB7 },  // 贩
    { 0x8D2A, 0xCC, 0xB0 },  // 贪
    { 0x8D2B, 0xC6, 0xB6 },  // 贫
    { 0x8D2C, 0xB1, 0xE1 },  // 贬
    { 0x8D2D, 0xB9, 0xBA },  // 购
    { 0x8D2E, 0xD6, 0xFC },  // 贮
    { 0x8D2F, 0xB9, 0xE1 },  // 贯
    { 0x8D30, 0xB7, 0xA1 },  // 贰
    { 0x8D31, 0xBC, 0xFA },  // 贱
    { 0x8D32, 0xEA, 0xDA },  // 贲
    { 0x8D33, 0xEA, 0xDB },  // 贳
    { 0x8D34, 0xCC, 0xF9 },  // 贴
    { 0x8D35, 0xB9, 0xF3 },  // 贵
    { 0x8D36, 0xEA, 0xDC },  // 贶
    { 0x8D37, 0xB4, 0xFB },  // 贷
    { 0x8D38, 0xC3, 0xB3 },  // 贸
    { 0x8D39, 0xB7, 0xD1 },  // 费
    { 0x8D3A, 0xBA, 0xD8 },  // 贺
    { 0x8D3B, 0xEA, 0xDD },  // 贻
    { 0x8D3C, 0xD4, 0xF4 },  // 贼
    { 0x8D3D, 0xEA, 0xDE },  // 贽
    { 0x8D3E, 0xBC, 0xD6 },  // 贾
    { 0x8D3F, 0xBB, 0xDF },  // 贿
    { 0x8D40, 0xEA, 0xDF },  // 赀
    { 0x8D41, 0xC1, 0xDE },  // 赁
    { 0x8D42, 0xC2, 0xB8 },  // 赂
    { 0x8D43, 0xD4, 0xDF },  // 赃
    { 0x8D44, 0xD7, 0xCA },  // 资
    { 0x8D45, 0xEA, 0xE0 },  // 赅
    { 0x8D46, 0xEA, 0xE1 },  // 赆
    { 0x8D47, 0xEA, 0xE4 },  // 赇
    { 0x8D48, 0xEA, 0xE2 },  // 赈
    { 0x8D49, 0xEA, 0xE3 },  // 赉
    { 0x8D4A, 0xC9, 0xDE },  // 赊
    { 0x8D4B, 0xB8, 0xB3 },  // 赋
    { 0x8D4C, 0xB6, 0xC4 },  // 赌
    { 0x8D4D, 0xEA, 0xE5 },  // 赍
    { 0x8D4E, 0xCA, 0xEA },  // 赎
    { 0x8D4F, 0xC9, 0xCD },  // 赏
    { 0x8D50, 0xB4, 0xCD },  // 赐
    { 0x8D51, 0xDA, 0x50 },  // 赑
    { 0x8D52, 0xDA, 0x51 },  // 赒
    { 0x8D53, 0xE2, 0xD9 },  // 赓
    { 0x8D54, 0xC5, 0xE2 },  // 赔
    { 0x8D55, 0xEA, 0xE6 },  // 赕
    { 0x8D56, 0xC0, 0xB5 },  // 赖
    { 0x8D57, 0xDA, 0x52 },  // 赗
    { 0x8D58, 0xD7, 0xB8 },  // 赘
    { 0x8D59, 0xEA, 0xE7 },  // 赙
    { 0x8D5A, 0xD7, 0xAC },  // 赚
    { 0x8D5B, 0xC8, 0xFC },  // 赛
    { 0x8D5C, 0xD8, 0xD3 },  // 赜
    { 0x8D5D, 0xD8, 0xCD },  // 赝
    { 0x8D5E, 0xD4, 0xDE },  // 赞
    { 0x8D5F, 0xDA, 0x53 },  // 赟
    { 0x8D60, 0xD4, 0xF9 },  // 赠
    { 0x8D61, 0xC9, 0xC4 },  // 赡
    { 0x8D62, 0xD3, 0xAE },  // 赢
    { 0x8D63, 0xB8, 0xD3 },  // 赣
    { 0x8D64, 0xB3, 0xE0 },  // 赤
    { 0x8D65, 0xDA, 0x54 },  // 赥
    { 0x8D66, 0xC9, 0xE2 },  // 赦
    { 0x8D67, 0xF4, 0xF6 },  // 赧
    { 0x8D68, 0xDA, 0x55 },  // 赨
    { 0x8D69, 0xDA, 0x56 },  // 赩
    { 0x8D6A, 0xDA, 0x57 },  // 赪
    { 0x8D6B, 0xBA, 0xD5 },  // 赫
    { 0x8D6C, 0xDA, 0x58 },  // 赬
    { 0x8D6D, 0xF4, 0xF7 },  // 赭
    { 0x8D6E, 0xDA, 0x59 },  // 赮
    { 0x8D6F, 0xDA, 0x5A },  // 赯
    { 0x8D70, 0xD7, 0xDF },  // 走
    { 0x8D71, 0xDA, 0x5B },  // 赱
    { 0x8D72, 0xDA, 0x5C },  // 赲
    { 0x8D73, 0xF4, 0xF1 },  // 赳
    { 0x8D74, 0xB8, 0xB0 },  // 赴
    { 0x8D75, 0xD5, 0xD4 },  // 赵
    { 0x8D76, 0xB8, 0xCF },  // 赶
    { 0x8D77, 0xC6, 0xF0 },  // 起
    { 0x8D78, 0xDA, 0x5D },  // 赸
    { 0x8D79, 0xDA, 0x5E },  // 赹
    { 0x8D7A, 0xDA, 0x5F },  // 赺
    { 0x8D7B, 0xDA, 0x60 },  // 赻
    { 0x8D7C, 0xDA, 0x61 },  // 赼
    { 0x8D7D, 0xDA, 0x62 },  // 赽
    { 0x8D7E, 0xDA, 0x63 },  // 赾
    { 0x8D7F, 0xDA, 0x64 },  // 赿
    { 0x8D80, 0xDA, 0x65 },  // 趀
    { 0x8D81, 0xB3, 0xC3 },  // 趁
    { 0x8D82, 0xDA, 0x66 },  // 趂
    { 0x8D83, 0xDA, 0x67 },  // 趃
    { 0x8D84, 0xF4, 0xF2 },  // 趄
    { 0x8D85, 0xB3, 0xAC },  // 超
    { 0x8D86, 0xDA, 0x68 },  // 趆
    { 0x8D87, 0xDA, 0x69 },  // 趇
    { 0x8D88, 0xDA, 0x6A },  // 趈
    { 0x8D89, 0xDA, 0x6B },  // 趉
    { 0x8D8A, 0xD4, 0xBD },  // 越
    { 0x8D8B, 0xC7, 0xF7 },  // 趋
    { 0x8D8C, 0xDA, 0x6C },  // 趌
    { 0x8D8D, 0xDA, 0x6D },  // 趍
    { 0x8D8E, 0xDA, 0x6E },  // 趎
    { 0x8D8F, 0xDA, 0x6F },  // 趏
    { 0x8D90, 0xDA, 0x70 },  // 趐
    { 0x8D91, 0xF4, 0xF4 },  // 趑
    { 0x8D92, 0xDA, 0x71 },  // 趒
    { 0x8D93, 0xDA, 0x72 },  // 趓
    { 0x8D94, 0xF4, 0xF3 },  // 趔
    { 0x8D95, 0xDA, 0x73 },  // 趕
    { 0x8D96, 0xDA, 0x74 },  // 趖
    { 0x8D97, 0xDA, 0x75 },  // 趗
    { 0x8D98, 0xDA, 0x76 },  // 趘
    { 0x8D99, 0xDA, 0x77 },  // 趙
    { 0x8D9A, 0xDA, 0x78 },  // 趚
    { 0x8D9B, 0xDA, 0x79 },  // 趛
    { 0x8D9C, 0xDA, 0x7A },  // 趜
    { 0x8D9D, 0xDA, 0x7B },  // 趝
    { 0x8D9E, 0xDA, 0x7C },  // 趞
    { 0x8D9F, 0xCC, 0xCB },  // 趟
    { 0x8DA0, 0xDA, 0x7D },  // 趠
    { 0x8DA1, 0xDA, 0x7E },  // 趡
    { 0x8DA2, 0xDA, 0x80 },  // 趢
    { 0x8DA3, 0xC8, 0xA4 },  // 趣
    { 0x8DA4, 0xDA, 0x81 },  // 趤
    { 0x8DA5, 0xDA, 0x82 },  // 趥
    { 0x8DA6, 0xDA, 0x83 },  // 趦
    { 0x8DA7, 0xDA, 0x84 },  // 趧
    { 0x8DA8, 0xDA, 0x85 },  // 趨
    { 0x8DA9, 0xDA, 0x86 },  // 趩
    { 0x8DAA, 0xDA, 0x87 },  // 趪
    { 0x8DAB, 0xDA, 0x88 },  // 趫
    { 0x8DAC, 0xDA, 0x89 },  // 趬
    { 0x8DAD, 0xDA, 0x8A },  // 趭
    { 0x8DAE, 0xDA, 0x8B },  // 趮
    { 0x8DAF, 0xDA, 0x8C },  // 趯
    { 0x8DB0, 0xDA, 0x8D },  // 趰
    { 0x8DB1, 0xF4, 0xF5 },  // 趱
    { 0x8DB2, 0xDA, 0x8E },  // 趲
    { 0x8DB3, 0xD7, 0xE3 },  // 足
    { 0x8DB4, 0xC5, 0xBF },  // 趴
    { 0x8DB5, 0xF5, 0xC0 },  // 趵
    { 0x8DB6, 0xDA, 0x8F },  // 趶
    { 0x8DB7, 0xDA, 0x90 },  // 趷
    { 0x8DB8, 0xF5, 0xBB },  // 趸
    { 0x8DB9, 0xDA, 0x91 },  // 趹
    { 0x8DBA, 0xF5, 0xC3 },  // 趺
    { 0x8DBB, 0xDA, 0x92 },  // 趻
    { 0x8DBC, 0xF5, 0xC2 },  // 趼
    { 0x8DBD, 0xDA, 0x93 },  // 趽
    { 0x8DBE, 0xD6, 0xBA },  // 趾
    { 0x8DBF, 0xF5, 0xC1 },  // 趿
    { 0x8DC0, 0xDA, 0x94 },  // 跀
    { 0x8DC1, 0xDA, 0x95 },  // 跁
    { 0x8DC2, 0xDA, 0x96 },  // 跂
    { 0x8DC3, 0xD4, 0xBE },  // 跃
    { 0x8DC4, 0xF5, 0xC4 },  // 跄
    { 0x8DC5, 0xDA, 0x97 },  // 跅
    { 0x8DC6, 0xF5, 0xCC },  // 跆
    { 0x8DC7, 0xDA, 0x98 },  // 跇
    { 0x8DC8, 0xDA, 0x99 },  // 跈
    { 0x8DC9, 0xDA, 0x9A },  // 跉
    { 0x8DCA, 0xDA, 0x9B },  // 跊
    { 0x8DCB, 0xB0, 0xCF },  // 跋
    { 0x8DCC, 0xB5, 0xF8 },  // 跌
    { 0x8DCD, 0xDA, 0x9C },  // 跍
    { 0x8DCE, 0xF5, 0xC9 },  // 跎
    { 0x8DCF, 0xF5, 0xCA },  // 跏
    { 0x8DD0, 0xDA, 0x9D },  // 跐
    { 0x8DD1, 0xC5, 0xDC },  // 跑
    { 0x8DD2, 0xDA, 0x9E },  // 跒
    { 0x8DD3, 0xDA, 0x9F },  // 跓
    { 0x8DD4, 0xDA, 0xA0 },  // 跔
    { 0x8DD5, 0xDB, 0x40 },  // 跕
    { 0x8DD6, 0xF5, 0xC5 },  // 跖
    { 0x8DD7, 0xF5, 0xC6 },  // 跗
    { 0x8DD8, 0xDB, 0x41 },  // 跘
    { 0x8DD9, 0xDB, 0x42 },  // 跙
    { 0x8DDA, 0xF5, 0xC7 },  // 跚
    { 0x8DDB, 0xF5, 0xCB },  // 跛
    { 0x8DDC, 0xDB, 0x43 },  // 跜
    { 0x8DDD, 0xBE, 0xE0 },  // 距
    { 0x8DDE, 0xF5, 0xC8 },  // 跞
    { 0x8DDF, 0xB8, 0xFA },  // 跟
    { 0x8DE0, 0xDB, 0x44 },  // 跠
    { 0x8DE1, 0xDB, 0x45 },  // 跡
    { 0x8DE2, 0xDB, 0x46 },  // 跢
    { 0x8DE3, 0xF5, 0xD0 },  // 跣
    { 0x8DE4, 0xF5, 0xD3 },  // 跤
    { 0x8DE5, 0xDB, 0x47 },  // 跥
    { 0x8DE6, 0xDB, 0x48 },  // 跦
    { 0x8DE7, 0xDB, 0x49 },  // 跧
    { 0x8DE8, 0xBF, 0xE7 },  // 跨
    { 0x8DE9, 0xDB, 0x4A },  // 跩
    { 0x8DEA, 0xB9, 0xF2 },  // 跪
    { 0x8DEB, 0xF5, 0xBC },  // 跫
    { 0x8DEC, 0xF5, 0xCD },  // 跬
    { 0x8DED, 0xDB, 0x4B },  // 跭
    { 0x8DEE, 0xDB, 0x4C },  // 跮
    { 0x8DEF, 0xC2, 0xB7 },  // 路
    { 0x8DF0, 0xDB, 0x4D },  // 跰
    { 0x8DF1, 0xDB, 0x4E },  // 跱
    { 0x8DF2, 0xDB, 0x4F },  // 跲
    { 0x8DF3, 0xCC, 0xF8 },  // 跳
    { 0x8DF4, 0xDB, 0x50 },  // 跴
    { 0x8DF5, 0xBC, 0xF9 },  // 践
    { 0x8DF6, 0xDB, 0x51 },  // 跶
    { 0x8DF7, 0xF5, 0xCE },  // 跷
    { 0x8DF8, 0xF5, 0xCF },  // 跸
    { 0x8DF9, 0xF5, 0xD1 },  // 跹
    { 0x8DFA, 0xB6, 0xE5 },  // 跺
    { 0x8DFB, 0xF5, 0xD2 },  // 跻
    { 0x8DFC, 0xDB, 0x52 },  // 跼
    { 0x8DFD, 0xF5, 0xD5 },  // 跽
    { 0x8DFE, 0xDB, 0x53 },  // 跾
    { 0x8DFF, 0xDB, 0x54 },  // 跿
    { 0x8E00, 0xDB, 0x55 },  // 踀
    { 0x8E01, 0xDB, 0x56 },  // 踁
    { 0x8E02, 0xDB, 0x57 },  // 踂
    { 0x8E03, 0xDB, 0x58 },  // 踃
    { 0x8E04, 0xDB, 0x59 },  // 踄
    { 0x8E05, 0xF5, 0xBD },  // 踅
    { 0x8E06, 0xDB, 0x5A },  // 踆
    { 0x8E07, 0xDB, 0x5B },  // 踇
    { 0x8E08, 0xDB, 0x5C },  // 踈
    { 0x8E09, 0xF5, 0xD4 },  // 踉
    { 0x8E0A, 0xD3, 0xBB },  // 踊
    { 0x8E0B, 0xDB, 0x5D },  // 踋
    { 0x8E0C, 0xB3, 0xEC },  // 踌
    { 0x8E0D, 0xDB, 0x5E },  // 踍
    { 0x8E0E, 0xDB, 0x5F },  // 踎
    { 0x8E0F, 0xCC, 0xA4 },  // 踏
    { 0x8E10, 0xDB, 0x60 },  // 踐
    { 0x8E11, 0xDB, 0x61 },  // 踑
    { 0x8E12, 0xDB, 0x62 },  // 踒
    { 0x8E13, 0xDB, 0x63 },  // 踓
    { 0x8E14, 0xF5, 0xD6 },  // 踔
    { 0x8E15, 0xDB, 0x64 },  // 踕
    { 0x8E16, 0xDB, 0x65 },  // 踖
    { 0x8E17, 0xDB, 0x66 },  // 踗
    { 0x8E18, 0xDB, 0x67 },  // 踘
    { 0x8E19, 0xDB, 0x68 },  // 踙
    { 0x8E1A, 0xDB, 0x69 },  // 踚
    { 0x8E1B, 0xDB, 0x6A },  // 踛
    { 0x8E1C, 0xDB, 0x6B },  // 踜
    { 0x8E1D, 0xF5, 0xD7 },  // 踝
    { 0x8E1E, 0xBE, 0xE1 },  // 踞
    { 0x8E1F, 0xF5, 0xD8 },  // 踟
    { 0x8E20, 0xDB, 0x6C },  // 踠
    { 0x8E21, 0xDB, 0x6D },  // 踡
    { 0x8E22, 0xCC, 0xDF },  // 踢
    { 0x8E23, 0xF5, 0xDB },  // 踣
    { 0x8E24, 0xDB, 0x6E },  // 踤
    { 0x8E25, 0xDB, 0x6F },  // 踥
    { 0x8E26, 0xDB, 0x70 },  // 踦
    { 0x8E27, 0xDB, 0x71 },  // 踧
    { 0x8E28, 0xDB, 0x72 },  // 踨
    { 0x8E29, 0xB2, 0xC8 },  // 踩
    { 0x8E2A, 0xD7, 0xD9 },  // 踪
    { 0x8E2B, 0xDB, 0x73 },  // 踫
    { 0x8E2C, 0xF5, 0xD9 },  // 踬
    { 0x8E2D, 0xDB, 0x74 },  // 踭
    { 0x8E2E, 0xF5, 0xDA },  // 踮
    { 0x8E2F, 0xF5, 0xDC },  // 踯
    { 0x8E30, 0xDB, 0x75 },  // 踰
    { 0x8E31, 0xF5, 0xE2 },  // 踱
    { 0x8E32, 0xDB, 0x76 },  // 踲
    { 0x8E33, 0xDB, 0x77 },  // 踳
    { 0x8E34, 0xDB, 0x78 },  // 踴
    { 0x8E35, 0xF5, 0xE0 },  // 踵
    { 0x8E36, 0xDB, 0x79 },  // 踶
    { 0x8E37, 0xDB, 0x7A },  // 踷
    { 0x8E38, 0xDB, 0x7B },  // 踸
    { 0x8E39, 0xF5, 0xDF },  // 踹
    { 0x8E3A, 0xF5, 0xDD },  // 踺
    { 0x8E3B, 0xDB, 0x7C },  // 踻
    { 0x8E3C, 0xDB, 0x7D },  // 踼
    { 0x8E3D, 0xF5, 0xE1 },  // 踽
    { 0x8E3E, 0xDB, 0x7E },  // 踾
    { 0x8E3F, 0xDB, 0x80 },  // 踿
    { 0x8E40, 0xF5, 0xDE },  // 蹀
    { 0x8E41, 0xF5, 0xE4 },  // 蹁
    { 0x8E42, 0xF5, 0xE5 },  // 蹂
    { 0x8E43, 0xDB, 0x81 },  // 蹃
    { 0x8E44, 0xCC, 0xE3 },  // 蹄
    { 0x8E45, 0xDB, 0x82 },  // 蹅
    { 0x8E46, 0xDB, 0x83 },  // 蹆
    { 0x8E47, 0xE5, 0xBF },  // 蹇
    { 0x8E48, 0xB5, 0xB8 },  // 蹈
    { 0x8E49, 0xF5, 0xE3 },  // 蹉
    { 0x8E4A, 0xF5, 0xE8 },  // 蹊
    { 0x8E4B, 0xCC, 0xA3 },  // 蹋
    { 0x8E4C, 0xDB, 0x84 },  // 蹌
    { 0x8E4D, 0xDB, 0x85 },  // 蹍
    { 0x8E4E, 0xDB, 0x86 },  // 蹎
    { 0x8E4F, 0xDB, 0x87 },  // 蹏
    { 0x8E50, 0xDB, 0x88 },  // 蹐
    { 0x8E51, 0xF5, 0xE6 },  // 蹑
    { 0x8E52, 0xF5, 0xE7 },  // 蹒
    { 0x8E53, 0xDB, 0x89 },  // 蹓
    { 0x8E54, 0xDB, 0x8A },  // 蹔
    { 0x8E55, 0xDB, 0x8B },  // 蹕
    { 0x8E56, 0xDB, 0x8C },  // 蹖
    { 0x8E57, 0xDB, 0x8D },  // 蹗
    { 0x8E58, 0xDB, 0x8E },  // 蹘
    { 0x8E59, 0xF5, 0xBE },  // 蹙
    { 0x8E5A, 0xDB, 0x8F },  // 蹚
    { 0x8E5B, 0xDB, 0x90 },  // 蹛
    { 0x8E5C, 0xDB, 0x91 },  // 蹜
    { 0x8E5D, 0xDB, 0x92 },  // 蹝
    { 0x8E5E, 0xDB, 0x93 },  // 蹞
    { 0x8E5F, 0xDB, 0x94 },  // 蹟
    { 0x8E60, 0xDB, 0x95 },  // 蹠
    { 0x8E61, 0xDB, 0x96 },  // 蹡
    { 0x8E62, 0xDB, 0x97 },  // 蹢
    { 0x8E63, 0xDB, 0x98 },  // 蹣
    { 0x8E64, 0xDB, 0x99 },  // 蹤
    { 0x8E65, 0xDB, 0x9A },  // 蹥
    { 0x8E66, 0xB1, 0xC4 },  // 蹦
    { 0x8E67, 0xDB, 0x9B },  // 蹧
    { 0x8E68, 0xDB, 0x9C },  // 蹨
    { 0x8E69, 0xF5, 0xBF },  // 蹩
    { 0x8E6A, 0xDB, 0x9D },  // 蹪
    { 0x8E6B, 0xDB, 0x9E },  // 蹫
    { 0x8E6C, 0xB5, 0xC5 },  // 蹬
    { 0x8E6D, 0xB2, 0xE4 },  // 蹭
    { 0x8E6E, 0xDB, 0x9F },  // 蹮
    { 0x8E6F, 0xF5, 0xEC },  // 蹯
    { 0x8E70, 0xF5, 0xE9 },  // 蹰
    { 0x8E71, 0xDB, 0xA0 },  // 蹱
    { 0x8E72, 0xB6, 0xD7 },  // 蹲
    { 0x8E73, 0xDC, 0x40 },  // 蹳
    { 0x8E74, 0xF5, 0xED },  // 蹴
    { 0x8E75, 0xDC, 0x41 },  // 蹵
    { 0x8E76, 0xF5, 0xEA },  // 蹶
    { 0x8E77, 0xDC, 0x42 },  // 蹷
    { 0x8E78, 0xDC, 0x43 },  // 蹸
    { 0x8E79, 0xDC, 0x44 },  // 蹹
    { 0x8E7A, 0xDC, 0x45 },  // 蹺
    { 0x8E7B, 0xDC, 0x46 },  // 蹻
    { 0x8E7C, 0xF5, 0xEB },  // 蹼
    { 0x8E7D, 0xDC, 0x47 },  // 蹽
    { 0x8E7E, 0xDC, 0x48 },  // 蹾
    { 0x8E7F, 0xB4, 0xDA },  // 蹿
    { 0x8E80, 0xDC, 0x49 },  // 躀
    { 0x8E81, 0xD4, 0xEA },  // 躁
    { 0x8E82, 0xDC, 0x4A },  // 躂
    { 0x8E83, 0xDC, 0x4B },  // 躃
    { 0x8E84, 0xDC, 0x4C },  // 躄
    { 0x8E85, 0xF5, 0xEE },  // 躅
    { 0x8E86, 0xDC, 0x4D },  // 躆
    { 0x8E87, 0xB3, 0xF9 },  // 躇
    { 0x8E88, 0xDC, 0x4E },  // 躈
    { 0x8E89, 0xDC, 0x4F },  // 躉
    { 0x8E8A, 0xDC, 0x50 },  // 躊
    { 0x8E8B, 0xDC, 0x51 },  // 躋
    { 0x8E8C, 0xDC, 0x52 },  // 躌
    { 0x8E8D, 0xDC, 0x53 },  // 躍
    { 0x8E8E, 0xDC, 0x54 },  // 躎
    { 0x8E8F, 0xF5, 0xEF },  // 躏
    { 0x8E90, 0xF5, 0xF1 },  // 躐
    { 0x8E91, 0xDC, 0x55 },  // 躑
    { 0x8E92, 0xDC, 0x56 },  // 躒
    { 0x8E93, 0xDC, 0x57 },  // 躓
    { 0x8E94, 0xF5, 0xF0 },  // 躔
    { 0x8E95, 0xDC, 0x58 },  // 躕
    { 0x8E96, 0xDC, 0x59 },  // 躖
    { 0x8E97, 0xDC, 0x5A },  // 躗
    { 0x8E98, 0xDC, 0x5B },  // 躘
    { 0x8E99, 0xDC, 0x5C },  // 躙
    { 0x8E9A, 0xDC, 0x5D },  // 躚
    { 0x8E9B, 0xDC, 0x5E },  // 躛
    { 0x8E9C, 0xF5, 0xF2 },  // 躜
    { 0x8E9D, 0xDC, 0x5F },  // 躝
    { 0x8E9E, 0xF5, 0xF3 },  // 躞
    { 0x8E9F, 0xDC, 0x60 },  // 躟
    { 0x8EA0, 0xDC, 0x61 },  // 躠
    { 0x8EA1, 0xDC, 0x62 },  // 躡
    { 0x8EA2, 0xDC, 0x63 },  // 躢
    { 0x8EA3, 0xDC, 0x64 },  // 躣
    { 0x8EA4, 0xDC, 0x65 },  // 躤
    { 0x8EA5, 0xDC, 0x66 },  // 躥
    { 0x8EA6, 0xDC, 0x67 },  // 躦
    { 0x8EA7, 0xDC, 0x68 },  // 躧
    { 0x8EA8, 0xDC, 0x69 },  // 躨
    { 0x8EA9, 0xDC, 0x6A },  // 躩
    { 0x8EAA, 0xDC, 0x6B },  // 躪
    { 0x8EAB, 0xC9, 0xED },  // 身
    { 0x8EAC, 0xB9, 0xAA },  // 躬
    { 0x8EAD, 0xDC, 0x6C },  // 躭
    { 0x8EAE, 0xDC, 0x6D },  // 躮
    { 0x8EAF, 0xC7, 0xFB },  // 躯
    { 0x8EB0, 0xDC, 0x6E },  // 躰
    { 0x8EB1, 0xDC, 0x6F },  // 躱
    { 0x8EB2, 0xB6, 0xE3 },  // 躲
    { 0x8EB3, 0xDC, 0x70 },  // 躳
    { 0x8EB4, 0xDC, 0x71 },  // 躴
    { 0x8EB5, 0xDC, 0x72 },  // 躵
    { 0x8EB6, 0xDC, 0x73 },  // 躶
    { 0x8EB7, 0xDC, 0x74 },  // 躷
    { 0x8EB8, 0xDC, 0x75 },  // 躸
    { 0x8EB9, 0xDC, 0x76 },  // 躹
    { 0x8EBA, 0xCC, 0xC9 },  // 躺
    { 0x8EBB, 0xDC, 0x77 },  // 躻
    { 0x8EBC, 0xDC, 0x78 },  // 躼
    { 0x8EBD, 0xDC, 0x79 },  // 躽
    { 0x8EBE, 0xDC, 0x7A },  // 躾
    { 0x8EBF, 0xDC, 0x7B },  // 躿
    { 0x8EC0, 0xDC, 0x7C },  // 軀
    { 0x8EC1, 0xDC, 0x7D },  // 軁
    { 0x8EC2, 0xDC, 0x7E },  // 軂
    { 0x8EC3, 0xDC, 0x80 },  // 軃
    { 0x8EC4, 0xDC, 0x81 },  // 軄
    { 0x8EC5, 0xDC, 0x82 },  // 軅
    { 0x8EC6, 0xDC, 0x83 },  // 軆
    { 0x8EC7, 0xDC, 0x84 },  // 軇
    { 0x8EC8, 0xDC, 0x85 },  // 軈
    { 0x8EC9, 0xDC, 0x86 },  // 軉
    { 0x8ECA, 0xDC, 0x87 },  // 車
    { 0x8ECB, 0xDC, 0x88 },  // 軋
    { 0x8ECC, 0xDC, 0x89 },  // 軌
    { 0x8ECD, 0xDC, 0x8A },  // 軍
    { 0x8ECE, 0xEA, 0xA6 },  // 軎
    { 0x8ECF, 0xDC, 0x8B },  // 軏
    { 0x8ED0, 0xDC, 0x8C },  // 軐
    { 0x8ED1, 0xDC, 0x8D },  // 軑
    { 0x8ED2, 0xDC, 0x8E },  // 軒
    { 0x8ED3, 0xDC, 0x8F },  // 軓
    { 0x8ED4, 0xDC, 0x90 },  // 軔
    { 0x8ED5, 0xDC, 0x91 },  // 軕
    { 0x8ED6, 0xDC, 0x92 },  // 軖
    { 0x8ED7, 0xDC, 0x93 },  // 軗
    { 0x8ED8, 0xDC, 0x94 },  // 軘
    { 0x8ED9, 0xDC, 0x95 },  // 軙
    { 0x8EDA, 0xDC, 0x96 },  // 軚
    { 0x8EDB, 0xDC, 0x97 },  // 軛
    { 0x8EDC, 0xDC, 0x98 },  // 軜
    { 0x8EDD, 0xDC, 0x99 },  // 軝
    { 0x8EDE, 0xDC, 0x9A },  // 軞
    { 0x8EDF, 0xDC, 0x9B },  // 軟
    { 0x8EE0, 0xDC, 0x9C },  // 軠
    { 0x8EE1, 0xDC, 0x9D },  // 軡
    { 0x8EE2, 0xDC, 0x9E },  // 転
    { 0x8EE3, 0xDC, 0x9F },  // 軣
    { 0x8EE4, 0xDC, 0xA0 },  // 軤
    { 0x8EE5, 0xDD, 0x40 },  // 軥
    { 0x8EE6, 0xDD, 0x41 },  // 軦
    { 0x8EE7, 0xDD, 0x42 },  // 軧
    { 0x8EE8, 0xDD, 0x43 },  // 軨
    { 0x8EE9, 0xDD, 0x44 },  // 軩
    { 0x8EEA, 0xDD, 0x45 },  // 軪
    { 0x8EEB, 0xDD, 0x46 },  // 軫
    { 0x8EEC, 0xDD, 0x47 },  // 軬
    { 0x8EED, 0xDD, 0x48 },  // 軭
    { 0x8EEE, 0xDD, 0x49 },  // 軮
    { 0x8EEF, 0xDD, 0x4A },  // 軯
    { 0x8EF0, 0xDD, 0x4B },  // 軰
    { 0x8EF1, 0xDD, 0x4C },  // 軱
    { 0x8EF2, 0xDD, 0x4D },  // 軲
    { 0x8EF3, 0xDD, 0x4E },  // 軳
    { 0x8EF4, 0xDD, 0x4F },  // 軴
    { 0x8EF5, 0xDD, 0x50 },  // 軵
    { 0x8EF6, 0xDD, 0x51 },  // 軶
    { 0x8EF7, 0xDD, 0x52 },  // 軷
    { 0x8EF8, 0xDD, 0x53 },  // 軸
    { 0x8EF9, 0xDD, 0x54 },  // 軹
    { 0x8EFA, 0xDD, 0x55 },  // 軺
    { 0x8EFB, 0xDD, 0x56 },  // 軻
    { 0x8EFC, 0xDD, 0x57 },  // 軼
    { 0x8EFD, 0xDD, 0x58 },  // 軽
    { 0x8EFE, 0xDD, 0x59 },  // 軾
    { 0x8EFF, 0xDD, 0x5A },  // 軿
    { 0x8F00, 0xDD, 0x5B },  // 輀
    { 0x8F01, 0xDD, 0x5C },  // 輁
    { 0x8F02, 0xDD, 0x5D },  // 輂
    { 0x8F03, 0xDD, 0x5E },  // 較
    { 0x8F04, 0xDD, 0x5F },  // 輄
    { 0x8F05, 0xDD, 0x60 },  // 輅
    { 0x8F06, 0xDD, 0x61 },  // 輆
    { 0x8F07, 0xDD, 0x62 },  // 輇
    { 0x8F08, 0xDD, 0x63 },  // 輈
    { 0x8F09, 0xDD, 0x64 },  // 載
    { 0x8F0A, 0xDD, 0x65 },  // 輊
    { 0x8F0B, 0xDD, 0x66 },  // 輋
    { 0x8F0C, 0xDD, 0x67 },  // 輌
    { 0x8F0D, 0xDD, 0x68 },  // 輍
    { 0x8F0E, 0xDD, 0x69 },  // 輎
    { 0x8F0F, 0xDD, 0x6A },  // 輏
    { 0x8F10, 0xDD, 0x6B },  // 輐
    { 0x8F11, 0xDD, 0x6C },  // 輑
    { 0x8F12, 0xDD, 0x6D },  // 輒
    { 0x8F13, 0xDD, 0x6E },  // 輓
    { 0x8F14, 0xDD, 0x6F },  // 輔
    { 0x8F15, 0xDD, 0x70 },  // 輕
    { 0x8F16, 0xDD, 0x71 },  // 輖
    { 0x8F17, 0xDD, 0x72 },  // 輗
    { 0x8F18, 0xDD, 0x73 },  // 輘
    { 0x8F19, 0xDD, 0x74 },  // 輙
    { 0x8F1A, 0xDD, 0x75 },  // 輚
    { 0x8F1B, 0xDD, 0x76 },  // 輛
    { 0x8F1C, 0xDD, 0x77 },  // 輜
    { 0x8F1D, 0xDD, 0x78 },  // 輝
    { 0x8F1E, 0xDD, 0x79 },  // 輞
    { 0x8F1F, 0xDD, 0x7A },  // 輟
    { 0x8F20, 0xDD, 0x7B },  // 輠
    { 0x8F21, 0xDD, 0x7C },  // 輡
    { 0x8F22, 0xDD, 0x7D },  // 輢
    { 0x8F23, 0xDD, 0x7E },  // 輣
    { 0x8F24, 0xDD, 0x80 },  // 輤
    { 0x8F25, 0xDD, 0x81 },  // 輥
    { 0x8F26, 0xDD, 0x82 },  // 輦
    { 0x8F27, 0xDD, 0x83 },  // 輧
    { 0x8F28, 0xDD, 0x84 },  // 輨
    { 0x8F29, 0xDD, 0x85 },  // 輩
    { 0x8F2A, 0xDD, 0x86 },  // 輪
    { 0x8F2B, 0xDD, 0x87 },  // 輫
    { 0x8F2C, 0xDD, 0x88 },  // 輬
    { 0x8F2D, 0xDD, 0x89 },  // 輭
    { 0x8F2E, 0xDD, 0x8A },  // 輮
    { 0x8F2F, 0xDD, 0x8B },  // 輯
    { 0x8F30, 0xDD, 0x8C },  // 輰
    { 0x8F31, 0xDD, 0x8D },  // 輱
    { 0x8F32, 0xDD, 0x8E },  // 輲
    { 0x8F33, 0xDD, 0x8F },  // 輳
    { 0x8F34, 0xDD, 0x90 },  // 輴
    { 0x8F35, 0xDD, 0x91 },  // 輵
    { 0x8F36, 0xDD, 0x92 },  // 輶
    { 0x8F37, 0xDD, 0x93 },  // 輷
    { 0x8F38, 0xDD, 0x94 },  // 輸
    { 0x8F39, 0xDD, 0x95 },  // 輹
    { 0x8F3A, 0xDD, 0x96 },  // 輺
    { 0x8F3B, 0xDD, 0x97 },  // 輻
    { 0x8F3C, 0xDD, 0x98 },  // 輼
    { 0x8F3D, 0xDD, 0x99 },  // 輽
    { 0x8F3E, 0xDD, 0x9A },  // 輾
    { 0x8F3F, 0xDD, 0x9B },  // 輿
    { 0x8F40, 0xDD, 0x9C },  // 轀
    { 0x8F41, 0xDD, 0x9D },  // 轁
    { 0x8F42, 0xDD, 0x9E },  // 轂
    { 0x8F43, 0xDD, 0x9F },  // 轃
    { 0x8F44, 0xDD, 0xA0 },  // 轄
    { 0x8F45, 0xDE, 0x40 },  // 轅
    { 0x8F46, 0xDE, 0x41 },  // 轆
    { 0x8F47, 0xDE, 0x42 },  // 轇
    { 0x8F48, 0xDE, 0x43 },  // 轈
    { 0x8F49, 0xDE, 0x44 },  // 轉
    { 0x8F4A, 0xDE, 0x45 },  // 轊
    { 0x8F4B, 0xDE, 0x46 },  // 轋
    { 0x8F4C, 0xDE, 0x47 },  // 轌
    { 0x8F4D, 0xDE, 0x48 },  // 轍
    { 0x8F4E, 0xDE, 0x49 },  // 轎
    { 0x8F4F, 0xDE, 0x4A },  // 轏
    { 0x8F50, 0xDE, 0x4B },  // 轐
    { 0x8F51, 0xDE, 0x4C },  // 轑
    { 0x8F52, 0xDE, 0x4D },  // 轒
    { 0x8F53, 0xDE, 0x4E },  // 轓
    { 0x8F54, 0xDE, 0x4F },  // 轔
    { 0x8F55, 0xDE, 0x50 },  // 轕
    { 0x8F56, 0xDE, 0x51 },  // 轖
    { 0x8F57, 0xDE, 0x52 },  // 轗
    { 0x8F58, 0xDE, 0x53 },  // 轘
    { 0x8F59, 0xDE, 0x54 },  // 轙
    { 0x8F5A, 0xDE, 0x55 },  // 轚
    { 0x8F5B, 0xDE, 0x56 },  // 轛
    { 0x8F5C, 0xDE, 0x57 },  // 轜
    { 0x8F5D, 0xDE, 0x58 },  // 轝
    { 0x8F5E, 0xDE, 0x59 },  // 轞
    { 0x8F5F, 0xDE, 0x5A },  // 轟
    { 0x8F60, 0xDE, 0x5B },  // 轠
    { 0x8F61, 0xDE, 0x5C },  // 轡
    { 0x8F62, 0xDE, 0x5D },  // 轢
    { 0x8F63, 0xDE, 0x5E },  // 轣
    { 0x8F64, 0xDE, 0x5F },  // 轤
    { 0x8F65, 0xDE, 0x60 },  // 轥
    { 0x8F66, 0xB3, 0xB5 },  // 车
    { 0x8F67, 0xD4, 0xFE },  // 轧
    { 0x8F68, 0xB9, 0xEC },  // 轨
    { 0x8F69, 0xD0, 0xF9 },  // 轩
    { 0x8F6A, 0xDE, 0x61 },  // 轪
    { 0x8F6B, 0xE9, 0xED },  // 轫
    { 0x8F6C, 0xD7, 0xAA },  // 转
    { 0x8F6D, 0xE9, 0xEE },  // 轭
    { 0x8F6E, 0xC2, 0xD6 },  // 轮
    { 0x8F6F, 0xC8, 0xED },  // 软
    { 0x8F70, 0xBA, 0xE4 },  // 轰
    { 0x8F71, 0xE9, 0xEF },  // 轱
    { 0x8F72, 0xE9, 0xF0 },  // 轲
    { 0x8F73, 0xE9, 0xF1 },  // 轳
    { 0x8F74, 0xD6, 0xE1 },  // 轴
    { 0x8F75, 0xE9, 0xF2 },  // 轵
    { 0x8F76, 0xE9, 0xF3 },  // 轶
    { 0x8F77, 0xE9, 0xF5 },  // 轷
    { 0x8F78, 0xE9, 0xF4 },  // 轸
    { 0x8F79, 0xE9, 0xF6 },  // 轹
    { 0x8F7A, 0xE9, 0xF7 },  // 轺
    { 0x8F7B, 0xC7, 0xE1 },  // 轻
    { 0x8F7C, 0xE9, 0xF8 },  // 轼
    { 0x8F7D, 0xD4, 0xD8 },  // 载
    { 0x8F7E, 0xE9, 0xF9 },  // 轾
    { 0x8F7F, 0xBD, 0xCE },  // 轿
    { 0x8F80, 0xDE, 0x62 },  // 辀
    { 0x8F81, 0xE9, 0xFA },  // 辁
    { 0x8F82, 0xE9, 0xFB },  // 辂
    { 0x8F83, 0xBD, 0xCF },  // 较
    { 0x8F84, 0xE9, 0xFC },  // 辄
    { 0x8F85, 0xB8, 0xA8 },  // 辅
    { 0x8F86, 0xC1, 0xBE },  // 辆
    { 0x8F87, 0xE9, 0xFD },  // 辇
    { 0x8F88, 0xB1, 0xB2 },  // 辈
    { 0x8F89, 0xBB, 0xD4 },  // 辉
    { 0x8F8A, 0xB9, 0xF5 },  // 辊
    { 0x8F8B, 0xE9, 0xFE },  // 辋
    { 0x8F8C, 0xDE, 0x63 },  // 辌
    { 0x8F8D, 0xEA, 0xA1 },  // 辍
    { 0x8F8E, 0xEA, 0xA2 },  // 辎
    { 0x8F8F, 0xEA, 0xA3 },  // 辏
    { 0x8F90, 0xB7, 0xF8 },  // 辐
    { 0x8F91, 0xBC, 0xAD },  // 辑
    { 0x8F92, 0xDE, 0x64 },  // 辒
    { 0x8F93, 0xCA, 0xE4 },  // 输
    { 0x8F94, 0xE0, 0xCE },  // 辔
    { 0x8F95, 0xD4, 0xAF },  // 辕
    { 0x8F96, 0xCF, 0xBD },  // 辖
    { 0x8F97, 0xD5, 0xB7 },  // 辗
    { 0x8F98, 0xEA, 0xA4 },  // 辘
    { 0x8F99, 0xD5, 0xDE },  // 辙
    { 0x8F9A, 0xEA, 0xA5 },  // 辚
    { 0x8F9B, 0xD0, 0xC1 },  // 辛
    { 0x8F9C, 0xB9, 0xBC },  // 辜
    { 0x8F9D, 0xDE, 0x65 },  // 辝
    { 0x8F9E, 0xB4, 0xC7 },  // 辞
    { 0x8F9F, 0xB1, 0xD9 },  // 辟
    { 0x8FA0, 0xDE, 0x66 },  // 辠
    { 0x8FA1, 0xDE, 0x67 },  // 辡
    { 0x8FA2, 0xDE, 0x68 },  // 辢
    { 0x8FA3, 0xC0, 0xB1 },  // 辣
    { 0x8FA4, 0xDE, 0x69 },  // 辤
    { 0x8FA5, 0xDE, 0x6A },  // 辥
    { 0x8FA6, 0xDE, 0x6B },  // 辦
    { 0x8FA7, 0xDE, 0x6C },  // 辧
    { 0x8FA8, 0xB1, 0xE6 },  // 辨
    { 0x8FA9, 0xB1, 0xE7 },  // 辩
    { 0x8FAA, 0xDE, 0x6D },  // 辪
    { 0x8FAB, 0xB1, 0xE8 },  // 辫
    { 0x8FAC, 0xDE, 0x6E },  // 辬
    { 0x8FAD, 0xDE, 0x6F },  // 辭
    { 0x8FAE, 0xDE, 0x70 },  // 辮
    { 0x8FAF, 0xDE, 0x71 },  // 辯
    { 0x8FB0, 0xB3, 0xBD },  // 辰
    { 0x8FB1, 0xC8, 0xE8 },  // 辱
    { 0x8FB2, 0xDE, 0x72 },  // 農
    { 0x8FB3, 0xDE, 0x73 },  // 辳
    { 0x8FB4, 0xDE, 0x74 },  // 辴
    { 0x8FB5, 0xDE, 0x75 },  // 辵
    { 0x8FB6, 0xE5, 0xC1 },  // 辶
    { 0x8FB7, 0xDE, 0x76 },  // 辷
    { 0x8FB8, 0xDE, 0x77 },  // 辸
    { 0x8FB9, 0xB1, 0xDF },  // 边
    { 0x8FBA, 0xDE, 0x78 },  // 辺
    { 0x8FBB, 0xDE, 0x79 },  // 辻
    { 0x8FBC, 0xDE, 0x7A },  // 込
    { 0x8FBD, 0xC1, 0xC9 },  // 辽
    { 0x8FBE, 0xB4, 0xEF },  // 达
    { 0x8FBF, 0xDE, 0x7B },  // 辿
    { 0x8FC0, 0xDE, 0x7C },  // 迀
    { 0x8FC1, 0xC7, 0xA8 },  // 迁
    { 0x8FC2, 0xD3, 0xD8 },  // 迂
    { 0x8FC3, 0xDE, 0x7D },  // 迃
    { 0x8FC4, 0xC6, 0xF9 },  // 迄
    { 0x8FC5, 0xD1, 0xB8 },  // 迅
    { 0x8FC6, 0xDE, 0x7E },  // 迆
    { 0x8FC7, 0xB9, 0xFD },  // 过
    { 0x8FC8, 0xC2, 0xF5 },  // 迈
    { 0x8FC9, 0xDE, 0x80 },  // 迉
    { 0x8FCA, 0xDE, 0x81 },  // 迊
    { 0x8FCB, 0xDE, 0x82 },  // 迋
    { 0x8FCC, 0xDE, 0x83 },  // 迌
    { 0x8FCD, 0xDE, 0x84 },  // 迍
    { 0x8FCE, 0xD3, 0xAD },  // 迎
    { 0x8FCF, 0xDE, 0x85 },  // 迏
    { 0x8FD0, 0xD4, 0xCB },  // 运
    { 0x8FD1, 0xBD, 0xFC },  // 近
    { 0x8FD2, 0xDE, 0x86 },  // 迒
    { 0x8FD3, 0xE5, 0xC2 },  // 迓
    { 0x8FD4, 0xB7, 0xB5 },  // 返
    { 0x8FD5, 0xE5, 0xC3 },  // 迕
    { 0x8FD6, 0xDE, 0x87 },  // 迖
    { 0x8FD7, 0xDE, 0x88 },  // 迗
    { 0x8FD8, 0xBB, 0xB9 },  // 还
    { 0x8FD9, 0xD5, 0xE2 },  // 这
    { 0x8FDA, 0xDE, 0x89 },  // 迚
    { 0x8FDB, 0xBD, 0xF8 },  // 进
    { 0x8FDC, 0xD4, 0xB6 },  // 远
    { 0x8FDD, 0xCE, 0xA5 },  // 违
    { 0x8FDE, 0xC1, 0xAC },  // 连
    { 0x8FDF, 0xB3, 0xD9 },  // 迟
    { 0x8FE0, 0xDE, 0x8A },  // 迠
    { 0x8FE1, 0xDE, 0x8B },  // 迡
    { 0x8FE2, 0xCC, 0xF6 },  // 迢
    { 0x8FE3, 0xDE, 0x8C },  // 迣
    { 0x8FE4, 0xE5, 0xC6 },  // 迤
    { 0x8FE5, 0xE5, 0xC4 },  // 迥
    { 0x8FE6, 0xE5, 0xC8 },  // 迦
    { 0x8FE7, 0xDE, 0x8D },  // 迧
    { 0x8FE8, 0xE5, 0xCA },  // 迨
    { 0x8FE9, 0xE5, 0xC7 },  // 迩
    { 0x8FEA, 0xB5, 0xCF },  // 迪
    { 0x8FEB, 0xC6, 0xC8 },  // 迫
    { 0x8FEC, 0xDE, 0x8E },  // 迬
    { 0x8FED, 0xB5, 0xFC },  // 迭
    { 0x8FEE, 0xE5, 0xC5 },  // 迮
    { 0x8FEF, 0xDE, 0x8F },  // 迯
    { 0x8FF0, 0xCA, 0xF6 },  // 述
    { 0x8FF1, 0xDE, 0x90 },  // 迱
    { 0x8FF2, 0xDE, 0x91 },  // 迲
    { 0x8FF3, 0xE5, 0xC9 },  // 迳
    { 0x8FF4, 0xDE, 0x92 },  // 迴
    { 0x8FF5, 0xDE, 0x93 },  // 迵
    { 0x8FF6, 0xDE, 0x94 },  // 迶
    { 0x8FF7, 0xC3, 0xD4 },  // 迷
    { 0x8FF8, 0xB1, 0xC5 },  // 迸
    { 0x8FF9, 0xBC, 0xA3 },  // 迹
    { 0x8FFA, 0xDE, 0x95 },  // 迺
    { 0x8FFB, 0xDE, 0x96 },  // 迻
    { 0x8FFC, 0xDE, 0x97 },  // 迼
    { 0x8FFD, 0xD7, 0xB7 },  // 追
    { 0x8FFE, 0xDE, 0x98 },  // 迾
    { 0x8FFF, 0xDE, 0x99 },  // 迿
    { 0x9000, 0xCD, 0xCB },  // 退
    { 0x9001, 0xCB, 0xCD },  // 送
    { 0x9002, 0xCA, 0xCA },  // 适
    { 0x9003, 0xCC, 0xD3 },  // 逃
    { 0x9004, 0xE5, 0xCC },  // 逄
    { 0x9005, 0xE5, 0xCB },  // 逅
    { 0x9006, 0xC4, 0xE6 },  // 逆
    { 0x9007, 0xDE, 0x9A },  // 逇
    { 0x9008, 0xDE, 0x9B },  // 逈
    { 0x9009, 0xD1, 0xA1 },  // 选
    { 0x900A, 0xD1, 0xB7 },  // 逊
    { 0x900B, 0xE5, 0xCD },  // 逋
    { 0x900C, 0xDE, 0x9C },  // 逌
    { 0x900D, 0xE5, 0xD0 },  // 逍
    { 0x900E, 0xDE, 0x9D },  // 逎
    { 0x900F, 0xCD, 0xB8 },  // 透
    { 0x9010, 0xD6, 0xF0 },  // 逐
    { 0x9011, 0xE5, 0xCF },  // 逑
    { 0x9012, 0xB5, 0xDD },  // 递
    { 0x9013, 0xDE, 0x9E },  // 逓
    { 0x9014, 0xCD, 0xBE },  // 途
    { 0x9015, 0xDE, 0x9F },  // 逕
    { 0x9016, 0xE5, 0xD1 },  // 逖
    { 0x9017, 0xB6, 0xBA },  // 逗
    { 0x9018, 0xDE, 0xA0 },  // 逘
    { 0x9019, 0xDF, 0x40 },  // 這
    { 0x901A, 0xCD, 0xA8 },  // 通
    { 0x901B, 0xB9, 0xE4 },  // 逛
    { 0x901C, 0xDF, 0x41 },  // 逜
    { 0x901D, 0xCA, 0xC5 },  // 逝
    { 0x901E, 0xB3, 0xD1 },  // 逞
    { 0x901F, 0xCB, 0xD9 },  // 速
    { 0x9020, 0xD4, 0xEC },  // 造
    { 0x9021, 0xE5, 0xD2 },  // 逡
    { 0x9022, 0xB7, 0xEA },  // 逢
    { 0x9023, 0xDF, 0x42 },  // 連
    { 0x9024, 0xDF, 0x43 },  // 逤
    { 0x9025, 0xDF, 0x44 },  // 逥
    { 0x9026, 0xE5, 0xCE },  // 逦
    { 0x9027, 0xDF, 0x45 },  // 逧
    { 0x9028, 0xDF, 0x46 },  // 逨
    { 0x9029, 0xDF, 0x47 },  // 逩
    { 0x902A, 0xDF, 0x48 },  // 逪
    { 0x902B, 0xDF, 0x49 },  // 逫
    { 0x902C, 0xDF, 0x4A },  // 逬
    { 0x902D, 0xE5, 0xD5 },  // 逭
    { 0x902E, 0xB4, 0xFE },  // 逮
    { 0x902F, 0xE5, 0xD6 },  // 逯
    { 0x9030, 0xDF, 0x4B },  // 逰
    { 0x9031, 0xDF, 0x4C },  // 週
    { 0x9032, 0xDF, 0x4D },  // 進
    { 0x9033, 0xDF, 0x4E },  // 逳
    { 0x9034, 0xDF, 0x4F },  // 逴
    { 0x9035, 0xE5, 0xD3 },  // 逵
    { 0x9036, 0xE5, 0xD4 },  // 逶
    { 0x9037, 0xDF, 0x50 },  // 逷
    { 0x9038, 0xD2, 0xDD },  // 逸
    { 0x9039, 0xDF, 0x51 },  // 逹
    { 0x903A, 0xDF, 0x52 },  // 逺
    { 0x903B, 0xC2, 0xDF },  // 逻
    { 0x903C, 0xB1, 0xC6 },  // 逼
    { 0x903D, 0xDF, 0x53 },  // 逽
    { 0x903E, 0xD3, 0xE2 },  // 逾
    { 0x903F, 0xDF, 0x54 },  // 逿
    { 0x9040, 0xDF, 0x55 },  // 遀
    { 0x9041, 0xB6, 0xDD },  // 遁
    { 0x9042, 0xCB, 0xEC },  // 遂
    { 0x9043, 0xDF, 0x56 },  // 遃
    { 0x9044, 0xE5, 0xD7 },  // 遄
    { 0x9045, 0xDF, 0x57 },  // 遅
    { 0x9046, 0xDF, 0x58 },  // 遆
    { 0x9047, 0xD3, 0xF6 },  // 遇
    { 0x9048, 0xDF, 0x59 },  // 遈
    { 0x9049, 0xDF, 0x5A },  // 遉
    { 0x904A, 0xDF, 0x5B },  // 遊
    { 0x904B, 0xDF, 0x5C },  // 運
    { 0x904C, 0xDF, 0x5D },  // 遌
    { 0x904D, 0xB1, 0xE9 },  // 遍
    { 0x904E, 0xDF, 0x5E },  // 過
    { 0x904F, 0xB6, 0xF4 },  // 遏
    { 0x9050, 0xE5, 0xDA },  // 遐
    { 0x9051, 0xE5, 0xD8 },  // 遑
    { 0x9052, 0xE5, 0xD9 },  // 遒
    { 0x9053, 0xB5, 0xC0 },  // 道
    { 0x9054, 0xDF, 0x5F },  // 達
    { 0x9055, 0xDF, 0x60 },  // 違
    { 0x9056, 0xDF, 0x61 },  // 遖
    { 0x9057, 0xD2, 0xC5 },  // 遗
    { 0x9058, 0xE5, 0xDC },  // 遘
    { 0x9059, 0xDF, 0x62 },  // 遙
    { 0x905A, 0xDF, 0x63 },  // 遚
    { 0x905B, 0xE5, 0xDE },  // 遛
    { 0x905C, 0xDF, 0x64 },  // 遜
    { 0x905D, 0xDF, 0x65 },  // 遝
    { 0x905E, 0xDF, 0x66 },  // 遞
    { 0x905F, 0xDF, 0x67 },  // 遟
    { 0x9060, 0xDF, 0x68 },  // 遠
    { 0x9061, 0xDF, 0x69 },  // 遡
    { 0x9062, 0xE5, 0xDD },  // 遢
    { 0x9063, 0xC7, 0xB2 },  // 遣
    { 0x9064, 0xDF, 0x6A },  // 遤
    { 0x9065, 0xD2, 0xA3 },  // 遥
    { 0x9066, 0xDF, 0x6B },  // 遦
    { 0x9067, 0xDF, 0x6C },  // 遧
    { 0x9068, 0xE5, 0xDB },  // 遨
    { 0x9069, 0xDF, 0x6D },  // 適
    { 0x906A, 0xDF, 0x6E },  // 遪
    { 0x906B, 0xDF, 0x6F },  // 遫
    { 0x906C, 0xDF, 0x70 },  // 遬
    { 0x906D, 0xD4, 0xE2 },  // 遭
    { 0x906E, 0xD5, 0xDA },  // 遮
    { 0x906F, 0xDF, 0x71 },  // 遯
    { 0x9070, 0xDF, 0x72 },  // 遰
    { 0x9071, 0xDF, 0x73 },  // 遱
    { 0x9072, 0xDF, 0x74 },  // 遲
    { 0x9073, 0xDF, 0x75 },  // 遳
    { 0x9074, 0xE5, 0xE0 },  // 遴
    { 0x9075, 0xD7, 0xF1 },  // 遵
    { 0x9076, 0xDF, 0x76 },  // 遶
    { 0x9077, 0xDF, 0x77 },  // 遷
    { 0x9078, 0xDF, 0x78 },  // 選
    { 0x9079, 0xDF, 0x79 },  // 遹
    { 0x907A, 0xDF, 0x7A },  // 遺
    { 0x907B, 0xDF, 0x7B },  // 遻
    { 0x907C, 0xDF, 0x7C },  // 遼
    { 0x907D, 0xE5, 0xE1 },  // 遽
    { 0x907E, 0xDF, 0x7D },  // 遾
    { 0x907F, 0xB1, 0xDC },  // 避
    { 0x9080, 0xD1, 0xFB },  // 邀
    { 0x9081, 0xDF, 0x7E },  // 邁
    { 0x9082, 0xE5, 0xE2 },  // 邂
    { 0x9083, 0xE5, 0xE4 },  // 邃
    { 0x9084, 0xDF, 0x80 },  // 還
    { 0x9085, 0xDF, 0x81 },  // 邅
    { 0x9086, 0xDF, 0x82 },  // 邆
    { 0x9087, 0xDF, 0x83 },  // 邇
    { 0x9088, 0xE5, 0xE3 },  // 邈
    { 0x9089, 0xDF, 0x84 },  // 邉
    { 0x908A, 0xDF, 0x85 },  // 邊
    { 0x908B, 0xE5, 0xE5 },  // 邋
    { 0x908C, 0xDF, 0x86 },  // 邌
    { 0x908D, 0xDF, 0x87 },  // 邍
    { 0x908E, 0xDF, 0x88 },  // 邎
    { 0x908F, 0xDF, 0x89 },  // 邏
    { 0x9090, 0xDF, 0x8A },  // 邐
    { 0x9091, 0xD2, 0xD8 },  // 邑
    { 0x9092, 0xDF, 0x8B },  // 邒
    { 0x9093, 0xB5, 0xCB },  // 邓
    { 0x9094, 0xDF, 0x8C },  // 邔
    { 0x9095, 0xE7, 0xDF },  // 邕
    { 0x9096, 0xDF, 0x8D },  // 邖
    { 0x9097, 0xDA, 0xF5 },  // 邗
    { 0x9098, 0xDF, 0x8E },  // 邘
    { 0x9099, 0xDA, 0xF8 },  // 邙
    { 0x909A, 0xDF, 0x8F },  // 邚
    { 0x909B, 0xDA, 0xF6 },  // 邛
    { 0x909C, 0xDF, 0x90 },  // 邜
    { 0x909D, 0xDA, 0xF7 },  // 邝
    { 0x909E, 0xDF, 0x91 },  // 邞
    { 0x909F, 0xDF, 0x92 },  // 邟
    { 0x90A0, 0xDF, 0x93 },  // 邠
    { 0x90A1, 0xDA, 0xFA },  // 邡
    { 0x90A2, 0xD0, 0xCF },  // 邢
    { 0x90A3, 0xC4, 0xC7 },  // 那
    { 0x90A4, 0xDF, 0x94 },  // 邤
    { 0x90A5, 0xDF, 0x95 },  // 邥
    { 0x90A6, 0xB0, 0xEE },  // 邦
    { 0x90A7, 0xDF, 0x96 },  // 邧
    { 0x90A8, 0xDF, 0x97 },  // 邨
    { 0x90A9, 0xDF, 0x98 },  // 邩
    { 0x90AA, 0xD0, 0xB0 },  // 邪
    { 0x90AB, 0xDF, 0x99 },  // 邫
    { 0x90AC, 0xDA, 0xF9 },  // 邬
    { 0x90AD, 0xDF, 0x9A },  // 邭
    { 0x90AE, 0xD3, 0xCA },  // 邮
    { 0x90AF, 0xBA, 0xAA },  // 邯
    { 0x90B0, 0xDB, 0xA2 },  // 邰
    { 0x90B1, 0xC7, 0xF1 },  // 邱
    { 0x90B2, 0xDF, 0x9B },  // 邲
    { 0x90B3, 0xDA, 0xFC },  // 邳
    { 0x90B4, 0xDA, 0xFB },  // 邴
    { 0x90B5, 0xC9, 0xDB },  // 邵
    { 0x90B6, 0xDA, 0xFD },  // 邶
    { 0x90B7, 0xDF, 0x9C },  // 邷
    { 0x90B8, 0xDB, 0xA1 },  // 邸
    { 0x90B9, 0xD7, 0xDE },  // 邹
    { 0x90BA, 0xDA, 0xFE },  // 邺
    { 0x90BB, 0xC1, 0xDA },  // 邻
    { 0x90BC, 0xDF, 0x9D },  // 邼
    { 0x90BD, 0xDF, 0x9E },  // 邽
    { 0x90BE, 0xDB, 0xA5 },  // 邾
    { 0x90BF, 0xDF, 0x9F },  // 邿
    { 0x90C0, 0xDF, 0xA0 },  // 郀
    { 0x90C1, 0xD3, 0xF4 },  // 郁
    { 0x90C2, 0xE0, 0x40 },  // 郂
    { 0x90C3, 0xE0, 0x41 },  // 郃
    { 0x90C4, 0xDB, 0xA7 },  // 郄
    { 0x90C5, 0xDB, 0xA4 },  // 郅
    { 0x90C6, 0xE0, 0x42 },  // 郆
    { 0x90C7, 0xDB, 0xA8 },  // 郇
    { 0x90C8, 0xE0, 0x43 },  // 郈
    { 0x90C9, 0xE0, 0x44 },  // 郉
    { 0x90CA, 0xBD, 0xBC },  // 郊
    { 0x90CB, 0xE0, 0x45 },  // 郋
    { 0x90CC, 0xE0, 0x46 },  // 郌
    { 0x90CD, 0xE0, 0x47 },  // 郍
    { 0x90CE, 0xC0, 0xC9 },  // 郎
    { 0x90CF, 0xDB, 0xA3 },  // 郏
    { 0x90D0, 0xDB, 0xA6 },  // 郐
    { 0x90D1, 0xD6, 0xA3 },  // 郑
    { 0x90D2, 0xE0, 0x48 },  // 郒
    { 0x90D3, 0xDB, 0xA9 },  // 郓
    { 0x90D4, 0xE0, 0x49 },  // 郔
    { 0x90D5, 0xE0, 0x4A },  // 郕
    { 0x90D6, 0xE0, 0x4B },  // 郖
    { 0x90D7, 0xDB, 0xAD },  // 郗
    { 0x90D8, 0xE0, 0x4C },  // 郘
    { 0x90D9, 0xE0, 0x4D },  // 郙
    { 0x90DA, 0xE0, 0x4E },  // 郚
    { 0x90DB, 0xDB, 0xAE },  // 郛
    { 0x90DC, 0xDB, 0xAC },  // 郜
    { 0x90DD, 0xBA, 0xC2 },  // 郝
    { 0x90DE, 0xE0, 0x4F },  // 郞
    { 0x90DF, 0xE0, 0x50 },  // 郟
    { 0x90E0, 0xE0, 0x51 },  // 郠
    { 0x90E1, 0xBF, 0xA4 },  // 郡
    { 0x90E2, 0xDB, 0xAB },  // 郢
    { 0x90E3, 0xE0, 0x52 },  // 郣
    { 0x90E4, 0xE0, 0x53 },  // 郤
    { 0x90E5, 0xE0, 0x54 },  // 郥
    { 0x90E6, 0xDB, 0xAA },  // 郦
    { 0x90E7, 0xD4, 0xC7 },  // 郧
    { 0x90E8, 0xB2, 0xBF },  // 部
    { 0x90E9, 0xE0, 0x55 },  // 郩
    { 0x90EA, 0xE0, 0x56 },  // 郪
    { 0x90EB, 0xDB, 0xAF },  // 郫
    { 0x90EC, 0xE0, 0x57 },  // 郬
    { 0x90ED, 0xB9, 0xF9 },  // 郭
    { 0x90EE, 0xE0, 0x58 },  // 郮
    { 0x90EF, 0xDB, 0xB0 },  // 郯
    { 0x90F0, 0xE0, 0x59 },  // 郰
    { 0x90F1, 0xE0, 0x5A },  // 郱
    { 0x90F2, 0xE0, 0x5B },  // 郲
    { 0x90F3, 0xE0, 0x5C },  // 郳
    { 0x90F4, 0xB3, 0xBB },  // 郴
    { 0x90F5, 0xE0, 0x5D },  // 郵
    { 0x90F6, 0xE0, 0x5E },  // 郶
    { 0x90F7, 0xE0, 0x5F },  // 郷
    { 0x90F8, 0xB5, 0xA6 },  // 郸
    { 0x90F9, 0xE0, 0x60 },  // 郹
    { 0x90FA, 0xE0, 0x61 },  // 郺
    { 0x90FB, 0xE0, 0x62 },  // 郻
    { 0x90FC, 0xE0, 0x63 },  // 郼
    { 0x90FD, 0xB6, 0xBC },  // 都
    { 0x90FE, 0xDB, 0xB1 },  // 郾
    { 0x90FF, 0xE0, 0x64 },  // 郿
    { 0x9100, 0xE0, 0x65 },  // 鄀
    { 0x9101, 0xE0, 0x66 },  // 鄁
    { 0x9102, 0xB6, 0xF5 },  // 鄂
    { 0x9103, 0xE0, 0x67 },  // 鄃
    { 0x9104, 0xDB, 0xB2 },  // 鄄
    { 0x9105, 0xE0, 0x68 },  // 鄅
    { 0x9106, 0xE0, 0x69 },  // 鄆
    { 0x9107, 0xE0, 0x6A },  // 鄇
    { 0x9108, 0xE0, 0x6B },  // 鄈
    { 0x9109, 0xE0, 0x6C },  // 鄉
    { 0x910A, 0xE0, 0x6D },  // 鄊
    { 0x910B, 0xE0, 0x6E },  // 鄋
    { 0x910C, 0xE0, 0x6F },  // 鄌
    { 0x910D, 0xE0, 0x70 },  // 鄍
    { 0x910E, 0xE0, 0x71 },  // 鄎
    { 0x910F, 0xE0, 0x72 },  // 鄏
    { 0x9110, 0xE0, 0x73 },  // 鄐
    { 0x9111, 0xE0, 0x74 },  // 鄑
    { 0x9112, 0xE0, 0x75 },  // 鄒
    { 0x9113, 0xE0, 0x76 },  // 鄓
    { 0x9114, 0xE0, 0x77 },  // 鄔
    { 0x9115, 0xE0, 0x78 },  // 鄕
    { 0x9116, 0xE0, 0x79 },  // 鄖
    { 0x9117, 0xE0, 0x7A },  // 鄗
    { 0x9118, 0xE0, 0x7B },  // 鄘
    { 0x9119, 0xB1, 0xC9 },  // 鄙
    { 0x911A, 0xE0, 0x7C },  // 鄚
    { 0x911B, 0xE0, 0x7D },  // 鄛
    { 0x911C, 0xE0, 0x7E },  // 鄜
    { 0x911D, 0xE0, 0x80 },  // 鄝
    { 0x911E, 0xDB, 0xB4 },  // 鄞
    { 0x911F, 0xE0, 0x81 },  // 鄟
    { 0x9120, 0xE0, 0x82 },  // 鄠
    { 0x9121, 0xE0, 0x83 },  // 鄡
    { 0x9122, 0xDB, 0xB3 },  // 鄢
    { 0x9123, 0xDB, 0xB5 },  // 鄣
    { 0x9124, 0xE0, 0x84 },  // 鄤
    { 0x9125, 0xE0, 0x85 },  // 鄥
    { 0x9126, 0xE0, 0x86 },  // 鄦
    { 0x9127, 0xE0, 0x87 },  // 鄧
    { 0x9128, 0xE0, 0x88 },  // 鄨
    { 0x9129, 0xE0, 0x89 },  // 鄩
    { 0x912A, 0xE0, 0x8A },  // 鄪
    { 0x912B, 0xE0, 0x8B },  // 鄫
    { 0x912C, 0xE0, 0x8C },  // 鄬
    { 0x912D, 0xE0, 0x8D },  // 鄭
    { 0x912E, 0xE0, 0x8E },  // 鄮
    { 0x912F, 0xDB, 0xB7 },  // 鄯
    { 0x9130, 0xE0, 0x8F },  // 鄰
    { 0x9131, 0xDB, 0xB6 },  // 鄱
    { 0x9132, 0xE0, 0x90 },  // 鄲
    { 0x9133, 0xE0, 0x91 },  // 鄳
    { 0x9134, 0xE0, 0x92 },  // 鄴
    { 0x9135, 0xE0, 0x93 },  // 鄵
    { 0x9136, 0xE0, 0x94 },  // 鄶
    { 0x9137, 0xE0, 0x95 },  // 鄷
    { 0x9138, 0xE0, 0x96 },  // 鄸
    { 0x9139, 0xDB, 0xB8 },  // 鄹
    { 0x913A, 0xE0, 0x97 },  // 鄺
    { 0x913B, 0xE0, 0x98 },  // 鄻
    { 0x913C, 0xE0, 0x99 },  // 鄼
    { 0x913D, 0xE0, 0x9A },  // 鄽
    { 0x913E, 0xE0, 0x9B },  // 鄾
    { 0x913F, 0xE0, 0x9C },  // 鄿
    { 0x9140, 0xE0, 0x9D },  // 酀
    { 0x9141, 0xE0, 0x9E },  // 酁
    { 0x9142, 0xE0, 0x9F },  // 酂
    { 0x9143, 0xDB, 0xB9 },  // 酃
    { 0x9144, 0xE0, 0xA0 },  // 酄
    { 0x9145, 0xE1, 0x40 },  // 酅
    { 0x9146, 0xDB, 0xBA },  // 酆
    { 0x9147, 0xE1, 0x41 },  // 酇
    { 0x9148, 0xE1, 0x42 },  // 酈
    { 0x9149, 0xD3, 0xCF },  // 酉
    { 0x914A, 0xF4, 0xFA },  // 酊
    { 0x914B, 0xC7, 0xF5 },  // 酋
    { 0x914C, 0xD7, 0xC3 },  // 酌
    { 0x914D, 0xC5, 0xE4 },  // 配
    { 0x914E, 0xF4, 0xFC },  // 酎
    { 0x914F, 0xF4, 0xFD },  // 酏
    { 0x9150, 0xF4, 0xFB },  // 酐
    { 0x9151, 0xE1, 0x43 },  // 酑
    { 0x9152, 0xBE, 0xC6 },  // 酒
    { 0x9153, 0xE1, 0x44 },  // 酓
    { 0x9154, 0xE1, 0x45 },  // 酔
    { 0x9155, 0xE1, 0x46 },  // 酕
    { 0x9156, 0xE1, 0x47 },  // 酖
    { 0x9157, 0xD0, 0xEF },  // 酗
    { 0x9158, 0xE1, 0x48 },  // 酘
    { 0x9159, 0xE1, 0x49 },  // 酙
    { 0x915A, 0xB7, 0xD3 },  // 酚
    { 0x915B, 0xE1, 0x4A },  // 酛
    { 0x915C, 0xE1, 0x4B },  // 酜
    { 0x915D, 0xD4, 0xCD },  // 酝
    { 0x915E, 0xCC, 0xAA },  // 酞
    { 0x915F, 0xE1, 0x4C },  // 酟
    { 0x9160, 0xE1, 0x4D },  // 酠
    { 0x9161, 0xF5, 0xA2 },  // 酡
    { 0x9162, 0xF5, 0xA1 },  // 酢
    { 0x9163, 0xBA, 0xA8 },  // 酣
    { 0x9164, 0xF4, 0xFE },  // 酤
    { 0x9165, 0xCB, 0xD6 },  // 酥
    { 0x9166, 0xE1, 0x4E },  // 酦
    { 0x9167, 0xE1, 0x4F },  // 酧
    { 0x9168, 0xE1, 0x50 },  // 酨
    { 0x9169, 0xF5, 0xA4 },  // 酩
    { 0x916A, 0xC0, 0xD2 },  // 酪
    { 0x916B, 0xE1, 0x51 },  // 酫
    { 0x916C, 0xB3, 0xEA },  // 酬
    { 0x916D, 0xE1, 0x52 },  // 酭
    { 0x916E, 0xCD, 0xAA },  // 酮
    { 0x916F, 0xF5, 0xA5 },  // 酯
    { 0x9170, 0xF5, 0xA3 },  // 酰
    { 0x9171, 0xBD, 0xB4 },  // 酱
    { 0x9172, 0xF5, 0xA8 },  // 酲
    { 0x9173, 0xE1, 0x53 },  // 酳
    { 0x9174, 0xF5, 0xA9 },  // 酴
    { 0x9175, 0xBD, 0xCD },  // 酵
    { 0x9176, 0xC3, 0xB8 },  // 酶
    { 0x9177, 0xBF, 0xE1 },  // 酷
    { 0x9178, 0xCB, 0xE1 },  // 酸
    { 0x9179, 0xF5, 0xAA },  // 酹
    { 0x917A, 0xE1, 0x54 },  // 酺
    { 0x917B, 0xE1, 0x55 },  // 酻
    { 0x917C, 0xE1, 0x56 },  // 酼
    { 0x917D, 0xF5, 0xA6 },  // 酽
    { 0x917E, 0xF5, 0xA7 },  // 酾
    { 0x917F, 0xC4, 0xF0 },  // 酿
    { 0x9180, 0xE1, 0x57 },  // 醀
    { 0x9181, 0xE1, 0x58 },  // 醁
    { 0x9182, 0xE1, 0x59 },  // 醂
    { 0x9183, 0xE1, 0x5A },  // 醃
    { 0x9184, 0xE1, 0x5B },  // 醄
    { 0x9185, 0xF5, 0xAC },  // 醅
    { 0x9186, 0xE1, 0x5C },  // 醆
    { 0x9187, 0xB4, 0xBC },  // 醇
    { 0x9188, 0xE1, 0x5D },  // 醈
    { 0x9189, 0xD7, 0xED },  // 醉
    { 0x918A, 0xE1, 0x5E },  // 醊
    { 0x918B, 0xB4, 0xD7 },  // 醋
    { 0x918C, 0xF5, 0xAB },  // 醌
    { 0x918D, 0xF5, 0xAE },  // 醍
    { 0x918E, 0xE1, 0x5F },  // 醎
    { 0x918F, 0xE1, 0x60 },  // 醏
    { 0x9190, 0xF5, 0xAD },  // 醐
    { 0x9191, 0xF5, 0xAF },  // 醑
    { 0x9192, 0xD0, 0xD1 },  // 醒
    { 0x9193, 0xE1, 0x61 },  // 醓
    { 0x9194, 0xE1, 0x62 },  // 醔
    { 0x9195, 0xE1, 0x63 },  // 醕
    { 0x9196, 0xE1, 0x64 },  // 醖
    { 0x9197, 0xE1, 0x65 },  // 醗
    { 0x9198, 0xE1, 0x66 },  // 醘
    { 0x9199, 0xE1, 0x67 },  // 醙
    { 0x919A, 0xC3, 0xD1 },  // 醚
    { 0x919B, 0xC8, 0xA9 },  // 醛
    { 0x919C, 0xE1, 0x68 },  // 醜
    { 0x919D, 0xE1, 0x69 },  // 醝
    { 0x919E, 0xE1, 0x6A },  // 醞
    { 0x919F, 0xE1, 0x6B },  // 醟
    { 0x91A0, 0xE1, 0x6C },  // 醠
    { 0x91A1, 0xE1, 0x6D },  // 醡
    { 0x91A2, 0xF5, 0xB0 },  // 醢
    { 0x91A3, 0xF5, 0xB1 },  // 醣
    { 0x91A4, 0xE1, 0x6E },  // 醤
    { 0x91A5, 0xE1, 0x6F },  // 醥
    { 0x91A6, 0xE1, 0x70 },  // 醦
    { 0x91A7, 0xE1, 0x71 },  // 醧
    { 0x91A8, 0xE1, 0x72 },  // 醨
    { 0x91A9, 0xE1, 0x73 },  // 醩
    { 0x91AA, 0xF5, 0xB2 },  // 醪
    { 0x91AB, 0xE1, 0x74 },  // 醫
    { 0x91AC, 0xE1, 0x75 },  // 醬
    { 0x91AD, 0xF5, 0xB3 },  // 醭
    { 0x91AE, 0xF5, 0xB4 },  // 醮
    { 0x91AF, 0xF5, 0xB5 },  // 醯
    { 0x91B0, 0xE1, 0x76 },  // 醰
    { 0x91B1, 0xE1, 0x77 },  // 醱
    { 0x91B2, 0xE1, 0x78 },  // 醲
    { 0x91B3, 0xE1, 0x79 },  // 醳
    { 0x91B4, 0xF5, 0xB7 },  // 醴
    { 0x91B5, 0xF5, 0xB6 },  // 醵
    { 0x91B6, 0xE1, 0x7A },  // 醶
    { 0x91B7, 0xE1, 0x7B },  // 醷
    { 0x91B8, 0xE1, 0x7C },  // 醸
    { 0x91B9, 0xE1, 0x7D },  // 醹
    { 0x91BA, 0xF5, 0xB8 },  // 醺
    { 0x91BB, 0xE1, 0x7E },  // 醻
    { 0x91BC, 0xE1, 0x80 },  // 醼
    { 0x91BD, 0xE1, 0x81 },  // 醽
    { 0x91BE, 0xE1, 0x82 },  // 醾
    { 0x91BF, 0xE1, 0x83 },  // 醿
    { 0x91C0, 0xE1, 0x84 },  // 釀
    { 0x91C1, 0xE1, 0x85 },  // 釁
    { 0x91C2, 0xE1, 0x86 },  // 釂
    { 0x91C3, 0xE1, 0x87 },  // 釃
    { 0x91C4, 0xE1, 0x88 },  // 釄
    { 0x91C5, 0xE1, 0x89 },  // 釅
    { 0x91C6, 0xE1, 0x8A },  // 釆
    { 0x91C7, 0xB2, 0xC9 },  // 采
    { 0x91C8, 0xE1, 0x8B },  // 釈
    { 0x91C9, 0xD3, 0xD4 },  // 釉
    { 0x91CA, 0xCA, 0xCD },  // 释
    { 0x91CB, 0xE1, 0x8C },  // 釋
    { 0x91CC, 0xC0, 0xEF },  // 里
    { 0x91CD, 0xD6, 0xD8 },  // 重
    { 0x91CE, 0xD2, 0xB0 },  // 野
    { 0x91CF, 0xC1, 0xBF },  // 量
    { 0x91D0, 0xE1, 0x8D },  // 釐
    { 0x91D1, 0xBD, 0xF0 },  // 金
    { 0x91D2, 0xE1, 0x8E },  // 釒
    { 0x91D3, 0xE1, 0x8F },  // 釓
    { 0x91D4, 0xE1, 0x90 },  // 釔
    { 0x91D5, 0xE1, 0x91 },  // 釕
    { 0x91D6, 0xE1, 0x92 },  // 釖
    { 0x91D7, 0xE1, 0x93 },  // 釗
    { 0x91D8, 0xE1, 0x94 },  // 釘
    { 0x91D9, 0xE1, 0x95 },  // 釙
    { 0x91DA, 0xE1, 0x96 },  // 釚
    { 0x91DB, 0xE1, 0x97 },  // 釛
    { 0x91DC, 0xB8, 0xAA },  // 釜
    { 0x91DD, 0xE1, 0x98 },  // 針
    { 0x91DE, 0xE1, 0x99 },  // 釞
    { 0x91DF, 0xE1, 0x9A },  // 釟
    { 0x91E0, 0xE1, 0x9B },  // 釠
    { 0x91E1, 0xE1, 0x9C },  // 釡
    { 0x91E2, 0xE1, 0x9D },  // 釢
    { 0x91E3, 0xE1, 0x9E },  // 釣
    { 0x91E4, 0xE1, 0x9F },  // 釤
    { 0x91E5, 0xE1, 0xA0 },  // 釥
    { 0x91E6, 0xE2, 0x40 },  // 釦
    { 0x91E7, 0xE2, 0x41 },  // 釧
    { 0x91E8, 0xE2, 0x42 },  // 釨
    { 0x91E9, 0xE2, 0x43 },  // 釩
    { 0x91EA, 0xE2, 0x44 },  // 釪
    { 0x91EB, 0xE2, 0x45 },  // 釫
    { 0x91EC, 0xE2, 0x46 },  // 釬
    { 0x91ED, 0xE2, 0x47 },  // 釭
    { 0x91EE, 0xE2, 0x48 },  // 釮
    { 0x91EF, 0xE2, 0x49 },  // 釯
    { 0x91F0, 0xE2, 0x4A },  // 釰
    { 0x91F1, 0xE2, 0x4B },  // 釱
    { 0x91F2, 0xE2, 0x4C },  // 釲
    { 0x91F3, 0xE2, 0x4D },  // 釳
    { 0x91F4, 0xE2, 0x4E },  // 釴
    { 0x91F5, 0xE2, 0x4F },  // 釵
    { 0x91F6, 0xE2, 0x50 },  // 釶
    { 0x91F7, 0xE2, 0x51 },  // 釷
    { 0x91F8, 0xE2, 0x52 },  // 釸
    { 0x91F9, 0xE2, 0x53 },  // 釹
    { 0x91FA, 0xE2, 0x54 },  // 釺
    { 0x91FB, 0xE2, 0x55 },  // 釻
    { 0x91FC, 0xE2, 0x56 },  // 釼
    { 0x91FD, 0xE2, 0x57 },  // 釽
    { 0x91FE, 0xE2, 0x58 },  // 釾
    { 0x91FF, 0xE2, 0x59 },  // 釿
    { 0x9200, 0xE2, 0x5A },  // 鈀
    { 0x9201, 0xE2, 0x5B },  // 鈁
    { 0x9202, 0xE2, 0x5C },  // 鈂
    { 0x9203, 0xE2, 0x5D },  // 鈃
    { 0x9204, 0xE2, 0x5E },  // 鈄
    { 0x9205, 0xE2, 0x5F },  // 鈅
    { 0x9206, 0xE2, 0x60 },  // 鈆
    { 0x9207, 0xE2, 0x61 },  // 鈇
    { 0x9208, 0xE2, 0x62 },  // 鈈
    { 0x9209, 0xE2, 0x63 },  // 鈉
    { 0x920A, 0xE2, 0x64 },  // 鈊
    { 0x920B, 0xE2, 0x65 },  // 鈋
    { 0x920C, 0xE2, 0x66 },  // 鈌
    { 0x920D, 0xE2, 0x67 },  // 鈍
    { 0x920E, 0xE2, 0x68 },  // 鈎
    { 0x920F, 0xE2, 0x69 },  // 鈏
    { 0x9210, 0xE2, 0x6A },  // 鈐
    { 0x9211, 0xE2, 0x6B },  // 鈑
    { 0x9212, 0xE2, 0x6C },  // 鈒
    { 0x9213, 0xE2, 0x6D },  // 鈓
    { 0x9214, 0xE2, 0x6E },  // 鈔
    { 0x9215, 0xE2, 0x6F },  // 鈕
    { 0x9216, 0xE2, 0x70 },  // 鈖
    { 0x9217, 0xE2, 0x71 },  // 鈗
    { 0x9218, 0xE2, 0x72 },  // 鈘
    { 0x9219, 0xE2, 0x73 },  // 鈙
    { 0x921A, 0xE2, 0x74 },  // 鈚
    { 0x921B, 0xE2, 0x75 },  // 鈛
    { 0x921C, 0xE2, 0x76 },  // 鈜
    { 0x921D, 0xE2, 0x77 },  // 鈝
    { 0x921E, 0xE2, 0x78 },  // 鈞
    { 0x921F, 0xE2, 0x79 },  // 鈟
    { 0x9220, 0xE2, 0x7A },  // 鈠
    { 0x9221, 0xE2, 0x7B },  // 鈡
    { 0x9222, 0xE2, 0x7C },  // 鈢
    { 0x9223, 0xE2, 0x7D },  // 鈣
    { 0x9224, 0xE2, 0x7E },  // 鈤
    { 0x9225, 0xE2, 0x80 },  // 鈥
    { 0x9226, 0xE2, 0x81 },  // 鈦
    { 0x9227, 0xE2, 0x82 },  // 鈧
    { 0x9228, 0xE2, 0x83 },  // 鈨
    { 0x9229, 0xE2, 0x84 },  // 鈩
    { 0x922A, 0xE2, 0x85 },  // 鈪
    { 0x922B, 0xE2, 0x86 },  // 鈫
    { 0x922C, 0xE2, 0x87 },  // 鈬
    { 0x922D, 0xE2, 0x88 },  // 鈭
    { 0x922E, 0xE2, 0x89 },  // 鈮
    { 0x922F, 0xE2, 0x8A },  // 鈯
    { 0x9230, 0xE2, 0x8B },  // 鈰
    { 0x9231, 0xE2, 0x8C },  // 鈱
    { 0x9232, 0xE2, 0x8D },  // 鈲
    { 0x9233, 0xE2, 0x8E },  // 鈳
    { 0x9234, 0xE2, 0x8F },  // 鈴
    { 0x9235, 0xE2, 0x90 },  // 鈵
    { 0x9236, 0xE2, 0x91 },  // 鈶
    { 0x9237, 0xE2, 0x92 },  // 鈷
    { 0x9238, 0xE2, 0x93 },  // 鈸
    { 0x9239, 0xE2, 0x94 },  // 鈹
    { 0x923A, 0xE2, 0x95 },  // 鈺
    { 0x923B, 0xE2, 0x96 },  // 鈻
    { 0x923C, 0xE2, 0x97 },  // 鈼
    { 0x923D, 0xE2, 0x98 },  // 鈽
    { 0x923E, 0xE2, 0x99 },  // 鈾
    { 0x923F, 0xE2, 0x9A },  // 鈿
    { 0x9240, 0xE2, 0x9B },  // 鉀
    { 0x9241, 0xE2, 0x9C },  // 鉁
    { 0x9242, 0xE2, 0x9D },  // 鉂
    { 0x9243, 0xE2, 0x9E },  // 鉃
    { 0x9244, 0xE2, 0x9F },  // 鉄
    { 0x9245, 0xE2, 0xA0 },  // 鉅
    { 0x9246, 0xE3, 0x40 },  // 鉆
    { 0x9247, 0xE3, 0x41 },  // 鉇
    { 0x9248, 0xE3, 0x42 },  // 鉈
    { 0x9249, 0xE3, 0x43 },  // 鉉
    { 0x924A, 0xE3, 0x44 },  // 鉊
    { 0x924B, 0xE3, 0x45 },  // 鉋
    { 0x924C, 0xE3, 0x46 },  // 鉌
    { 0x924D, 0xE3, 0x47 },  // 鉍
    { 0x924E, 0xE3, 0x48 },  // 鉎
    { 0x924F, 0xE3, 0x49 },  // 鉏
    { 0x9250, 0xE3, 0x4A },  // 鉐
    { 0x9251, 0xE3, 0x4B },  // 鉑
    { 0x9252, 0xE3, 0x4C },  // 鉒
    { 0x9253, 0xE3, 0x4D },  // 鉓
    { 0x9254, 0xE3, 0x4E },  // 鉔
    { 0x9255, 0xE3, 0x4F },  // 鉕
    { 0x9256, 0xE3, 0x50 },  // 鉖
    { 0x9257, 0xE3, 0x51 },  // 鉗
    { 0x9258, 0xE3, 0x52 },  // 鉘
    { 0x9259, 0xE3, 0x53 },  // 鉙
    { 0x925A, 0xE3, 0x54 },  // 鉚
    { 0x925B, 0xE3, 0x55 },  // 鉛
    { 0x925C, 0xE3, 0x56 },  // 鉜
    { 0x925D, 0xE3, 0x57 },  // 鉝
    { 0x925E, 0xE3, 0x58 },  // 鉞
    { 0x925F, 0xE3, 0x59 },  // 鉟
    { 0x9260, 0xE3, 0x5A },  // 鉠
    { 0x9261, 0xE3, 0x5B },  // 鉡
    { 0x9262, 0xE3, 0x5C },  // 鉢
    { 0x9263, 0xE3, 0x5D },  // 鉣
    { 0x9264, 0xE3, 0x5E },  // 鉤
    { 0x9265, 0xE3, 0x5F },  // 鉥
    { 0x9266, 0xE3, 0x60 },  // 鉦
    { 0x9267, 0xE3, 0x61 },  // 鉧
    { 0x9268, 0xE3, 0x62 },  // 鉨
    { 0x9269, 0xE3, 0x63 },  // 鉩
    { 0x926A, 0xE3, 0x64 },  // 鉪
    { 0x926B, 0xE3, 0x65 },  // 鉫
    { 0x926C, 0xE3, 0x66 },  // 鉬
    { 0x926D, 0xE3, 0x67 },  // 鉭
    { 0x926E, 0xE3, 0x68 },  // 鉮
    { 0x926F, 0xE3, 0x69 },  // 鉯
    { 0x9270, 0xE3, 0x6A },  // 鉰
    { 0x9271, 0xE3, 0x6B },  // 鉱
    { 0x9272, 0xE3, 0x6C },  // 鉲
    { 0x9273, 0xE3, 0x6D },  // 鉳
    { 0x9274, 0xBC, 0xF8 },  // 鉴
    { 0x9275, 0xE3, 0x6E },  // 鉵
    { 0x9276, 0xE3, 0x6F },  // 鉶
    { 0x9277, 0xE3, 0x70 },  // 鉷
    { 0x9278, 0xE3, 0x71 },  // 鉸
    { 0x9279, 0xE3, 0x72 },  // 鉹
    { 0x927A, 0xE3, 0x73 },  // 鉺
    { 0x927B, 0xE3, 0x74 },  // 鉻
    { 0x927C, 0xE3, 0x75 },  // 鉼
    { 0x927D, 0xE3, 0x76 },  // 鉽
    { 0x927E, 0xE3, 0x77 },  // 鉾
    { 0x927F, 0xE3, 0x78 },  // 鉿
    { 0x9280, 0xE3, 0x79 },  // 銀
    { 0x9281, 0xE3, 0x7A },  // 銁
    { 0x9282, 0xE3, 0x7B },  // 銂
    { 0x9283, 0xE3, 0x7C },  // 銃
    { 0x9284, 0xE3, 0x7D },  // 銄
    { 0x9285, 0xE3, 0x7E },  // 銅
    { 0x9286, 0xE3, 0x80 },  // 銆
    { 0x9287, 0xE3, 0x81 },  // 銇
    { 0x9288, 0xE3, 0x82 },  // 銈
    { 0x9289, 0xE3, 0x83 },  // 銉
    { 0x928A, 0xE3, 0x84 },  // 銊
    { 0x928B, 0xE3, 0x85 },  // 銋
    { 0x928C, 0xE3, 0x86 },  // 銌
    { 0x928D, 0xE3, 0x87 },  // 銍
    { 0x928E, 0xF6, 0xC6 },  // 銎
    { 0x928F, 0xE3, 0x88 },  // 銏
    { 0x9290, 0xE3, 0x89 },  // 銐
    { 0x9291, 0xE3, 0x8A },  // 銑
    { 0x9292, 0xE3, 0x8B },  // 銒
    { 0x9293, 0xE3, 0x8C },  // 銓
    { 0x9294, 0xE3, 0x8D },  // 銔
    { 0x9295, 0xE3, 0x8E },  // 銕
    { 0x9296, 0xE3, 0x8F },  // 銖
    { 0x9297, 0xE3, 0x90 },  // 銗
    { 0x9298, 0xE3, 0x91 },  // 銘
    { 0x9299, 0xE3, 0x92 },  // 銙
    { 0x929A, 0xE3, 0x93 },  // 銚
    { 0x929B, 0xE3, 0x94 },  // 銛
    { 0x929C, 0xE3, 0x95 },  // 銜
    { 0x929D, 0xE3, 0x96 },  // 銝
    { 0x929E, 0xE3, 0x97 },  // 銞
    { 0x929F, 0xE3, 0x98 },  // 銟
    { 0x92A0, 0xE3, 0x99 },  // 銠
    { 0x92A1, 0xE3, 0x9A },  // 銡
    { 0x92A2, 0xE3, 0x9B },  // 銢
    { 0x92A3, 0xE3, 0x9C },  // 銣
    { 0x92A4, 0xE3, 0x9D },  // 銤
    { 0x92A5, 0xE3, 0x9E },  // 銥
    { 0x92A6, 0xE3, 0x9F },  // 銦
    { 0x92A7, 0xE3, 0xA0 },  // 銧
    { 0x92A8, 0xE4, 0x40 },  // 銨
    { 0x92A9, 0xE4, 0x41 },  // 銩
    { 0x92AA, 0xE4, 0x42 },  // 銪
    { 0x92AB, 0xE4, 0x43 },  // 銫
    { 0x92AC, 0xE4, 0x44 },  // 銬
    { 0x92AD, 0xE4, 0x45 },  // 銭
    { 0x92AE, 0xF6, 0xC7 },  // 銮
    { 0x92AF, 0xE4, 0x46 },  // 銯
    { 0x92B0, 0xE4, 0x47 },  // 銰
    { 0x92B1, 0xE4, 0x48 },  // 銱
    { 0x92B2, 0xE4, 0x49 },  // 銲
    { 0x92B3, 0xE4, 0x4A },  // 銳
    { 0x92B4, 0xE4, 0x4B },  // 銴
    { 0x92B5, 0xE4, 0x4C },  // 銵
    { 0x92B6, 0xE4, 0x4D },  // 銶
    { 0x92B7, 0xE4, 0x4E },  // 銷
    { 0x92B8, 0xE4, 0x4F },  // 銸
    { 0x92B9, 0xE4, 0x50 },  // 銹
    { 0x92BA, 0xE4, 0x51 },  // 銺
    { 0x92BB, 0xE4, 0x52 },  // 銻
    { 0x92BC, 0xE4, 0x53 },  // 銼
    { 0x92BD, 0xE4, 0x54 },  // 銽
    { 0x92BE, 0xE4, 0x55 },  // 銾
    { 0x92BF, 0xE4, 0x56 },  // 銿
    { 0x92C0, 0xE4, 0x57 },  // 鋀
    { 0x92C1, 0xE4, 0x58 },  // 鋁
    { 0x92C2, 0xE4, 0x59 },  // 鋂
    { 0x92C3, 0xE4, 0x5A },  // 鋃
    { 0x92C4, 0xE4, 0x5B },  // 鋄
    { 0x92C5, 0xE4, 0x5C },  // 鋅
    { 0x92C6, 0xE4, 0x5D },  // 鋆
    { 0x92C7, 0xE4, 0x5E },  // 鋇
    { 0x92C8, 0xF6, 0xC8 },  // 鋈
    { 0x92C9, 0xE4, 0x5F },  // 鋉
    { 0x92CA, 0xE4, 0x60 },  // 鋊
    { 0x92CB, 0xE4, 0x61 },  // 鋋
    { 0x92CC, 0xE4, 0x62 },  // 鋌
    { 0x92CD, 0xE4, 0x63 },  // 鋍
    { 0x92CE, 0xE4, 0x64 },  // 鋎
    { 0x92CF, 0xE4, 0x65 },  // 鋏
    { 0x92D0, 0xE4, 0x66 },  // 鋐
    { 0x92D1, 0xE4, 0x67 },  // 鋑
    { 0x92D2, 0xE4, 0x68 },  // 鋒
    { 0x92D3, 0xE4, 0x69 },  // 鋓
    { 0x92D4, 0xE4, 0x6A },  // 鋔
    { 0x92D5, 0xE4, 0x6B },  // 鋕
    { 0x92D6, 0xE4, 0x6C },  // 鋖
    { 0x92D7, 0xE4, 0x6D },  // 鋗
    { 0x92D8, 0xE4, 0x6E },  // 鋘
    { 0x92D9, 0xE4, 0x6F },  // 鋙
    { 0x92DA, 0xE4, 0x70 },  // 鋚
    { 0x92DB, 0xE4, 0x71 },  // 鋛
    { 0x92DC, 0xE4, 0x72 },  // 鋜
    { 0x92DD, 0xE4, 0x73 },  // 鋝
    { 0x92DE, 0xE4, 0x74 },  // 鋞
    { 0x92DF, 0xE4, 0x75 },  // 鋟
    { 0x92E0, 0xE4, 0x76 },  // 鋠
    { 0x92E1, 0xE4, 0x77 },  // 鋡
    { 0x92E2, 0xE4, 0x78 },  // 鋢
    { 0x92E3, 0xE4, 0x79 },  // 鋣
    { 0x92E4, 0xE4, 0x7A },  // 鋤
    { 0x92E5, 0xE4, 0x7B },  // 鋥
    { 0x92E6, 0xE4, 0x7C },  // 鋦
    { 0x92E7, 0xE4, 0x7D },  // 鋧
    { 0x92E8, 0xE4, 0x7E },  // 鋨
    { 0x92E9, 0xE4, 0x80 },  // 鋩
    { 0x92EA, 0xE4, 0x81 },  // 鋪
    { 0x92EB, 0xE4, 0x82 },  // 鋫
    { 0x92EC, 0xE4, 0x83 },  // 鋬
    { 0x92ED, 0xE4, 0x84 },  // 鋭
    { 0x92EE, 0xE4, 0x85 },  // 鋮
    { 0x92EF, 0xE4, 0x86 },  // 鋯
    { 0x92F0, 0xE4, 0x87 },  // 鋰
    { 0x92F1, 0xE4, 0x88 },  // 鋱
    { 0x92F2, 0xE4, 0x89 },  // 鋲
    { 0x92F3, 0xE4, 0x8A },  // 鋳
    { 0x92F4, 0xE4, 0x8B },  // 鋴
    { 0x92F5, 0xE4, 0x8C },  // 鋵
    { 0x92F6, 0xE4, 0x8D },  // 鋶
    { 0x92F7, 0xE4, 0x8E },  // 鋷
    { 0x92F8, 0xE4, 0x8F },  // 鋸
    { 0x92F9, 0xE4, 0x90 },  // 鋹
    { 0x92FA, 0xE4, 0x91 },  // 鋺
    { 0x92FB, 0xE4, 0x92 },  // 鋻
    { 0x92FC, 0xE4, 0x93 },  // 鋼
    { 0x92FD, 0xE4, 0x94 },  // 鋽
    { 0x92FE, 0xE4, 0x95 },  // 鋾
    { 0x92FF, 0xE4, 0x96 },  // 鋿
    { 0x9300, 0xE4, 0x97 },  // 錀
    { 0x9301, 0xE4, 0x98 },  // 錁
    { 0x9302, 0xE4, 0x99 },  // 錂
    { 0x9303, 0xE4, 0x9A },  // 錃
    { 0x9304, 0xE4, 0x9B },  // 錄
    { 0x9305, 0xE4, 0x9C },  // 錅
    { 0x9306, 0xE4, 0x9D },  // 錆
    { 0x9307, 0xE4, 0x9E },  // 錇
    { 0x9308, 0xE4, 0x9F },  // 錈
    { 0x9309, 0xE4, 0xA0 },  // 錉
    { 0x930A, 0xE5, 0x40 },  // 錊
    { 0x930B, 0xE5, 0x41 },  // 錋
    { 0x930C, 0xE5, 0x42 },  // 錌
    { 0x930D, 0xE5, 0x43 },  // 錍
    { 0x930E, 0xE5, 0x44 },  // 錎
    { 0x930F, 0xE5, 0x45 },  // 錏
    { 0x9310, 0xE5, 0x46 },  // 錐
    { 0x9311, 0xE5, 0x47 },  // 錑
    { 0x9312, 0xE5, 0x48 },  // 錒
    { 0x9313, 0xE5, 0x49 },  // 錓
    { 0x9314, 0xE5, 0x4A },  // 錔
    { 0x9315, 0xE5, 0x4B },  // 錕
    { 0x9316, 0xE5, 0x4C },  // 錖
    { 0x9317, 0xE5, 0x4D },  // 錗
    { 0x9318, 0xE5, 0x4E },  // 錘
    { 0x9319, 0xE5, 0x4F },  // 錙
    { 0x931A, 0xE5, 0x50 },  // 錚
    { 0x931B, 0xE5, 0x51 },  // 錛
    { 0x931C, 0xE5, 0x52 },  // 錜
    { 0x931D, 0xE5, 0x53 },  // 錝
    { 0x931E, 0xE5, 0x54 },  // 錞
    { 0x931F, 0xE5, 0x55 },  // 錟
    { 0x9320, 0xE5, 0x56 },  // 錠
    { 0x9321, 0xE5, 0x57 },  // 錡
    { 0x9322, 0xE5, 0x58 },  // 錢
    { 0x9323, 0xE5, 0x59 },  // 錣
    { 0x9324, 0xE5, 0x5A },  // 錤
    { 0x9325, 0xE5, 0x5B },  // 錥
    { 0x9326, 0xE5, 0x5C },  // 錦
    { 0x9327, 0xE5, 0x5D },  // 錧
    { 0x9328, 0xE5, 0x5E },  // 錨
    { 0x9329, 0xE5, 0x5F },  // 錩
    { 0x932A, 0xE5, 0x60 },  // 錪
    { 0x932B, 0xE5, 0x61 },  // 錫
    { 0x932C, 0xE5, 0x62 },  // 錬
    { 0x932D, 0xE5, 0x63 },  // 錭
    { 0x932E, 0xE5, 0x64 },  // 錮
    { 0x932F, 0xE5, 0x65 },  // 錯
    { 0x9330, 0xE5, 0x66 },  // 錰
    { 0x9331, 0xE5, 0x67 },  // 錱
    { 0x9332, 0xE5, 0x68 },  // 録
    { 0x9333, 0xE5, 0x69 },  // 錳
    { 0x9334, 0xE5, 0x6A },  // 錴
    { 0x9335, 0xE5, 0x6B },  // 錵
    { 0x9336, 0xE5, 0x6C },  // 錶
    { 0x9337, 0xE5, 0x6D },  // 錷
    { 0x9338, 0xE5, 0x6E },  // 錸
    { 0x9339, 0xE5, 0x6F },  // 錹
    { 0x933A, 0xE5, 0x70 },  // 錺
    { 0x933B, 0xE5, 0x71 },  // 錻
    { 0x933C, 0xE5, 0x72 },  // 錼
    { 0x933D, 0xE5, 0x73 },  // 錽
    { 0x933E, 0xF6, 0xC9 },  // 錾
    { 0x933F, 0xE5, 0x74 },  // 錿
    { 0x9340, 0xE5, 0x75 },  // 鍀
    { 0x9341, 0xE5, 0x76 },  // 鍁
    { 0x9342, 0xE5, 0x77 },  // 鍂
    { 0x9343, 0xE5, 0x78 },  // 鍃
    { 0x9344, 0xE5, 0x79 },  // 鍄
    { 0x9345, 0xE5, 0x7A },  // 鍅
    { 0x9346, 0xE5, 0x7B },  // 鍆
    { 0x9347, 0xE5, 0x7C },  // 鍇
    { 0x9348, 0xE5, 0x7D },  // 鍈
    { 0x9349, 0xE5, 0x7E },  // 鍉
    { 0x934A, 0xE5, 0x80 },  // 鍊
    { 0x934B, 0xE5, 0x81 },  // 鍋
    { 0x934C, 0xE5, 0x82 },  // 鍌
    { 0x934D, 0xE5, 0x83 },  // 鍍
    { 0x934E, 0xE5, 0x84 },  // 鍎
    { 0x934F, 0xE5, 0x85 },  // 鍏
    { 0x9350, 0xE5, 0x86 },  // 鍐
    { 0x9351, 0xE5, 0x87 },  // 鍑
    { 0x9352, 0xE5, 0x88 },  // 鍒
    { 0x9353, 0xE5, 0x89 },  // 鍓
    { 0x9354, 0xE5, 0x8A },  // 鍔
    { 0x9355, 0xE5, 0x8B },  // 鍕
    { 0x9356, 0xE5, 0x8C },  // 鍖
    { 0x9357, 0xE5, 0x8D },  // 鍗
    { 0x9358, 0xE5, 0x8E },  // 鍘
    { 0x9359, 0xE5, 0x8F },  // 鍙
    { 0x935A, 0xE5, 0x90 },  // 鍚
    { 0x935B, 0xE5, 0x91 },  // 鍛
    { 0x935C, 0xE5, 0x92 },  // 鍜
    { 0x935D, 0xE5, 0x93 },  // 鍝
    { 0x935E, 0xE5, 0x94 },  // 鍞
    { 0x935F, 0xE5, 0x95 },  // 鍟
    { 0x9360, 0xE5, 0x96 },  // 鍠
    { 0x9361, 0xE5, 0x97 },  // 鍡
    { 0x9362, 0xE5, 0x98 },  // 鍢
    { 0x9363, 0xE5, 0x99 },  // 鍣
    { 0x9364, 0xE5, 0x9A },  // 鍤
    { 0x9365, 0xE5, 0x9B },  // 鍥
    { 0x9366, 0xE5, 0x9C },  // 鍦
    { 0x9367, 0xE5, 0x9D },  // 鍧
    { 0x9368, 0xE5, 0x9E },  // 鍨
    { 0x9369, 0xE5, 0x9F },  // 鍩
    { 0x936A, 0xF6, 0xCA },  // 鍪
    { 0x936B, 0xE5, 0xA0 },  // 鍫
    { 0x936C, 0xE6, 0x40 },  // 鍬
    { 0x936D, 0xE6, 0x41 },  // 鍭
    { 0x936E, 0xE6, 0x42 },  // 鍮
    { 0x936F, 0xE6, 0x43 },  // 鍯
    { 0x9370, 0xE6, 0x44 },  // 鍰
    { 0x9371, 0xE6, 0x45 },  // 鍱
    { 0x9372, 0xE6, 0x46 },  // 鍲
    { 0x9373, 0xE6, 0x47 },  // 鍳
    { 0x9374, 0xE6, 0x48 },  // 鍴
    { 0x9375, 0xE6, 0x49 },  // 鍵
    { 0x9376, 0xE6, 0x4A },  // 鍶
    { 0x9377, 0xE6, 0x4B },  // 鍷
    { 0x9378, 0xE6, 0x4C },  // 鍸
    { 0x9379, 0xE6, 0x4D },  // 鍹
    { 0x937A, 0xE6, 0x4E },  // 鍺
    { 0x937B, 0xE6, 0x4F },  // 鍻
    { 0x937C, 0xE6, 0x50 },  // 鍼
    { 0x937D, 0xE6, 0x51 },  // 鍽
    { 0x937E, 0xE6, 0x52 },  // 鍾
    { 0x937F, 0xE6, 0x53 },  // 鍿
    { 0x9380, 0xE6, 0x54 },  // 鎀
    { 0x9381, 0xE6, 0x55 },  // 鎁
    { 0x9382, 0xE6, 0x56 },  // 鎂
    { 0x9383, 0xE6, 0x57 },  // 鎃
    { 0x9384, 0xE6, 0x58 },  // 鎄
    { 0x9385, 0xE6, 0x59 },  // 鎅
    { 0x9386, 0xE6, 0x5A },  // 鎆
    { 0x9387, 0xE6, 0x5B },  // 鎇
    { 0x9388, 0xE6, 0x5C },  // 鎈
    { 0x9389, 0xE6, 0x5D },  // 鎉
    { 0x938A, 0xE6, 0x5E },  // 鎊
    { 0x938B, 0xE6, 0x5F },  // 鎋
    { 0x938C, 0xE6, 0x60 },  // 鎌
    { 0x938D, 0xE6, 0x61 },  // 鎍
    { 0x938E, 0xE6, 0x62 },  // 鎎
    { 0x938F, 0xF6, 0xCC },  // 鎏
    { 0x9390, 0xE6, 0x63 },  // 鎐
    { 0x9391, 0xE6, 0x64 },  // 鎑
    { 0x9392, 0xE6, 0x65 },  // 鎒
    { 0x9393, 0xE6, 0x66 },  // 鎓
    { 0x9394, 0xE6, 0x67 },  // 鎔
    { 0x9395, 0xE6, 0x68 },  // 鎕
    { 0x9396, 0xE6, 0x69 },  // 鎖
    { 0x9397, 0xE6, 0x6A },  // 鎗
    { 0x9398, 0xE6, 0x6B },  // 鎘
    { 0x9399, 0xE6, 0x6C },  // 鎙
    { 0x939A, 0xE6, 0x6D },  // 鎚
    { 0x939B, 0xE6, 0x6E },  // 鎛
    { 0x939C, 0xE6, 0x6F },  // 鎜
    { 0x939D, 0xE6, 0x70 },  // 鎝
    { 0x939E, 0xE6, 0x71 },  // 鎞
    { 0x939F, 0xE6, 0x72 },  // 鎟
    { 0x93A0, 0xE6, 0x73 },  // 鎠
    { 0x93A1, 0xE6, 0x74 },  // 鎡
    { 0x93A2, 0xE6, 0x75 },  // 鎢
    { 0x93A3, 0xE6, 0x76 },  // 鎣
    { 0x93A4, 0xE6, 0x77 },  // 鎤
    { 0x93A5, 0xE6, 0x78 },  // 鎥
    { 0x93A6, 0xE6, 0x79 },  // 鎦
    { 0x93A7, 0xE6, 0x7A },  // 鎧
    { 0x93A8, 0xE6, 0x7B },  // 鎨
    { 0x93A9, 0xE6, 0x7C },  // 鎩
    { 0x93AA, 0xE6, 0x7D },  // 鎪
    { 0x93AB, 0xE6, 0x7E },  // 鎫
    { 0x93AC, 0xE6, 0x80 },  // 鎬
    { 0x93AD, 0xE6, 0x81 },  // 鎭
    { 0x93AE, 0xE6, 0x82 },  // 鎮
    { 0x93AF, 0xE6, 0x83 },  // 鎯
    { 0x93B0, 0xE6, 0x84 },  // 鎰
    { 0x93B1, 0xE6, 0x85 },  // 鎱
    { 0x93B2, 0xE6, 0x86 },  // 鎲
    { 0x93B3, 0xE6, 0x87 },  // 鎳
    { 0x93B4, 0xE6, 0x88 },  // 鎴
    { 0x93B5, 0xE6, 0x89 },  // 鎵
    { 0x93B6, 0xE6, 0x8A },  // 鎶
    { 0x93B7, 0xE6, 0x8B },  // 鎷
    { 0x93B8, 0xE6, 0x8C },  // 鎸
    { 0x93B9, 0xE6, 0x8D },  // 鎹
    { 0x93BA, 0xE6, 0x8E },  // 鎺
    { 0x93BB, 0xE6, 0x8F },  // 鎻
    { 0x93BC, 0xE6, 0x90 },  // 鎼
    { 0x93BD, 0xE6, 0x91 },  // 鎽
    { 0x93BE, 0xE6, 0x92 },  // 鎾
    { 0x93BF, 0xE6, 0x93 },  // 鎿
    { 0x93C0, 0xE6, 0x94 },  // 鏀
    { 0x93C1, 0xE6, 0x95 },  // 鏁
    { 0x93C2, 0xE6, 0x96 },  // 鏂
    { 0x93C3, 0xE6, 0x97 },  // 鏃
    { 0x93C4, 0xE6, 0x98 },  // 鏄
    { 0x93C5, 0xE6, 0x99 },  // 鏅
    { 0x93C6, 0xE6, 0x9A },  // 鏆
    { 0x93C7, 0xE6, 0x9B },  // 鏇
    { 0x93C8, 0xE6, 0x9C },  // 鏈
    { 0x93C9, 0xE6, 0x9D },  // 鏉
    { 0x93CA, 0xF6, 0xCB },  // 鏊
    { 0x93CB, 0xE6, 0x9E },  // 鏋
    { 0x93CC, 0xE6, 0x9F },  // 鏌
    { 0x93CD, 0xE6, 0xA0 },  // 鏍
    { 0x93CE, 0xE7, 0x40 },  // 鏎
    { 0x93CF, 0xE7, 0x41 },  // 鏏
    { 0x93D0, 0xE7, 0x42 },  // 鏐
    { 0x93D1, 0xE7, 0x43 },  // 鏑
    { 0x93D2, 0xE7, 0x44 },  // 鏒
    { 0x93D3, 0xE7, 0x45 },  // 鏓
    { 0x93D4, 0xE7, 0x46 },  // 鏔
    { 0x93D5, 0xE7, 0x47 },  // 鏕
    { 0x93D6, 0xF7, 0xE9 },  // 鏖
    { 0x93D7, 0xE7, 0x48 },  // 鏗
    { 0x93D8, 0xE7, 0x49 },  // 鏘
    { 0x93D9, 0xE7, 0x4A },  // 鏙
    { 0x93DA, 0xE7, 0x4B },  // 鏚
    { 0x93DB, 0xE7, 0x4C },  // 鏛
    { 0x93DC, 0xE7, 0x4D },  // 鏜
    { 0x93DD, 0xE7, 0x4E },  // 鏝
    { 0x93DE, 0xE7, 0x4F },  // 鏞
    { 0x93DF, 0xE7, 0x50 },  // 鏟
    { 0x93E0, 0xE7, 0x51 },  // 鏠
    { 0x93E1, 0xE7, 0x52 },  // 鏡
    { 0x93E2, 0xE7, 0x53 },  // 鏢
    { 0x93E3, 0xE7, 0x54 },  // 鏣
    { 0x93E4, 0xE7, 0x55 },  // 鏤
    { 0x93E5, 0xE7, 0x56 },  // 鏥
    { 0x93E6, 0xE7, 0x57 },  // 鏦
    { 0x93E7, 0xE7, 0x58 },  // 鏧
    { 0x93E8, 0xE7, 0x59 },  // 鏨
    { 0x93E9, 0xE7, 0x5A },  // 鏩
    { 0x93EA, 0xE7, 0x5B },  // 鏪
    { 0x93EB, 0xE7, 0x5C },  // 鏫
    { 0x93EC, 0xE7, 0x5D },  // 鏬
    { 0x93ED, 0xE7, 0x5E },  // 鏭
    { 0x93EE, 0xE7, 0x5F },  // 鏮
    { 0x93EF, 0xE7, 0x60 },  // 鏯
    { 0x93F0, 0xE7, 0x61 },  // 鏰
    { 0x93F1, 0xE7, 0x62 },  // 鏱
    { 0x93F2, 0xE7, 0x63 },  // 鏲
    { 0x93F3, 0xE7, 0x64 },  // 鏳
    { 0x93F4, 0xE7, 0x65 },  // 鏴
    { 0x93F5, 0xE7, 0x66 },  // 鏵
    { 0x93F6, 0xE7, 0x67 },  // 鏶
    { 0x93F7, 0xE7, 0x68 },  // 鏷
    { 0x93F8, 0xE7, 0x69 },  // 鏸
    { 0x93F9, 0xE7, 0x6A },  // 鏹
    { 0x93FA, 0xE7, 0x6B },  // 鏺
    { 0x93FB, 0xE7, 0x6C },  // 鏻
    { 0x93FC, 0xE7, 0x6D },  // 鏼
    { 0x93FD, 0xE7, 0x6E },  // 鏽
    { 0x93FE, 0xE7, 0x6F },  // 鏾
    { 0x93FF, 0xE7, 0x70 },  // 鏿
    { 0x9400, 0xE7, 0x71 },  // 鐀
    { 0x9401, 0xE7, 0x72 },  // 鐁
    { 0x9402, 0xE7, 0x73 },  // 鐂
    { 0x9403, 0xE7, 0x74 },  // 鐃
    { 0x9404, 0xE7, 0x75 },  // 鐄
    { 0x9405, 0xE7, 0x76 },  // 鐅
    { 0x9406, 0xE7, 0x77 },  // 鐆
    { 0x9407, 0xE7, 0x78 },  // 鐇
    { 0x9408, 0xE7, 0x79 },  // 鐈
    { 0x9409, 0xE7, 0x7A },  // 鐉
    { 0x940A, 0xE7, 0x7B },  // 鐊
    { 0x940B, 0xE7, 0x7C },  // 鐋
    { 0x940C, 0xE7, 0x7D },  // 鐌
    { 0x940D, 0xE7, 0x7E },  // 鐍
    { 0x940E, 0xE7, 0x80 },  // 鐎
    { 0x940F, 0xE7, 0x81 },  // 鐏
    { 0x9410, 0xE7, 0x82 },  // 鐐
    { 0x9411, 0xE7, 0x83 },  // 鐑
    { 0x9412, 0xE7, 0x84 },  // 鐒
    { 0x9413, 0xE7, 0x85 },  // 鐓
    { 0x9414, 0xE7, 0x86 },  // 鐔
    { 0x9415, 0xE7, 0x87 },  // 鐕
    { 0x9416, 0xE7, 0x88 },  // 鐖
    { 0x9417, 0xE7, 0x89 },  // 鐗
    { 0x9418, 0xE7, 0x8A },  // 鐘
    { 0x9419, 0xE7, 0x8B },  // 鐙
    { 0x941A, 0xE7, 0x8C },  // 鐚
    { 0x941B, 0xE7, 0x8D },  // 鐛
    { 0x941C, 0xE7, 0x8E },  // 鐜
    { 0x941D, 0xE7, 0x8F },  // 鐝
    { 0x941E, 0xE7, 0x90 },  // 鐞
    { 0x941F, 0xE7, 0x91 },  // 鐟
    { 0x9420, 0xE7, 0x92 },  // 鐠
    { 0x9421, 0xE7, 0x93 },  // 鐡
    { 0x9422, 0xE7, 0x94 },  // 鐢
    { 0x9423, 0xE7, 0x95 },  // 鐣
    { 0x9424, 0xE7, 0x96 },  // 鐤
    { 0x9425, 0xE7, 0x97 },  // 鐥
    { 0x9426, 0xE7, 0x98 },  // 鐦
    { 0x9427, 0xE7, 0x99 },  // 鐧
    { 0x9428, 0xE7, 0x9A },  // 鐨
    { 0x9429, 0xE7, 0x9B },  // 鐩
    { 0x942A, 0xE7, 0x9C },  // 鐪
    { 0x942B, 0xE7, 0x9D },  // 鐫
    { 0x942C, 0xE7, 0x9E },  // 鐬
    { 0x942D, 0xE7, 0x9F },  // 鐭
    { 0x942E, 0xE7, 0xA0 },  // 鐮
    { 0x942F, 0xE8, 0x40 },  // 鐯
    { 0x9430, 0xE8, 0x41 },  // 鐰
    { 0x9431, 0xE8, 0x42 },  // 鐱
    { 0x9432, 0xE8, 0x43 },  // 鐲
    { 0x9433, 0xE8, 0x44 },  // 鐳
    { 0x9434, 0xE8, 0x45 },  // 鐴
    { 0x9435, 0xE8, 0x46 },  // 鐵
    { 0x9436, 0xE8, 0x47 },  // 鐶
    { 0x9437, 0xE8, 0x48 },  // 鐷
    { 0x9438, 0xE8, 0x49 },  // 鐸
    { 0x9439, 0xE8, 0x4A },  // 鐹
    { 0x943A, 0xE8, 0x4B },  // 鐺
    { 0x943B, 0xE8, 0x4C },  // 鐻
    { 0x943C, 0xE8, 0x4D },  // 鐼
    { 0x943D, 0xE8, 0x4E },  // 鐽
    { 0x943E, 0xF6, 0xCD },  // 鐾
    { 0x943F, 0xE8, 0x4F },  // 鐿
    { 0x9440, 0xE8, 0x50 },  // 鑀
    { 0x9441, 0xE8, 0x51 },  // 鑁
    { 0x9442, 0xE8, 0x52 },  // 鑂
    { 0x9443, 0xE8, 0x53 },  // 鑃
    { 0x9444, 0xE8, 0x54 },  // 鑄
    { 0x9445, 0xE8, 0x55 },  // 鑅
    { 0x9446, 0xE8, 0x56 },  // 鑆
    { 0x9447, 0xE8, 0x57 },  // 鑇
    { 0x9448, 0xE8, 0x58 },  // 鑈
    { 0x9449, 0xE8, 0x59 },  // 鑉
    { 0x944A, 0xE8, 0x5A },  // 鑊
    { 0x944B, 0xE8, 0x5B },  // 鑋
    { 0x944C, 0xE8, 0x5C },  // 鑌
    { 0x944D, 0xE8, 0x5D },  // 鑍
    { 0x944E, 0xE8, 0x5E },  // 鑎
    { 0x944F, 0xE8, 0x5F },  // 鑏
    { 0x9450, 0xE8, 0x60 },  // 鑐
    { 0x9451, 0xE8, 0x61 },  // 鑑
    { 0x9452, 0xE8, 0x62 },  // 鑒
    { 0x9453, 0xE8, 0x63 },  // 鑓
    { 0x9454, 0xE8, 0x64 },  // 鑔
    { 0x9455, 0xE8, 0x65 },  // 鑕
    { 0x9456, 0xE8, 0x66 },  // 鑖
    { 0x9457, 0xE8, 0x67 },  // 鑗
    { 0x9458, 0xE8, 0x68 },  // 鑘
    { 0x9459, 0xE8, 0x69 },  // 鑙
    { 0x945A, 0xE8, 0x6A },  // 鑚
    { 0x945B, 0xE8, 0x6B },  // 鑛
    { 0x945C, 0xE8, 0x6C },  // 鑜
    { 0x945D, 0xE8, 0x6D },  // 鑝
    { 0x945E, 0xE8, 0x6E },  // 鑞
    { 0x945F, 0xE8, 0x6F },  // 鑟
    { 0x9460, 0xE8, 0x70 },  // 鑠
    { 0x9461, 0xE8, 0x71 },  // 鑡
    { 0x9462, 0xE8, 0x72 },  // 鑢
    { 0x9463, 0xE8, 0x73 },  // 鑣
    { 0x9464, 0xE8, 0x74 },  // 鑤
    { 0x9465, 0xE8, 0x75 },  // 鑥
    { 0x9466, 0xE8, 0x76 },  // 鑦
    { 0x9467, 0xE8, 0x77 },  // 鑧
    { 0x9468, 0xE8, 0x78 },  // 鑨
    { 0x9469, 0xE8, 0x79 },  // 鑩
    { 0x946A, 0xE8, 0x7A },  // 鑪
    { 0x946B, 0xF6, 0xCE },  // 鑫
    { 0x946C, 0xE8, 0x7B },  // 鑬
    { 0x946D, 0xE8, 0x7C },  // 鑭
    { 0x946E, 0xE8, 0x7D },  // 鑮
    { 0x946F, 0xE8, 0x7E },  // 鑯
    { 0x9470, 0xE8, 0x80 },  // 鑰
    { 0x9471, 0xE8, 0x81 },  // 鑱
    { 0x9472, 0xE8, 0x82 },  // 鑲
    { 0x9473, 0xE8, 0x83 },  // 鑳
    { 0x9474, 0xE8, 0x84 },  // 鑴
    { 0x9475, 0xE8, 0x85 },  // 鑵
    { 0x9476, 0xE8, 0x86 },  // 鑶
    { 0x9477, 0xE8, 0x87 },  // 鑷
    { 0x9478, 0xE8, 0x88 },  // 鑸
    { 0x9479, 0xE8, 0x89 },  // 鑹
    { 0x947A, 0xE8, 0x8A },  // 鑺
    { 0x947B, 0xE8, 0x8B },  // 鑻
    { 0x947C, 0xE8, 0x8C },  // 鑼
    { 0x947D, 0xE8, 0x8D },  // 鑽
    { 0x947E, 0xE8, 0x8E },  // 鑾
    { 0x947F, 0xE8, 0x8F },  // 鑿
    { 0x9480, 0xE8, 0x90 },  // 钀
    { 0x9481, 0xE8, 0x91 },  // 钁
    { 0x9482, 0xE8, 0x92 },  // 钂
    { 0x9483, 0xE8, 0x93 },  // 钃
    { 0x9484, 0xE8, 0x94 },  // 钄
    { 0x9485, 0xEE, 0xC4 },  // 钅
    { 0x9486, 0xEE, 0xC5 },  // 钆
    { 0x9487, 0xEE, 0xC6 },  // 钇
    { 0x9488, 0xD5, 0xEB },  // 针
    { 0x9489, 0xB6, 0xA4 },  // 钉
    { 0x948A, 0xEE, 0xC8 },  // 钊
    { 0x948B, 0xEE, 0xC7 },  // 钋
    { 0x948C, 0xEE, 0xC9 },  // 钌
    { 0x948D, 0xEE, 0xCA },  // 钍
    { 0x948E, 0xC7, 0xA5 },  // 钎
    { 0x948F, 0xEE, 0xCB },  // 钏
    { 0x9490, 0xEE, 0xCC },  // 钐
    { 0x9491, 0xE8, 0x95 },  // 钑
    { 0x9492, 0xB7, 0xB0 },  // 钒
    { 0x9493, 0xB5, 0xF6 },  // 钓
    { 0x9494, 0xEE, 0xCD },  // 钔
    { 0x9495, 0xEE, 0xCF },  // 钕
    { 0x9496, 0xE8, 0x96 },  // 钖
    { 0x9497, 0xEE, 0xCE },  // 钗
    { 0x9498, 0xE8, 0x97 },  // 钘
    { 0x9499, 0xB8, 0xC6 },  // 钙
    { 0x949A, 0xEE, 0xD0 },  // 钚
    { 0x949B, 0xEE, 0xD1 },  // 钛
    { 0x949C, 0xEE, 0xD2 },  // 钜
    { 0x949D, 0xB6, 0xDB },  // 钝
    { 0x949E, 0xB3, 0xAE },  // 钞
    { 0x949F, 0xD6, 0xD3 },  // 钟
    { 0x94A0, 0xC4, 0xC6 },  // 钠
    { 0x94A1, 0xB1, 0xB5 },  // 钡
    { 0x94A2, 0xB8, 0xD6 },  // 钢
    { 0x94A3, 0xEE, 0xD3 },  // 钣
    { 0x94A4, 0xEE, 0xD4 },  // 钤
    { 0x94A5, 0xD4, 0xBF },  // 钥
    { 0x94A6, 0xC7, 0xD5 },  // 钦
    { 0x94A7, 0xBE, 0xFB },  // 钧
    { 0x94A8, 0xCE, 0xD9 },  // 钨
    { 0x94A9, 0xB9, 0xB3 },  // 钩
    { 0x94AA, 0xEE, 0xD6 },  // 钪
    { 0x94AB, 0xEE, 0xD5 },  // 钫
    { 0x94AC, 0xEE, 0xD8 },  // 钬
    { 0x94AD, 0xEE, 0xD7 },  // 钭
    { 0x94AE, 0xC5, 0xA5 },  // 钮
    { 0x94AF, 0xEE, 0xD9 },  // 钯
    { 0x94B0, 0xEE, 0xDA },  // 钰
    { 0x94B1, 0xC7, 0xAE },  // 钱
    { 0x94B2, 0xEE, 0xDB },  // 钲
    { 0x94B3, 0xC7, 0xAF },  // 钳
    { 0x94B4, 0xEE, 0xDC },  // 钴
    { 0x94B5, 0xB2, 0xA7 },  // 钵
    { 0x94B6, 0xEE, 0xDD },  // 钶
    { 0x94B7, 0xEE, 0xDE },  // 钷
    { 0x94B8, 0xEE, 0xDF },  // 钸
    { 0x94B9, 0xEE, 0xE0 },  // 钹
    { 0x94BA, 0xEE, 0xE1 },  // 钺
    { 0x94BB, 0xD7, 0xEA },  // 钻
    { 0x94BC, 0xEE, 0xE2 },  // 钼
    { 0x94BD, 0xEE, 0xE3 },  // 钽
    { 0x94BE, 0xBC, 0xD8 },  // 钾
    { 0x94BF, 0xEE, 0xE4 },  // 钿
    { 0x94C0, 0xD3, 0xCB },  // 铀
    { 0x94C1, 0xCC, 0xFA },  // 铁
    { 0x94C2, 0xB2, 0xAC },  // 铂
    { 0x94C3, 0xC1, 0xE5 },  // 铃
    { 0x94C4, 0xEE, 0xE5 },  // 铄
    { 0x94C5, 0xC7, 0xA6 },  // 铅
    { 0x94C6, 0xC3, 0xAD },  // 铆
    { 0x94C7, 0xE8, 0x98 },  // 铇
    { 0x94C8, 0xEE, 0xE6 },  // 铈
    { 0x94C9, 0xEE, 0xE7 },  // 铉
    { 0x94CA, 0xEE, 0xE8 },  // 铊
    { 0x94CB, 0xEE, 0xE9 },  // 铋
    { 0x94CC, 0xEE, 0xEA },  // 铌
    { 0x94CD, 0xEE, 0xEB },  // 铍
    { 0x94CE, 0xEE, 0xEC },  // 铎
    { 0x94CF, 0xE8, 0x99 },  // 铏
    { 0x94D0, 0xEE, 0xED },  // 铐
    { 0x94D1, 0xEE, 0xEE },  // 铑
    { 0x94D2, 0xEE, 0xEF },  // 铒
    { 0x94D3, 0xE8, 0x9A },  // 铓
    { 0x94D4, 0xE8, 0x9B },  // 铔
    { 0x94D5, 0xEE, 0xF0 },  // 铕
    { 0x94D6, 0xEE, 0xF1 },  // 铖
    { 0x94D7, 0xEE, 0xF2 },  // 铗
    { 0x94D8, 0xEE, 0xF4 },  // 铘
    { 0x94D9, 0xEE, 0xF3 },  // 铙
    { 0x94DA, 0xE8, 0x9C },  // 铚
    { 0x94DB, 0xEE, 0xF5 },  // 铛
    { 0x94DC, 0xCD, 0xAD },  // 铜
    { 0x94DD, 0xC2, 0xC1 },  // 铝
    { 0x94DE, 0xEE, 0xF6 },  // 铞
    { 0x94DF, 0xEE, 0xF7 },  // 铟
    { 0x94E0, 0xEE, 0xF8 },  // 铠
    { 0x94E1, 0xD5, 0xA1 },  // 铡
    { 0x94E2, 0xEE, 0xF9 },  // 铢
    { 0x94E3, 0xCF, 0xB3 },  // 铣
    { 0x94E4, 0xEE, 0xFA },  // 铤
    { 0x94E5, 0xEE, 0xFB },  // 铥
    { 0x94E6, 0xE8, 0x9D },  // 铦
    { 0x94E7, 0xEE, 0xFC },  // 铧
    { 0x94E8, 0xEE, 0xFD },  // 铨
    { 0x94E9, 0xEF, 0xA1 },  // 铩
    { 0x94EA, 0xEE, 0xFE },  // 铪
    { 0x94EB, 0xEF, 0xA2 },  // 铫
    { 0x94EC, 0xB8, 0xF5 },  // 铬
    { 0x94ED, 0xC3, 0xFA },  // 铭
    { 0x94EE, 0xEF, 0xA3 },  // 铮
    { 0x94EF, 0xEF, 0xA4 },  // 铯
    { 0x94F0, 0xBD, 0xC2 },  // 铰
    { 0x94F1, 0xD2, 0xBF },  // 铱
    { 0x94F2, 0xB2, 0xF9 },  // 铲
    { 0x94F3, 0xEF, 0xA5 },  // 铳
    { 0x94F4, 0xEF, 0xA6 },  // 铴
    { 0x94F5, 0xEF, 0xA7 },  // 铵
    { 0x94F6, 0xD2, 0xF8 },  // 银
    { 0x94F7, 0xEF, 0xA8 },  // 铷
    { 0x94F8, 0xD6, 0xFD },  // 铸
    { 0x94F9, 0xEF, 0xA9 },  // 铹
    { 0x94FA, 0xC6, 0xCC },  // 铺
    { 0x94FB, 0xE8, 0x9E },  // 铻
    { 0x94FC, 0xEF, 0xAA },  // 铼
    { 0x94FD, 0xEF, 0xAB },  // 铽
    { 0x94FE, 0xC1, 0xB4 },  // 链
    { 0x94FF, 0xEF, 0xAC },  // 铿
    { 0x9500, 0xCF, 0xFA },  // 销
    { 0x9501, 0xCB, 0xF8 },  // 锁
    { 0x9502, 0xEF, 0xAE },  // 锂
    { 0x9503, 0xEF, 0xAD },  // 锃
    { 0x9504, 0xB3, 0xFA },  // 锄
    { 0x9505, 0xB9, 0xF8 },  // 锅
    { 0x9506, 0xEF, 0xAF },  // 锆
    { 0x9507, 0xEF, 0xB0 },  // 锇
    { 0x9508, 0xD0, 0xE2 },  // 锈
    { 0x9509, 0xEF, 0xB1 },  // 锉
    { 0x950A, 0xEF, 0xB2 },  // 锊
    { 0x950B, 0xB7, 0xE6 },  // 锋
    { 0x950C, 0xD0, 0xBF },  // 锌
    { 0x950D, 0xEF, 0xB3 },  // 锍
    { 0x950E, 0xEF, 0xB4 },  // 锎
    { 0x950F, 0xEF, 0xB5 },  // 锏
    { 0x9510, 0xC8, 0xF1 },  // 锐
    { 0x9511, 0xCC, 0xE0 },  // 锑
    { 0x9512, 0xEF, 0xB6 },  // 锒
    { 0x9513, 0xEF, 0xB7 },  // 锓
    { 0x9514, 0xEF, 0xB8 },  // 锔
    { 0x9515, 0xEF, 0xB9 },  // 锕
    { 0x9516, 0xEF, 0xBA },  // 锖
    { 0x9517, 0xD5, 0xE0 },  // 锗
    { 0x9518, 0xEF, 0xBB },  // 锘
    { 0x9519, 0xB4, 0xED },  // 错
    { 0x951A, 0xC3, 0xAA },  // 锚
    { 0x951B, 0xEF, 0xBC },  // 锛
    { 0x951C, 0xE8, 0x9F },  // 锜
    { 0x951D, 0xEF, 0xBD },  // 锝
    { 0x951E, 0xEF, 0xBE },  // 锞
    { 0x951F, 0xEF, 0xBF },  // 锟
    { 0x9520, 0xE8, 0xA0 },  // 锠
    { 0x9521, 0xCE, 0xFD },  // 锡
    { 0x9522, 0xEF, 0xC0 },  // 锢
    { 0x9523, 0xC2, 0xE0 },  // 锣
    { 0x9524, 0xB4, 0xB8 },  // 锤
    { 0x9525, 0xD7, 0xB6 },  // 锥
    { 0x9526, 0xBD, 0xF5 },  // 锦
    { 0x9527, 0xE9, 0x40 },  // 锧
    { 0x9528, 0xCF, 0xC7 },  // 锨
    { 0x9529, 0xEF, 0xC3 },  // 锩
    { 0x952A, 0xEF, 0xC1 },  // 锪
    { 0x952B, 0xEF, 0xC2 },  // 锫
    { 0x952C, 0xEF, 0xC4 },  // 锬
    { 0x952D, 0xB6, 0xA7 },  // 锭
    { 0x952E, 0xBC, 0xFC },  // 键
    { 0x952F, 0xBE, 0xE2 },  // 锯
    { 0x9530, 0xC3, 0xCC },  // 锰
    { 0x9531, 0xEF, 0xC5 },  // 锱
    { 0x9532, 0xEF, 0xC6 },  // 锲
    { 0x9533, 0xE9, 0x41 },  // 锳
    { 0x9534, 0xEF, 0xC7 },  // 锴
    { 0x9535, 0xEF, 0xCF },  // 锵
    { 0x9536, 0xEF, 0xC8 },  // 锶
    { 0x9537, 0xEF, 0xC9 },  // 锷
    { 0x9538, 0xEF, 0xCA },  // 锸
    { 0x9539, 0xC7, 0xC2 },  // 锹
    { 0x953A, 0xEF, 0xF1 },  // 锺
    { 0x953B, 0xB6, 0xCD },  // 锻
    { 0x953C, 0xEF, 0xCB },  // 锼
    { 0x953D, 0xE9, 0x42 },  // 锽
    { 0x953E, 0xEF, 0xCC },  // 锾
    { 0x953F, 0xEF, 0xCD },  // 锿
    { 0x9540, 0xB6, 0xC6 },  // 镀
    { 0x9541, 0xC3, 0xBE },  // 镁
    { 0x9542, 0xEF, 0xCE },  // 镂
    { 0x9543, 0xE9, 0x43 },  // 镃
    { 0x9544, 0xEF, 0xD0 },  // 镄
    { 0x9545, 0xEF, 0xD1 },  // 镅
    { 0x9546, 0xEF, 0xD2 },  // 镆
    { 0x9547, 0xD5, 0xF2 },  // 镇
    { 0x9548, 0xE9, 0x44 },  // 镈
    { 0x9549, 0xEF, 0xD3 },  // 镉
    { 0x954A, 0xC4, 0xF7 },  // 镊
    { 0x954B, 0xE9, 0x45 },  // 镋
    { 0x954C, 0xEF, 0xD4 },  // 镌
    { 0x954D, 0xC4, 0xF8 },  // 镍
    { 0x954E, 0xEF, 0xD5 },  // 镎
    { 0x954F, 0xEF, 0xD6 },  // 镏
    { 0x9550, 0xB8, 0xE4 },  // 镐
    { 0x9551, 0xB0, 0xF7 },  // 镑
    { 0x9552, 0xEF, 0xD7 },  // 镒
    { 0x9553, 0xEF, 0xD8 },  // 镓
    { 0x9554, 0xEF, 0xD9 },  // 镔
    { 0x9555, 0xE9, 0x46 },  // 镕
    { 0x9556, 0xEF, 0xDA },  // 镖
    { 0x9557, 0xEF, 0xDB },  // 镗
    { 0x9558, 0xEF, 0xDC },  // 镘
    { 0x9559, 0xEF, 0xDD },  // 镙
    { 0x955A, 0xE9, 0x47 },  // 镚
    { 0x955B, 0xEF, 0xDE },  // 镛
    { 0x955C, 0xBE, 0xB5 },  // 镜
    { 0x955D, 0xEF, 0xE1 },  // 镝
    { 0x955E, 0xEF, 0xDF },  // 镞
    { 0x955F, 0xEF, 0xE0 },  // 镟
    { 0x9560, 0xE9, 0x48 },  // 镠
    { 0x9561, 0xEF, 0xE2 },  // 镡
    { 0x9562, 0xEF, 0xE3 },  // 镢
    { 0x9563, 0xC1, 0xCD },  // 镣
    { 0x9564, 0xEF, 0xE4 },  // 镤
    { 0x9565, 0xEF, 0xE5 },  // 镥
    { 0x9566, 0xEF, 0xE6 },  // 镦
    { 0x9567, 0xEF, 0xE7 },  // 镧
    { 0x9568, 0xEF, 0xE8 },  // 镨
    { 0x9569, 0xEF, 0xE9 },  // 镩
    { 0x956A, 0xEF, 0xEA },  // 镪
    { 0x956B, 0xEF, 0xEB },  // 镫
    { 0x956C, 0xEF, 0xEC },  // 镬
    { 0x956D, 0xC0, 0xD8 },  // 镭
    { 0x956E, 0xE9, 0x49 },  // 镮
    { 0x956F, 0xEF, 0xED },  // 镯
    { 0x9570, 0xC1, 0xAD },  // 镰
    { 0x9571, 0xEF, 0xEE },  // 镱
    { 0x9572, 0xEF, 0xEF },  // 镲
    { 0x9573, 0xEF, 0xF0 },  // 镳
    { 0x9574, 0xE9, 0x4A },  // 镴
    { 0x9575, 0xE9, 0x4B },  // 镵
    { 0x9576, 0xCF, 0xE2 },  // 镶
    { 0x9577, 0xE9, 0x4C },  // 長
    { 0x9578, 0xE9, 0x4D },  // 镸
    { 0x9579, 0xE9, 0x4E },  // 镹
    { 0x957A, 0xE9, 0x4F },  // 镺
    { 0x957B, 0xE9, 0x50 },  // 镻
    { 0x957C, 0xE9, 0x51 },  // 镼
    { 0x957D, 0xE9, 0x52 },  // 镽
    { 0x957E, 0xE9, 0x53 },  // 镾
    { 0x957F, 0xB3, 0xA4 },  // 长
    { 0x9580, 0xE9, 0x54 },  // 門
    { 0x9581, 0xE9, 0x55 },  // 閁
    { 0x9582, 0xE9, 0x56 },  // 閂
    { 0x9583, 0xE9, 0x57 },  // 閃
    { 0x9584, 0xE9, 0x58 },  // 閄
    { 0x9585, 0xE9, 0x59 },  // 閅
    { 0x9586, 0xE9, 0x5A },  // 閆
    { 0x9587, 0xE9, 0x5B },  // 閇
    { 0x9588, 0xE9, 0x5C },  // 閈
    { 0x9589, 0xE9, 0x5D },  // 閉
    { 0x958A, 0xE9, 0x5E },  // 閊
    { 0x958B, 0xE9, 0x5F },  // 開
    { 0x958C, 0xE9, 0x60 },  // 閌
    { 0x958D, 0xE9, 0x61 },  // 閍
    { 0x958E, 0xE9, 0x62 },  // 閎
    { 0x958F, 0xE9, 0x63 },  // 閏
    { 0x9590, 0xE9, 0x64 },  // 閐
    { 0x9591, 0xE9, 0x65 },  // 閑
    { 0x9592, 0xE9, 0x66 },  // 閒
    { 0x9593, 0xE9, 0x67 },  // 間
    { 0x9594, 0xE9, 0x68 },  // 閔
    { 0x9595, 0xE9, 0x69 },  // 閕
    { 0x9596, 0xE9, 0x6A },  // 閖
    { 0x9597, 0xE9, 0x6B },  // 閗
    { 0x9598, 0xE9, 0x6C },  // 閘
    { 0x9599, 0xE9, 0x6D },  // 閙
    { 0x959A, 0xE9, 0x6E },  // 閚
    { 0x959B, 0xE9, 0x6F },  // 閛
    { 0x959C, 0xE9, 0x70 },  // 閜
    { 0x959D, 0xE9, 0x71 },  // 閝
    { 0x959E, 0xE9, 0x72 },  // 閞
    { 0x959F, 0xE9, 0x73 },  // 閟
    { 0x95A0, 0xE9, 0x74 },  // 閠
    { 0x95A1, 0xE9, 0x75 },  // 閡
    { 0x95A2, 0xE9, 0x76 },  // 関
    { 0x95A3, 0xE9, 0x77 },  // 閣
    { 0x95A4, 0xE9, 0x78 },  // 閤
    { 0x95A5, 0xE9, 0x79 },  // 閥
    { 0x95A6, 0xE9, 0x7A },  // 閦
    { 0x95A7, 0xE9, 0x7B },  // 閧
    { 0x95A8, 0xE9, 0x7C },  // 閨
    { 0x95A9, 0xE9, 0x7D },  // 閩
    { 0x95AA, 0xE9, 0x7E },  // 閪
    { 0x95AB, 0xE9, 0x80 },  // 閫
    { 0x95AC, 0xE9, 0x81 },  // 閬
    { 0x95AD, 0xE9, 0x82 },  // 閭
    { 0x95AE, 0xE9, 0x83 },  // 閮
    { 0x95AF, 0xE9, 0x84 },  // 閯
    { 0x95B0, 0xE9, 0x85 },  // 閰
    { 0x95B1, 0xE9, 0x86 },  // 閱
    { 0x95B2, 0xE9, 0x87 },  // 閲
    { 0x95B3, 0xE9, 0x88 },  // 閳
    { 0x95B4, 0xE9, 0x89 },  // 閴
    { 0x95B5, 0xE9, 0x8A },  // 閵
    { 0x95B6, 0xE9, 0x8B },  // 閶
    { 0x95B7, 0xE9, 0x8C },  // 閷
    { 0x95B8, 0xE9, 0x8D },  // 閸
    { 0x95B9, 0xE9, 0x8E },  // 閹
    { 0x95BA, 0xE9, 0x8F },  // 閺
    { 0x95BB, 0xE9, 0x90 },  // 閻
    { 0x95BC, 0xE9, 0x91 },  // 閼
    { 0x95BD, 0xE9, 0x92 },  // 閽
    { 0x95BE, 0xE9, 0x93 },  // 閾
    { 0x95BF, 0xE9, 0x94 },  // 閿
    { 0x95C0, 0xE9, 0x95 },  // 闀
    { 0x95C1, 0xE9, 0x96 },  // 闁
    { 0x95C2, 0xE9, 0x97 },  // 闂
    { 0x95C3, 0xE9, 0x98 },  // 闃
    { 0x95C4, 0xE9, 0x99 },  // 闄
    { 0x95C5, 0xE9, 0x9A },  // 闅
    { 0x95C6, 0xE9, 0x9B },  // 闆
    { 0x95C7, 0xE9, 0x9C },  // 闇
    { 0x95C8, 0xE9, 0x9D },  // 闈
    { 0x95C9, 0xE9, 0x9E },  // 闉
    { 0x95CA, 0xE9, 0x9F },  // 闊
    { 0x95CB, 0xE9, 0xA0 },  // 闋
    { 0x95CC, 0xEA, 0x40 },  // 闌
    { 0x95CD, 0xEA, 0x41 },  // 闍
    { 0x95CE, 0xEA, 0x42 },  // 闎
    { 0x95CF, 0xEA, 0x43 },  // 闏
    { 0x95D0, 0xEA, 0x44 },  // 闐
    { 0x95D1, 0xEA, 0x45 },  // 闑
    { 0x95D2, 0xEA, 0x46 },  // 闒
    { 0x95D3, 0xEA, 0x47 },  // 闓
    { 0x95D4, 0xEA, 0x48 },  // 闔
    { 0x95D5, 0xEA, 0x49 },  // 闕
    { 0x95D6, 0xEA, 0x4A },  // 闖
    { 0x95D7, 0xEA, 0x4B },  // 闗
    { 0x95D8, 0xEA, 0x4C },  // 闘
    { 0x95D9, 0xEA, 0x4D },  // 闙
    { 0x95DA, 0xEA, 0x4E },  // 闚
    { 0x95DB, 0xEA, 0x4F },  // 闛
    { 0x95DC, 0xEA, 0x50 },  // 關
    { 0x95DD, 0xEA, 0x51 },  // 闝
    { 0x95DE, 0xEA, 0x52 },  // 闞
    { 0x95DF, 0xEA, 0x53 },  // 闟
    { 0x95E0, 0xEA, 0x54 },  // 闠
    { 0x95E1, 0xEA, 0x55 },  // 闡
    { 0x95E2, 0xEA, 0x56 },  // 闢
    { 0x95E3, 0xEA, 0x57 },  // 闣
    { 0x95E4, 0xEA, 0x58 },  // 闤
    { 0x95E5, 0xEA, 0x59 },  // 闥
    { 0x95E6, 0xEA, 0x5A },  // 闦
    { 0x95E7, 0xEA, 0x5B },  // 闧
    { 0x95E8, 0xC3, 0xC5 },  // 门
    { 0x95E9, 0xE3, 0xC5 },  // 闩
    { 0x95EA, 0xC9, 0xC1 },  // 闪
    { 0x95EB, 0xE3, 0xC6 },  // 闫
    { 0x95EC, 0xEA, 0x5C },  // 闬
    { 0x95ED, 0xB1, 0xD5 },  // 闭
    { 0x95EE, 0xCE, 0xCA },  // 问
    { 0x95EF, 0xB4, 0xB3 },  // 闯
    { 0x95F0, 0xC8, 0xF2 },  // 闰
    { 0x95F1, 0xE3, 0xC7 },  // 闱
    { 0x95F2, 0xCF, 0xD0 },  // 闲
    { 0x95F3, 0xE3, 0xC8 },  // 闳
    { 0x95F4, 0xBC, 0xE4 },  // 间
    { 0x95F5, 0xE3, 0xC9 },  // 闵
    { 0x95F6, 0xE3, 0xCA },  // 闶
    { 0x95F7, 0xC3, 0xC6 },  // 闷
    { 0x95F8, 0xD5, 0xA2 },  // 闸
    { 0x95F9, 0xC4, 0xD6 },  // 闹
    { 0x95FA, 0xB9, 0xEB },  // 闺
    { 0x95FB, 0xCE, 0xC5 },  // 闻
    { 0x95FC, 0xE3, 0xCB },  // 闼
    { 0x95FD, 0xC3, 0xF6 },  // 闽
    { 0x95FE, 0xE3, 0xCC },  // 闾
    { 0x95FF, 0xEA, 0x5D },  // 闿
    { 0x9600, 0xB7, 0xA7 },  // 阀
    { 0x9601, 0xB8, 0xF3 },  // 阁
    { 0x9602, 0xBA, 0xD2 },  // 阂
    { 0x9603, 0xE3, 0xCD },  // 阃
    { 0x9604, 0xE3, 0xCE },  // 阄
    { 0x9605, 0xD4, 0xC4 },  // 阅
    { 0x9606, 0xE3, 0xCF },  // 阆
    { 0x9607, 0xEA, 0x5E },  // 阇
    { 0x9608, 0xE3, 0xD0 },  // 阈
    { 0x9609, 0xD1, 0xCB },  // 阉
    { 0x960A, 0xE3, 0xD1 },  // 阊
    { 0x960B, 0xE3, 0xD2 },  // 阋
    { 0x960C, 0xE3, 0xD3 },  // 阌
    { 0x960D, 0xE3, 0xD4 },  // 阍
    { 0x960E, 0xD1, 0xD6 },  // 阎
    { 0x960F, 0xE3, 0xD5 },  // 阏
    { 0x9610, 0xB2, 0xFB },  // 阐
    { 0x9611, 0xC0, 0xBB },  // 阑
    { 0x9612, 0xE3, 0xD6 },  // 阒
    { 0x9613, 0xEA, 0x5F },  // 阓
    { 0x9614, 0xC0, 0xAB },  // 阔
    { 0x9615, 0xE3, 0xD7 },  // 阕
    { 0x9616, 0xE3, 0xD8 },  // 阖
    { 0x9617, 0xE3, 0xD9 },  // 阗
    { 0x9618, 0xEA, 0x60 },  // 阘
    { 0x9619, 0xE3, 0xDA },  // 阙
    { 0x961A, 0xE3, 0xDB },  // 阚
    { 0x961B, 0xEA, 0x61 },  // 阛
    { 0x961C, 0xB8, 0xB7 },  // 阜
    { 0x961D, 0xDA, 0xE2 },  // 阝
    { 0x961E, 0xEA, 0x62 },  // 阞
    { 0x961F, 0xB6, 0xD3 },  // 队
    { 0x9620, 0xEA, 0x63 },  // 阠
    { 0x9621, 0xDA, 0xE4 },  // 阡
    { 0x9622, 0xDA, 0xE3 },  // 阢
    { 0x9623, 0xEA, 0x64 },  // 阣
    { 0x9624, 0xEA, 0x65 },  // 阤
    { 0x9625, 0xEA, 0x66 },  // 阥
    { 0x9626, 0xEA, 0x67 },  // 阦
    { 0x9627, 0xEA, 0x68 },  // 阧
    { 0x9628, 0xEA, 0x69 },  // 阨
    { 0x9629, 0xEA, 0x6A },  // 阩
    { 0x962A, 0xDA, 0xE6 },  // 阪
    { 0x962B, 0xEA, 0x6B },  // 阫
    { 0x962C, 0xEA, 0x6C },  // 阬
    { 0x962D, 0xEA, 0x6D },  // 阭
    { 0x962E, 0xC8, 0xEE },  // 阮
    { 0x962F, 0xEA, 0x6E },  // 阯
    { 0x9630, 0xEA, 0x6F },  // 阰
    { 0x9631, 0xDA, 0xE5 },  // 阱
    { 0x9632, 0xB7, 0xC0 },  // 防
    { 0x9633, 0xD1, 0xF4 },  // 阳
    { 0x9634, 0xD2, 0xF5 },  // 阴
    { 0x9635, 0xD5, 0xF3 },  // 阵
    { 0x9636, 0xBD, 0xD7 },  // 阶
    { 0x9637, 0xEA, 0x70 },  // 阷
    { 0x9638, 0xEA, 0x71 },  // 阸
    { 0x9639, 0xEA, 0x72 },  // 阹
    { 0x963A, 0xEA, 0x73 },  // 阺
    { 0x963B, 0xD7, 0xE8 },  // 阻
    { 0x963C, 0xDA, 0xE8 },  // 阼
    { 0x963D, 0xDA, 0xE7 },  // 阽
    { 0x963E, 0xEA, 0x74 },  // 阾
    { 0x963F, 0xB0, 0xA2 },  // 阿
    { 0x9640, 0xCD, 0xD3 },  // 陀
    { 0x9641, 0xEA, 0x75 },  // 陁
    { 0x9642, 0xDA, 0xE9 },  // 陂
    { 0x9643, 0xEA, 0x76 },  // 陃
    { 0x9644, 0xB8, 0xBD },  // 附
    { 0x9645, 0xBC, 0xCA },  // 际
    { 0x9646, 0xC2, 0xBD },  // 陆
    { 0x9647, 0xC2, 0xA4 },  // 陇
    { 0x9648, 0xB3, 0xC2 },  // 陈
    { 0x9649, 0xDA, 0xEA },  // 陉
    { 0x964A, 0xEA, 0x77 },  // 陊
    { 0x964B, 0xC2, 0xAA },  // 陋
    { 0x964C, 0xC4, 0xB0 },  // 陌
    { 0x964D, 0xBD, 0xB5 },  // 降
    { 0x964E, 0xEA, 0x78 },  // 陎
    { 0x964F, 0xEA, 0x79 },  // 陏
    { 0x9650, 0xCF, 0xDE },  // 限
    { 0x9651, 0xEA, 0x7A },  // 陑
    { 0x9652, 0xEA, 0x7B },  // 陒
    { 0x9653, 0xEA, 0x7C },  // 陓
    { 0x9654, 0xDA, 0xEB },  // 陔
    { 0x9655, 0xC9, 0xC2 },  // 陕
    { 0x9656, 0xEA, 0x7D },  // 陖
    { 0x9657, 0xEA, 0x7E },  // 陗
    { 0x9658, 0xEA, 0x80 },  // 陘
    { 0x9659, 0xEA, 0x81 },  // 陙
    { 0x965A, 0xEA, 0x82 },  // 陚
    { 0x965B, 0xB1, 0xDD },  // 陛
    { 0x965C, 0xEA, 0x83 },  // 陜
    { 0x965D, 0xEA, 0x84 },  // 陝
    { 0x965E, 0xEA, 0x85 },  // 陞
    { 0x965F, 0xDA, 0xEC },  // 陟
    { 0x9660, 0xEA, 0x86 },  // 陠
    { 0x9661, 0xB6, 0xB8 },  // 陡
    { 0x9662, 0xD4, 0xBA },  // 院
    { 0x9663, 0xEA, 0x87 },  // 陣
    { 0x9664, 0xB3, 0xFD },  // 除
    { 0x9665, 0xEA, 0x88 },  // 陥
    { 0x9666, 0xEA, 0x89 },  // 陦
    { 0x9667, 0xDA, 0xED },  // 陧
    { 0x9668, 0xD4, 0xC9 },  // 陨
    { 0x9669, 0xCF, 0xD5 },  // 险
    { 0x966A, 0xC5, 0xE3 },  // 陪
    { 0x966B, 0xEA, 0x8A },  // 陫
    { 0x966C, 0xDA, 0xEE },  // 陬
    { 0x966D, 0xEA, 0x8B },  // 陭
    { 0x966E, 0xEA, 0x8C },  // 陮
    { 0x966F, 0xEA, 0x8D },  // 陯
    { 0x9670, 0xEA, 0x8E },  // 陰
    { 0x9671, 0xEA, 0x8F },  // 陱
    { 0x9672, 0xDA, 0xEF },  // 陲
    { 0x9673, 0xEA, 0x90 },  // 陳
    { 0x9674, 0xDA, 0xF0 },  // 陴
    { 0x9675, 0xC1, 0xEA },  // 陵
    { 0x9676, 0xCC, 0xD5 },  // 陶
    { 0x9677, 0xCF, 0xDD },  // 陷
    { 0x9678, 0xEA, 0x91 },  // 陸
    { 0x9679, 0xEA, 0x92 },  // 陹
    { 0x967A, 0xEA, 0x93 },  // 険
    { 0x967B, 0xEA, 0x94 },  // 陻
    { 0x967C, 0xEA, 0x95 },  // 陼
    { 0x967D, 0xEA, 0x96 },  // 陽
    { 0x967E, 0xEA, 0x97 },  // 陾
    { 0x967F, 0xEA, 0x98 },  // 陿
    { 0x9680, 0xEA, 0x99 },  // 隀
    { 0x9681, 0xEA, 0x9A },  // 隁
    { 0x9682, 0xEA, 0x9B },  // 隂
    { 0x9683, 0xEA, 0x9C },  // 隃
    { 0x9684, 0xEA, 0x9D },  // 隄
    { 0x9685, 0xD3, 0xE7 },  // 隅
    { 0x9686, 0xC2, 0xA1 },  // 隆
    { 0x9687, 0xEA, 0x9E },  // 隇
    { 0x9688, 0xDA, 0xF1 },  // 隈
    { 0x9689, 0xEA, 0x9F },  // 隉
    { 0x968A, 0xEA, 0xA0 },  // 隊
    { 0x968B, 0xCB, 0xE5 },  // 隋
    { 0x968C, 0xEB, 0x40 },  // 隌
    { 0x968D, 0xDA, 0xF2 },  // 隍
    { 0x968E, 0xEB, 0x41 },  // 階
    { 0x968F, 0xCB, 0xE6 },  // 随
    { 0x9690, 0xD2, 0xFE },  // 隐
    { 0x9691, 0xEB, 0x42 },  // 隑
    { 0x9692, 0xEB, 0x43 },  // 隒
    { 0x9693, 0xEB, 0x44 },  // 隓
    { 0x9694, 0xB8, 0xF4 },  // 隔
    { 0x9695, 0xEB, 0x45 },  // 隕
    { 0x9696, 0xEB, 0x46 },  // 隖
    { 0x9697, 0xDA, 0xF3 },  // 隗
    { 0x9698, 0xB0, 0xAF },  // 隘
    { 0x9699, 0xCF, 0xB6 },  // 隙
    { 0x969A, 0xEB, 0x47 },  // 隚
    { 0x969B, 0xEB, 0x48 },  // 際
    { 0x969C, 0xD5, 0xCF },  // 障
    { 0x969D, 0xEB, 0x49 },  // 隝
    { 0x969E, 0xEB, 0x4A },  // 隞
    { 0x969F, 0xEB, 0x4B },  // 隟
    { 0x96A0, 0xEB, 0x4C },  // 隠
    { 0x96A1, 0xEB, 0x4D },  // 隡
    { 0x96A2, 0xEB, 0x4E },  // 隢
    { 0x96A3, 0xEB, 0x4F },  // 隣
    { 0x96A4, 0xEB, 0x50 },  // 隤
    { 0x96A5, 0xEB, 0x51 },  // 隥
    { 0x96A6, 0xEB, 0x52 },  // 隦
    { 0x96A7, 0xCB, 0xED },  // 隧
    { 0x96A8, 0xEB, 0x53 },  // 隨
    { 0x96A9, 0xEB, 0x54 },  // 隩
    { 0x96AA, 0xEB, 0x55 },  // 險
    { 0x96AB, 0xEB, 0x56 },  // 隫
    { 0x96AC, 0xEB, 0x57 },  // 隬
    { 0x96AD, 0xEB, 0x58 },  // 隭
    { 0x96AE, 0xEB, 0x59 },  // 隮
    { 0x96AF, 0xEB, 0x5A },  // 隯
    { 0x96B0, 0xDA, 0xF4 },  // 隰
    { 0x96B1, 0xEB, 0x5B },  // 隱
    { 0x96B2, 0xEB, 0x5C },  // 隲
    { 0x96B3, 0xE3, 0xC4 },  // 隳
    { 0x96B4, 0xEB, 0x5D },  // 隴
    { 0x96B5, 0xEB, 0x5E },  // 隵
    { 0x96B6, 0xC1, 0xA5 },  // 隶
    { 0x96B7, 0xEB, 0x5F },  // 隷
    { 0x96B8, 0xEB, 0x60 },  // 隸
    { 0x96B9, 0xF6, 0xBF },  // 隹
    { 0x96BA, 0xEB, 0x61 },  // 隺
    { 0x96BB, 0xEB, 0x62 },  // 隻
    { 0x96BC, 0xF6, 0xC0 },  // 隼
    { 0x96BD, 0xF6, 0xC1 },  // 隽
    { 0x96BE, 0xC4, 0xD1 },  // 难
    { 0x96BF, 0xEB, 0x63 },  // 隿
    { 0x96C0, 0xC8, 0xB8 },  // 雀
    { 0x96C1, 0xD1, 0xE3 },  // 雁
    { 0x96C2, 0xEB, 0x64 },  // 雂
    { 0x96C3, 0xEB, 0x65 },  // 雃
    { 0x96C4, 0xD0, 0xDB },  // 雄
    { 0x96C5, 0xD1, 0xC5 },  // 雅
    { 0x96C6, 0xBC, 0xAF },  // 集
    { 0x96C7, 0xB9, 0xCD },  // 雇
    { 0x96C8, 0xEB, 0x66 },  // 雈
    { 0x96C9, 0xEF, 0xF4 },  // 雉
    { 0x96CA, 0xEB, 0x67 },  // 雊
    { 0x96CB, 0xEB, 0x68 },  // 雋
    { 0x96CC, 0xB4, 0xC6 },  // 雌
    { 0x96CD, 0xD3, 0xBA },  // 雍
    { 0x96CE, 0xF6, 0xC2 },  // 雎
    { 0x96CF, 0xB3, 0xFB },  // 雏
    { 0x96D0, 0xEB, 0x69 },  // 雐
    { 0x96D1, 0xEB, 0x6A },  // 雑
    { 0x96D2, 0xF6, 0xC3 },  // 雒
    { 0x96D3, 0xEB, 0x6B },  // 雓
    { 0x96D4, 0xEB, 0x6C },  // 雔
    { 0x96D5, 0xB5, 0xF1 },  // 雕
    { 0x96D6, 0xEB, 0x6D },  // 雖
    { 0x96D7, 0xEB, 0x6E },  // 雗
    { 0x96D8, 0xEB, 0x6F },  // 雘
    { 0x96D9, 0xEB, 0x70 },  // 雙
    { 0x96DA, 0xEB, 0x71 },  // 雚
    { 0x96DB, 0xEB, 0x72 },  // 雛
    { 0x96DC, 0xEB, 0x73 },  // 雜
    { 0x96DD, 0xEB, 0x74 },  // 雝
    { 0x96DE, 0xEB, 0x75 },  // 雞
    { 0x96DF, 0xEB, 0x76 },  // 雟
    { 0x96E0, 0xF6, 0xC5 },  // 雠
    { 0x96E1, 0xEB, 0x77 },  // 雡
    { 0x96E2, 0xEB, 0x78 },  // 離
    { 0x96E3, 0xEB, 0x79 },  // 難
    { 0x96E4, 0xEB, 0x7A },  // 雤
    { 0x96E5, 0xEB, 0x7B },  // 雥
    { 0x96E6, 0xEB, 0x7C },  // 雦
    { 0x96E7, 0xEB, 0x7D },  // 雧
    { 0x96E8, 0xD3, 0xEA },  // 雨
    { 0x96E9, 0xF6, 0xA7 },  // 雩
    { 0x96EA, 0xD1, 0xA9 },  // 雪
    { 0x96EB, 0xEB, 0x7E },  // 雫
    { 0x96EC, 0xEB, 0x80 },  // 雬
    { 0x96ED, 0xEB, 0x81 },  // 雭
    { 0x96EE, 0xEB, 0x82 },  // 雮
    { 0x96EF, 0xF6, 0xA9 },  // 雯
    { 0x96F0, 0xEB, 0x83 },  // 雰
    { 0x96F1, 0xEB, 0x84 },  // 雱
    { 0x96F2, 0xEB, 0x85 },  // 雲
    { 0x96F3, 0xF6, 0xA8 },  // 雳
    { 0x96F4, 0xEB, 0x86 },  // 雴
    { 0x96F5, 0xEB, 0x87 },  // 雵
    { 0x96F6, 0xC1, 0xE3 },  // 零
    { 0x96F7, 0xC0, 0xD7 },  // 雷
    { 0x96F8, 0xEB, 0x88 },  // 雸
    { 0x96F9, 0xB1, 0xA2 },  // 雹
    { 0x96FA, 0xEB, 0x89 },  // 雺
    { 0x96FB, 0xEB, 0x8A },  // 電
    { 0x96FC, 0xEB, 0x8B },  // 雼
    { 0x96FD, 0xEB, 0x8C },  // 雽
    { 0x96FE, 0xCE, 0xED },  // 雾
    { 0x96FF, 0xEB, 0x8D },  // 雿
    { 0x9700, 0xD0, 0xE8 },  // 需
    { 0x9701, 0xF6, 0xAB },  // 霁
    { 0x9702, 0xEB, 0x8E },  // 霂
    { 0x9703, 0xEB, 0x8F },  // 霃
    { 0x9704, 0xCF, 0xF6 },  // 霄
    { 0x9705, 0xEB, 0x90 },  // 霅
    { 0x9706, 0xF6, 0xAA },  // 霆
    { 0x9707, 0xD5, 0xF0 },  // 震
    { 0x9708, 0xF6, 0xAC },  // 霈
    { 0x9709, 0xC3, 0xB9 },  // 霉
    { 0x970A, 0xEB, 0x91 },  // 霊
    { 0x970B, 0xEB, 0x92 },  // 霋
    { 0x970C, 0xEB, 0x93 },  // 霌
    { 0x970D, 0xBB, 0xF4 },  // 霍
    { 0x970E, 0xF6, 0xAE },  // 霎
    { 0x970F, 0xF6, 0xAD },  // 霏
    { 0x9710, 0xEB, 0x94 },  // 霐
    { 0x9711, 0xEB, 0x95 },  // 霑
    { 0x9712, 0xEB, 0x96 },  // 霒
    { 0x9713, 0xC4, 0xDE },  // 霓
    { 0x9714, 0xEB, 0x97 },  // 霔
    { 0x9715, 0xEB, 0x98 },  // 霕
    { 0x9716, 0xC1, 0xD8 },  // 霖
    { 0x9717, 0xEB, 0x99 },  // 霗
    { 0x9718, 0xEB, 0x9A },  // 霘
    { 0x9719, 0xEB, 0x9B },  // 霙
    { 0x971A, 0xEB, 0x9C },  // 霚
    { 0x971B, 0xEB, 0x9D },  // 霛
    { 0x971C, 0xCB, 0xAA },  // 霜
    { 0x971D, 0xEB, 0x9E },  // 霝
    { 0x971E, 0xCF, 0xBC },  // 霞
    { 0x971F, 0xEB, 0x9F },  // 霟
    { 0x9720, 0xEB, 0xA0 },  // 霠
    { 0x9721, 0xEC, 0x40 },  // 霡
    { 0x9722, 0xEC, 0x41 },  // 霢
    { 0x9723, 0xEC, 0x42 },  // 霣
    { 0x9724, 0xEC, 0x43 },  // 霤
    { 0x9725, 0xEC, 0x44 },  // 霥
    { 0x9726, 0xEC, 0x45 },  // 霦
    { 0x9727, 0xEC, 0x46 },  // 霧
    { 0x9728, 0xEC, 0x47 },  // 霨
    { 0x9729, 0xEC, 0x48 },  // 霩
    { 0x972A, 0xF6, 0xAF },  // 霪
    { 0x972B, 0xEC, 0x49 },  // 霫
    { 0x972C, 0xEC, 0x4A },  // 霬
    { 0x972D, 0xF6, 0xB0 },  // 霭
    { 0x972E, 0xEC, 0x4B },  // 霮
    { 0x972F, 0xEC, 0x4C },  // 霯
    { 0x9730, 0xF6, 0xB1 },  // 霰
    { 0x9731, 0xEC, 0x4D },  // 霱
    { 0x9732, 0xC2, 0xB6 },  // 露
    { 0x9733, 0xEC, 0x4E },  // 霳
    { 0x9734, 0xEC, 0x4F },  // 霴
    { 0x9735, 0xEC, 0x50 },  // 霵
    { 0x9736, 0xEC, 0x51 },  // 霶
    { 0x9737, 0xEC, 0x52 },  // 霷
    { 0x9738, 0xB0, 0xD4 },  // 霸
    { 0x9739, 0xC5, 0xF9 },  // 霹
    { 0x973A, 0xEC, 0x53 },  // 霺
    { 0x973B, 0xEC, 0x54 },  // 霻
    { 0x973C, 0xEC, 0x55 },  // 霼
    { 0x973D, 0xEC, 0x56 },  // 霽
    { 0x973E, 0xF6, 0xB2 },  // 霾
    { 0x973F, 0xEC, 0x57 },  // 霿
    { 0x9740, 0xEC, 0x58 },  // 靀
    { 0x9741, 0xEC, 0x59 },  // 靁
    { 0x9742, 0xEC, 0x5A },  // 靂
    { 0x9743, 0xEC, 0x5B },  // 靃
    { 0x9744, 0xEC, 0x5C },  // 靄
    { 0x9745, 0xEC, 0x5D },  // 靅
    { 0x9746, 0xEC, 0x5E },  // 靆
    { 0x9747, 0xEC, 0x5F },  // 靇
    { 0x9748, 0xEC, 0x60 },  // 靈
    { 0x9749, 0xEC, 0x61 },  // 靉
    { 0x974A, 0xEC, 0x62 },  // 靊
    { 0x974B, 0xEC, 0x63 },  // 靋
    { 0x974C, 0xEC, 0x64 },  // 靌
    { 0x974D, 0xEC, 0x65 },  // 靍
    { 0x974E, 0xEC, 0x66 },  // 靎
    { 0x974F, 0xEC, 0x67 },  // 靏
    { 0x9750, 0xEC, 0x68 },  // 靐
    { 0x9751, 0xEC, 0x69 },  // 靑
    { 0x9752, 0xC7, 0xE0 },  // 青
    { 0x9753, 0xF6, 0xA6 },  // 靓
    { 0x9754, 0xEC, 0x6A },  // 靔
    { 0x9755, 0xEC, 0x6B },  // 靕
    { 0x9756, 0xBE, 0xB8 },  // 靖
    { 0x9757, 0xEC, 0x6C },  // 靗
    { 0x9758, 0xEC, 0x6D },  // 靘
    { 0x9759, 0xBE, 0xB2 },  // 静
    { 0x975A, 0xEC, 0x6E },  // 靚
    { 0x975B, 0xB5, 0xE5 },  // 靛
    { 0x975C, 0xEC, 0x6F },  // 靜
    { 0x975D, 0xEC, 0x70 },  // 靝
    { 0x975E, 0xB7, 0xC7 },  // 非
    { 0x975F, 0xEC, 0x71 },  // 靟
    { 0x9760, 0xBF, 0xBF },  // 靠
    { 0x9761, 0xC3, 0xD2 },  // 靡
    { 0x9762, 0xC3, 0xE6 },  // 面
    { 0x9763, 0xEC, 0x72 },  // 靣
    { 0x9764, 0xEC, 0x73 },  // 靤
    { 0x9765, 0xD8, 0xCC },  // 靥
    { 0x9766, 0xEC, 0x74 },  // 靦
    { 0x9767, 0xEC, 0x75 },  // 靧
    { 0x9768, 0xEC, 0x76 },  // 靨
    { 0x9769, 0xB8, 0xEF },  // 革
    { 0x976A, 0xEC, 0x77 },  // 靪
    { 0x976B, 0xEC, 0x78 },  // 靫
    { 0x976C, 0xEC, 0x79 },  // 靬
    { 0x976D, 0xEC, 0x7A },  // 靭
    { 0x976E, 0xEC, 0x7B },  // 靮
    { 0x976F, 0xEC, 0x7C },  // 靯
    { 0x9770, 0xEC, 0x7D },  // 靰
    { 0x9771, 0xEC, 0x7E },  // 靱
    { 0x9772, 0xEC, 0x80 },  // 靲
    { 0x9773, 0xBD, 0xF9 },  // 靳
    { 0x9774, 0xD1, 0xA5 },  // 靴
    { 0x9775, 0xEC, 0x81 },  // 靵
    { 0x9776, 0xB0, 0xD0 },  // 靶
    { 0x9777, 0xEC, 0x82 },  // 靷
    { 0x9778, 0xEC, 0x83 },  // 靸
    { 0x9779, 0xEC, 0x84 },  // 靹
    { 0x977A, 0xEC, 0x85 },  // 靺
    { 0x977B, 0xEC, 0x86 },  // 靻
    { 0x977C, 0xF7, 0xB0 },  // 靼
    { 0x977D, 0xEC, 0x87 },  // 靽
    { 0x977E, 0xEC, 0x88 },  // 靾
    { 0x977F, 0xEC, 0x89 },  // 靿
    { 0x9780, 0xEC, 0x8A },  // 鞀
    { 0x9781, 0xEC, 0x8B },  // 鞁
    { 0x9782, 0xEC, 0x8C },  // 鞂
    { 0x9783, 0xEC, 0x8D },  // 鞃
    { 0x9784, 0xEC, 0x8E },  // 鞄
    { 0x9785, 0xF7, 0xB1 },  // 鞅
    { 0x9786, 0xEC, 0x8F },  // 鞆
    { 0x9787, 0xEC, 0x90 },  // 鞇
    { 0x9788, 0xEC, 0x91 },  // 鞈
    { 0x9789, 0xEC, 0x92 },  // 鞉
    { 0x978A, 0xEC, 0x93 },  // 鞊
    { 0x978B, 0xD0, 0xAC },  // 鞋
    { 0x978C, 0xEC, 0x94 },  // 鞌
    { 0x978D, 0xB0, 0xB0 },  // 鞍
    { 0x978E, 0xEC, 0x95 },  // 鞎
    { 0x978F, 0xEC, 0x96 },  // 鞏
    { 0x9790, 0xEC, 0x97 },  // 鞐
    { 0x9791, 0xF7, 0xB2 },  // 鞑
    { 0x9792, 0xF7, 0xB3 },  // 鞒
    { 0x9793, 0xEC, 0x98 },  // 鞓
    { 0x9794, 0xF7, 0xB4 },  // 鞔
    { 0x9795, 0xEC, 0x99 },  // 鞕
    { 0x9796, 0xEC, 0x9A },  // 鞖
    { 0x9797, 0xEC, 0x9B },  // 鞗
    { 0x9798, 0xC7, 0xCA },  // 鞘
    { 0x9799, 0xEC, 0x9C },  // 鞙
    { 0x979A, 0xEC, 0x9D },  // 鞚
    { 0x979B, 0xEC, 0x9E },  // 鞛
    { 0x979C, 0xEC, 0x9F },  // 鞜
    { 0x979D, 0xEC, 0xA0 },  // 鞝
    { 0x979E, 0xED, 0x40 },  // 鞞
    { 0x979F, 0xED, 0x41 },  // 鞟
    { 0x97A0, 0xBE, 0xCF },  // 鞠
    { 0x97A1, 0xED, 0x42 },  // 鞡
    { 0x97A2, 0xED, 0x43 },  // 鞢
    { 0x97A3, 0xF7, 0xB7 },  // 鞣
    { 0x97A4, 0xED, 0x44 },  // 鞤
    { 0x97A5, 0xED, 0x45 },  // 鞥
    { 0x97A6, 0xED, 0x46 },  // 鞦
    { 0x97A7, 0xED, 0x47 },  // 鞧
    { 0x97A8, 0xED, 0x48 },  // 鞨
    { 0x97A9, 0xED, 0x49 },  // 鞩
    { 0x97AA, 0xED, 0x4A },  // 鞪
    { 0x97AB, 0xF7, 0xB6 },  // 鞫
    { 0x97AC, 0xED, 0x4B },  // 鞬
    { 0x97AD, 0xB1, 0xDE },  // 鞭
    { 0x97AE, 0xED, 0x4C },  // 鞮
    { 0x97AF, 0xF7, 0xB5 },  // 鞯
    { 0x97B0, 0xED, 0x4D },  // 鞰
    { 0x97B1, 0xED, 0x4E },  // 鞱
    { 0x97B2, 0xF7, 0xB8 },  // 鞲
    { 0x97B3, 0xED, 0x4F },  // 鞳
    { 0x97B4, 0xF7, 0xB9 },  // 鞴
    { 0x97B5, 0xED, 0x50 },  // 鞵
    { 0x97B6, 0xED, 0x51 },  // 鞶
    { 0x97B7, 0xED, 0x52 },  // 鞷
    { 0x97B8, 0xED, 0x53 },  // 鞸
    { 0x97B9, 0xED, 0x54 },  // 鞹
    { 0x97BA, 0xED, 0x55 },  // 鞺
    { 0x97BB, 0xED, 0x56 },  // 鞻
    { 0x97BC, 0xED, 0x57 },  // 鞼
    { 0x97BD, 0xED, 0x58 },  // 鞽
    { 0x97BE, 0xED, 0x59 },  // 鞾
    { 0x97BF, 0xED, 0x5A },  // 鞿
    { 0x97C0, 0xED, 0x5B },  // 韀
    { 0x97C1, 0xED, 0x5C },  // 韁
    { 0x97C2, 0xED, 0x5D },  // 韂
    { 0x97C3, 0xED, 0x5E },  // 韃
    { 0x97C4, 0xED, 0x5F },  // 韄
    { 0x97C5, 0xED, 0x60 },  // 韅
    { 0x97C6, 0xED, 0x61 },  // 韆
    { 0x97C7, 0xED, 0x62 },  // 韇
    { 0x97C8, 0xED, 0x63 },  // 韈
    { 0x97C9, 0xED, 0x64 },  // 韉
    { 0x97CA, 0xED, 0x65 },  // 韊
    { 0x97CB, 0xED, 0x66 },  // 韋
    { 0x97CC, 0xED, 0x67 },  // 韌
    { 0x97CD, 0xED, 0x68 },  // 韍
    { 0x97CE, 0xED, 0x69 },  // 韎
    { 0x97CF, 0xED, 0x6A },  // 韏
    { 0x97D0, 0xED, 0x6B },  // 韐
    { 0x97D1, 0xED, 0x6C },  // 韑
    { 0x97D2, 0xED, 0x6D },  // 韒
    { 0x97D3, 0xED, 0x6E },  // 韓
    { 0x97D4, 0xED, 0x6F },  // 韔
    { 0x97D5, 0xED, 0x70 },  // 韕
    { 0x97D6, 0xED, 0x71 },  // 韖
    { 0x97D7, 0xED, 0x72 },  // 韗
    { 0x97D8, 0xED, 0x73 },  // 韘
    { 0x97D9, 0xED, 0x74 },  // 韙
    { 0x97DA, 0xED, 0x75 },  // 韚
    { 0x97DB, 0xED, 0x76 },  // 韛
    { 0x97DC, 0xED, 0x77 },  // 韜
    { 0x97DD, 0xED, 0x78 },  // 韝
    { 0x97DE, 0xED, 0x79 },  // 韞
    { 0x97DF, 0xED, 0x7A },  // 韟
    { 0x97E0, 0xED, 0x7B },  // 韠
    { 0x97E1, 0xED, 0x7C },  // 韡
    { 0x97E2, 0xED, 0x7D },  // 韢
    { 0x97E3, 0xED, 0x7E },  // 韣
    { 0x97E4, 0xED, 0x80 },  // 韤
    { 0x97E5, 0xED, 0x81 },  // 韥
    { 0x97E6, 0xCE, 0xA4 },  // 韦
    { 0x97E7, 0xC8, 0xCD },  // 韧
    { 0x97E8, 0xED, 0x82 },  // 韨
    { 0x97E9, 0xBA, 0xAB },  // 韩
    { 0x97EA, 0xE8, 0xB8 },  // 韪
    { 0x97EB, 0xE8, 0xB9 },  // 韫
    { 0x97EC, 0xE8, 0xBA },  // 韬
    { 0x97ED, 0xBE, 0xC2 },  // 韭
    { 0x97EE, 0xED, 0x83 },  // 韮
    { 0x97EF, 0xED, 0x84 },  // 韯
    { 0x97F0, 0xED, 0x85 },  // 韰
    { 0x97F1, 0xED, 0x86 },  // 韱
    { 0x97F2, 0xED, 0x87 },  // 韲
    { 0x97F3, 0xD2, 0xF4 },  // 音
    { 0x97F4, 0xED, 0x88 },  // 韴
    { 0x97F5, 0xD4, 0xCF },  // 韵
    { 0x97F6, 0xC9, 0xD8 },  // 韶
    { 0x97F7, 0xED, 0x89 },  // 韷
    { 0x97F8, 0xED, 0x8A },  // 韸
    { 0x97F9, 0xED, 0x8B },  // 韹
    { 0x97FA, 0xED, 0x8C },  // 韺
    { 0x97FB, 0xED, 0x8D },  // 韻
    { 0x97FC, 0xED, 0x8E },  // 韼
    { 0x97FD, 0xED, 0x8F },  // 韽
    { 0x97FE, 0xED, 0x90 },  // 韾
    { 0x97FF, 0xED, 0x91 },  // 響
    { 0x9800, 0xED, 0x92 },  // 頀
    { 0x9801, 0xED, 0x93 },  // 頁
    { 0x9802, 0xED, 0x94 },  // 頂
    { 0x9803, 0xED, 0x95 },  // 頃
    { 0x9804, 0xED, 0x96 },  // 頄
    { 0x9805, 0xED, 0x97 },  // 項
    { 0x9806, 0xED, 0x98 },  // 順
    { 0x9807, 0xED, 0x99 },  // 頇
    { 0x9808, 0xED, 0x9A },  // 須
    { 0x9809, 0xED, 0x9B },  // 頉
    { 0x980A, 0xED, 0x9C },  // 頊
    { 0x980B, 0xED, 0x9D },  // 頋
    { 0x980C, 0xED, 0x9E },  // 頌
    { 0x980D, 0xED, 0x9F },  // 頍
    { 0x980E, 0xED, 0xA0 },  // 頎
    { 0x980F, 0xEE, 0x40 },  // 頏
    { 0x9810, 0xEE, 0x41 },  // 預
    { 0x9811, 0xEE, 0x42 },  // 頑
    { 0x9812, 0xEE, 0x43 },  // 頒
    { 0x9813, 0xEE, 0x44 },  // 頓
    { 0x9814, 0xEE, 0x45 },  // 頔
    { 0x9815, 0xEE, 0x46 },  // 頕
    { 0x9816, 0xEE, 0x47 },  // 頖
    { 0x9817, 0xEE, 0x48 },  // 頗
    { 0x9818, 0xEE, 0x49 },  // 領
    { 0x9819, 0xEE, 0x4A },  // 頙
    { 0x981A, 0xEE, 0x4B },  // 頚
    { 0x981B, 0xEE, 0x4C },  // 頛
    { 0x981C, 0xEE, 0x4D },  // 頜
    { 0x981D, 0xEE, 0x4E },  // 頝
    { 0x981E, 0xEE, 0x4F },  // 頞
    { 0x981F, 0xEE, 0x50 },  // 頟
    { 0x9820, 0xEE, 0x51 },  // 頠
    { 0x9821, 0xEE, 0x52 },  // 頡
    { 0x9822, 0xEE, 0x53 },  // 頢
    { 0x9823, 0xEE, 0x54 },  // 頣
    { 0x9824, 0xEE, 0x55 },  // 頤
    { 0x9825, 0xEE, 0x56 },  // 頥
    { 0x9826, 0xEE, 0x57 },  // 頦
    { 0x9827, 0xEE, 0x58 },  // 頧
    { 0x9828, 0xEE, 0x59 },  // 頨
    { 0x9829, 0xEE, 0x5A },  // 頩
    { 0x982A, 0xEE, 0x5B },  // 頪
    { 0x982B, 0xEE, 0x5C },  // 頫
    { 0x982C, 0xEE, 0x5D },  // 頬
    { 0x982D, 0xEE, 0x5E },  // 頭
    { 0x982E, 0xEE, 0x5F },  // 頮
    { 0x982F, 0xEE, 0x60 },  // 頯
    { 0x9830, 0xEE, 0x61 },  // 頰
    { 0x9831, 0xEE, 0x62 },  // 頱
    { 0x9832, 0xEE, 0x63 },  // 頲
    { 0x9833, 0xEE, 0x64 },  // 頳
    { 0x9834, 0xEE, 0x65 },  // 頴
    { 0x9835, 0xEE, 0x66 },  // 頵
    { 0x9836, 0xEE, 0x67 },  // 頶
    { 0x9837, 0xEE, 0x68 },  // 頷
    { 0x9838, 0xEE, 0x69 },  // 頸
    { 0x9839, 0xEE, 0x6A },  // 頹
    { 0x983A, 0xEE, 0x6B },  // 頺
    { 0x983B, 0xEE, 0x6C },  // 頻
    { 0x983C, 0xEE, 0x6D },  // 頼
    { 0x983D, 0xEE, 0x6E },  // 頽
    { 0x983E, 0xEE, 0x6F },  // 頾
    { 0x983F, 0xEE, 0x70 },  // 頿
    { 0x9840, 0xEE, 0x71 },  // 顀
    { 0x9841, 0xEE, 0x72 },  // 顁
    { 0x9842, 0xEE, 0x73 },  // 顂
    { 0x9843, 0xEE, 0x74 },  // 顃
    { 0x9844, 0xEE, 0x75 },  // 顄
    { 0x9845, 0xEE, 0x76 },  // 顅
    { 0x9846, 0xEE, 0x77 },  // 顆
    { 0x9847, 0xEE, 0x78 },  // 顇
    { 0x9848, 0xEE, 0x79 },  // 顈
    { 0x9849, 0xEE, 0x7A },  // 顉
    { 0x984A, 0xEE, 0x7B },  // 顊
    { 0x984B, 0xEE, 0x7C },  // 顋
    { 0x984C, 0xEE, 0x7D },  // 題
    { 0x984D, 0xEE, 0x7E },  // 額
    { 0x984E, 0xEE, 0x80 },  // 顎
    { 0x984F, 0xEE, 0x81 },  // 顏
    { 0x9850, 0xEE, 0x82 },  // 顐
    { 0x9851, 0xEE, 0x83 },  // 顑
    { 0x9852, 0xEE, 0x84 },  // 顒
    { 0x9853, 0xEE, 0x85 },  // 顓
    { 0x9854, 0xEE, 0x86 },  // 顔
    { 0x9855, 0xEE, 0x87 },  // 顕
    { 0x9856, 0xEE, 0x88 },  // 顖
    { 0x9857, 0xEE, 0x89 },  // 顗
    { 0x9858, 0xEE, 0x8A },  // 願
    { 0x9859, 0xEE, 0x8B },  // 顙
    { 0x985A, 0xEE, 0x8C },  // 顚
    { 0x985B, 0xEE, 0x8D },  // 顛
    { 0x985C, 0xEE, 0x8E },  // 顜
    { 0x985D, 0xEE, 0x8F },  // 顝
    { 0x985E, 0xEE, 0x90 },  // 類
    { 0x985F, 0xEE, 0x91 },  // 顟
    { 0x9860, 0xEE, 0x92 },  // 顠
    { 0x9861, 0xEE, 0x93 },  // 顡
    { 0x9862, 0xEE, 0x94 },  // 顢
    { 0x9863, 0xEE, 0x95 },  // 顣
    { 0x9864, 0xEE, 0x96 },  // 顤
    { 0x9865, 0xEE, 0x97 },  // 顥
    { 0x9866, 0xEE, 0x98 },  // 顦
    { 0x9867, 0xEE, 0x99 },  // 顧
    { 0x9868, 0xEE, 0x9A },  // 顨
    { 0x9869, 0xEE, 0x9B },  // 顩
    { 0x986A, 0xEE, 0x9C },  // 顪
    { 0x986B, 0xEE, 0x9D },  // 顫
    { 0x986C, 0xEE, 0x9E },  // 顬
    { 0x986D, 0xEE, 0x9F },  // 顭
    { 0x986E, 0xEE, 0xA0 },  // 顮
    { 0x986F, 0xEF, 0x40 },  // 顯
    { 0x9870, 0xEF, 0x41 },  // 顰
    { 0x9871, 0xEF, 0x42 },  // 顱
    { 0x9872, 0xEF, 0x43 },  // 顲
    { 0x9873, 0xEF, 0x44 },  // 顳
    { 0x9874, 0xEF, 0x45 },  // 顴
    { 0x9875, 0xD2, 0xB3 },  // 页
    { 0x9876, 0xB6, 0xA5 },  // 顶
    { 0x9877, 0xC7, 0xEA },  // 顷
    { 0x9878, 0xF1, 0xFC },  // 顸
    { 0x9879, 0xCF, 0xEE },  // 项
    { 0x987A, 0xCB, 0xB3 },  // 顺
    { 0x987B, 0xD0, 0xEB },  // 须
    { 0x987C, 0xE7, 0xEF },  // 顼
    { 0x987D, 0xCD, 0xE7 },  // 顽
    { 0x987E, 0xB9, 0xCB },  // 顾
    { 0x987F, 0xB6, 0xD9 },  // 顿
    { 0x9880, 0xF1, 0xFD },  // 颀
    { 0x9881, 0xB0, 0xE4 },  // 颁
    { 0x9882, 0xCB, 0xCC },  // 颂
    { 0x9883, 0xF1, 0xFE },  // 颃
    { 0x9884, 0xD4, 0xA4 },  // 预
    { 0x9885, 0xC2, 0xAD },  // 颅
    { 0x9886, 0xC1, 0xEC },  // 领
    { 0x9887, 0xC6, 0xC4 },  // 颇
    { 0x9888, 0xBE, 0xB1 },  // 颈
    { 0x9889, 0xF2, 0xA1 },  // 颉
    { 0x988A, 0xBC, 0xD5 },  // 颊
    { 0x988B, 0xEF, 0x46 },  // 颋
    { 0x988C, 0xF2, 0xA2 },  // 颌
    { 0x988D, 0xF2, 0xA3 },  // 颍
    { 0x988E, 0xEF, 0x47 },  // 颎
    { 0x988F, 0xF2, 0xA4 },  // 颏
    { 0x9890, 0xD2, 0xC3 },  // 颐
    { 0x9891, 0xC6, 0xB5 },  // 频
    { 0x9892, 0xEF, 0x48 },  // 颒
    { 0x9893, 0xCD, 0xC7 },  // 颓
    { 0x9894, 0xF2, 0xA5 },  // 颔
    { 0x9895, 0xEF, 0x49 },  // 颕
    { 0x9896, 0xD3, 0xB1 },  // 颖
    { 0x9897, 0xBF, 0xC5 },  // 颗
    { 0x9898, 0xCC, 0xE2 },  // 题
    { 0x9899, 0xEF, 0x4A },  // 颙
    { 0x989A, 0xF2, 0xA6 },  // 颚
    { 0x989B, 0xF2, 0xA7 },  // 颛
    { 0x989C, 0xD1, 0xD5 },  // 颜
    { 0x989D, 0xB6, 0xEE },  // 额
    { 0x989E, 0xF2, 0xA8 },  // 颞
    { 0x989F, 0xF2, 0xA9 },  // 颟
    { 0x98A0, 0xB5, 0xDF },  // 颠
    { 0x98A1, 0xF2, 0xAA },  // 颡
    { 0x98A2, 0xF2, 0xAB },  // 颢
    { 0x98A3, 0xEF, 0x4B },  // 颣
    { 0x98A4, 0xB2, 0xFC },  // 颤
    { 0x98A5, 0xF2, 0xAC },  // 颥
    { 0x98A6, 0xF2, 0xAD },  // 颦
    { 0x98A7, 0xC8, 0xA7 },  // 颧
    { 0x98A8, 0xEF, 0x4C },  // 風
    { 0x98A9, 0xEF, 0x4D },  // 颩
    { 0x98AA, 0xEF, 0x4E },  // 颪
    { 0x98AB, 0xEF, 0x4F },  // 颫
    { 0x98AC, 0xEF, 0x50 },  // 颬
    { 0x98AD, 0xEF, 0x51 },  // 颭
    { 0x98AE, 0xEF, 0x52 },  // 颮
    { 0x98AF, 0xEF, 0x53 },  // 颯
    { 0x98B0, 0xEF, 0x54 },  // 颰
    { 0x98B1, 0xEF, 0x55 },  // 颱
    { 0x98B2, 0xEF, 0x56 },  // 颲
    { 0x98B3, 0xEF, 0x57 },  // 颳
    { 0x98B4, 0xEF, 0x58 },  // 颴
    { 0x98B5, 0xEF, 0x59 },  // 颵
    { 0x98B6, 0xEF, 0x5A },  // 颶
    { 0x98B7, 0xEF, 0x5B },  // 颷
    { 0x98B8, 0xEF, 0x5C },  // 颸
    { 0x98B9, 0xEF, 0x5D },  // 颹
    { 0x98BA, 0xEF, 0x5E },  // 颺
    { 0x98BB, 0xEF, 0x5F },  // 颻
    { 0x98BC, 0xEF, 0x60 },  // 颼
    { 0x98BD, 0xEF, 0x61 },  // 颽
    { 0x98BE, 0xEF, 0x62 },  // 颾
    { 0x98BF, 0xEF, 0x63 },  // 颿
    { 0x98C0, 0xEF, 0x64 },  // 飀
    { 0x98C1, 0xEF, 0x65 },  // 飁
    { 0x98C2, 0xEF, 0x66 },  // 飂
    { 0x98C3, 0xEF, 0x67 },  // 飃
    { 0x98C4, 0xEF, 0x68 },  // 飄
    { 0x98C5, 0xEF, 0x69 },  // 飅
    { 0x98C6, 0xEF, 0x6A },  // 飆
    { 0x98C7, 0xEF, 0x6B },  // 飇
    { 0x98C8, 0xEF, 0x6C },  // 飈
    { 0x98C9, 0xEF, 0x6D },  // 飉
    { 0x98CA, 0xEF, 0x6E },  // 飊
    { 0x98CB, 0xEF, 0x6F },  // 飋
    { 0x98CC, 0xEF, 0x70 },  // 飌
    { 0x98CD, 0xEF, 0x71 },  // 飍
    { 0x98CE, 0xB7, 0xE7 },  // 风
    { 0x98CF, 0xEF, 0x72 },  // 飏
    { 0x98D0, 0xEF, 0x73 },  // 飐
    { 0x98D1, 0xEC, 0xA9 },  // 飑
    { 0x98D2, 0xEC, 0xAA },  // 飒
    { 0x98D3, 0xEC, 0xAB },  // 飓
    { 0x98D4, 0xEF, 0x74 },  // 飔
    { 0x98D5, 0xEC, 0xAC },  // 飕
    { 0x98D6, 0xEF, 0x75 },  // 飖
    { 0x98D7, 0xEF, 0x76 },  // 飗
    { 0x98D8, 0xC6, 0xAE },  // 飘
    { 0x98D9, 0xEC, 0xAD },  // 飙
    { 0x98DA, 0xEC, 0xAE },  // 飚
    { 0x98DB, 0xEF, 0x77 },  // 飛
    { 0x98DC, 0xEF, 0x78 },  // 飜
    { 0x98DD, 0xEF, 0x79 },  // 飝
    { 0x98DE, 0xB7, 0xC9 },  // 飞
    { 0x98DF, 0xCA, 0xB3 },  // 食
    { 0x98E0, 0xEF, 0x7A },  // 飠
    { 0x98E1, 0xEF, 0x7B },  // 飡
    { 0x98E2, 0xEF, 0x7C },  // 飢
    { 0x98E3, 0xEF, 0x7D },  // 飣
    { 0x98E4, 0xEF, 0x7E },  // 飤
    { 0x98E5, 0xEF, 0x80 },  // 飥
    { 0x98E6, 0xEF, 0x81 },  // 飦
    { 0x98E7, 0xE2, 0xB8 },  // 飧
    { 0x98E8, 0xF7, 0xCF },  // 飨
    { 0x98E9, 0xEF, 0x82 },  // 飩
    { 0x98EA, 0xEF, 0x83 },  // 飪
    { 0x98EB, 0xEF, 0x84 },  // 飫
    { 0x98EC, 0xEF, 0x85 },  // 飬
    { 0x98ED, 0xEF, 0x86 },  // 飭
    { 0x98EE, 0xEF, 0x87 },  // 飮
    { 0x98EF, 0xEF, 0x88 },  // 飯
    { 0x98F0, 0xEF, 0x89 },  // 飰
    { 0x98F1, 0xEF, 0x8A },  // 飱
    { 0x98F2, 0xEF, 0x8B },  // 飲
    { 0x98F3, 0xEF, 0x8C },  // 飳
    { 0x98F4, 0xEF, 0x8D },  // 飴
    { 0x98F5, 0xEF, 0x8E },  // 飵
    { 0x98F6, 0xEF, 0x8F },  // 飶
    { 0x98F7, 0xEF, 0x90 },  // 飷
    { 0x98F8, 0xEF, 0x91 },  // 飸
    { 0x98F9, 0xEF, 0x92 },  // 飹
    { 0x98FA, 0xEF, 0x93 },  // 飺
    { 0x98FB, 0xEF, 0x94 },  // 飻
    { 0x98FC, 0xEF, 0x95 },  // 飼
    { 0x98FD, 0xEF, 0x96 },  // 飽
    { 0x98FE, 0xEF, 0x97 },  // 飾
    { 0x98FF, 0xEF, 0x98 },  // 飿
    { 0x9900, 0xEF, 0x99 },  // 餀
    { 0x9901, 0xEF, 0x9A },  // 餁
    { 0x9902, 0xEF, 0x9B },  // 餂
    { 0x9903, 0xEF, 0x9C },  // 餃
    { 0x9904, 0xEF, 0x9D },  // 餄
    { 0x9905, 0xEF, 0x9E },  // 餅
    { 0x9906, 0xEF, 0x9F },  // 餆
    { 0x9907, 0xEF, 0xA0 },  // 餇
    { 0x9908, 0xF0, 0x40 },  // 餈
    { 0x9909, 0xF0, 0x41 },  // 餉
    { 0x990A, 0xF0, 0x42 },  // 養
    { 0x990B, 0xF0, 0x43 },  // 餋
    { 0x990C, 0xF0, 0x44 },  // 餌
    { 0x990D, 0xF7, 0xD0 },  // 餍
    { 0x990E, 0xF0, 0x45 },  // 餎
    { 0x990F, 0xF0, 0x46 },  // 餏
    { 0x9910, 0xB2, 0xCD },  // 餐
    { 0x9911, 0xF0, 0x47 },  // 餑
    { 0x9912, 0xF0, 0x48 },  // 餒
    { 0x9913, 0xF0, 0x49 },  // 餓
    { 0x9914, 0xF0, 0x4A },  // 餔
    { 0x9915, 0xF0, 0x4B },  // 餕
    { 0x9916, 0xF0, 0x4C },  // 餖
    { 0x9917, 0xF0, 0x4D },  // 餗
    { 0x9918, 0xF0, 0x4E },  // 餘
    { 0x9919, 0xF0, 0x4F },  // 餙
    { 0x991A, 0xF0, 0x50 },  // 餚
    { 0x991B, 0xF0, 0x51 },  // 餛
    { 0x991C, 0xF0, 0x52 },  // 餜
    { 0x991D, 0xF0, 0x53 },  // 餝
    { 0x991E, 0xF0, 0x54 },  // 餞
    { 0x991F, 0xF0, 0x55 },  // 餟
    { 0x9920, 0xF0, 0x56 },  // 餠
    { 0x9921, 0xF0, 0x57 },  // 餡
    { 0x9922, 0xF0, 0x58 },  // 餢
    { 0x9923, 0xF0, 0x59 },  // 餣
    { 0x9924, 0xF0, 0x5A },  // 餤
    { 0x9925, 0xF0, 0x5B },  // 餥
    { 0x9926, 0xF0, 0x5C },  // 餦
    { 0x9927, 0xF0, 0x5D },  // 餧
    { 0x9928, 0xF0, 0x5E },  // 館
    { 0x9929, 0xF0, 0x5F },  // 餩
    { 0x992A, 0xF0, 0x60 },  // 餪
    { 0x992B, 0xF0, 0x61 },  // 餫
    { 0x992C, 0xF0, 0x62 },  // 餬
    { 0x992D, 0xF0, 0x63 },  // 餭
    { 0x992E, 0xF7, 0xD1 },  // 餮
    { 0x992F, 0xF0, 0x64 },  // 餯
    { 0x9930, 0xF0, 0x65 },  // 餰
    { 0x9931, 0xF0, 0x66 },  // 餱
    { 0x9932, 0xF0, 0x67 },  // 餲
    { 0x9933, 0xF0, 0x68 },  // 餳
    { 0x9934, 0xF0, 0x69 },  // 餴
    { 0x9935, 0xF0, 0x6A },  // 餵
    { 0x9936, 0xF0, 0x6B },  // 餶
    { 0x9937, 0xF0, 0x6C },  // 餷
    { 0x9938, 0xF0, 0x6D },  // 餸
    { 0x9939, 0xF0, 0x6E },  // 餹
    { 0x993A, 0xF0, 0x6F },  // 餺
    { 0x993B, 0xF0, 0x70 },  // 餻
    { 0x993C, 0xF0, 0x71 },  // 餼
    { 0x993D, 0xF0, 0x72 },  // 餽
    { 0x993E, 0xF0, 0x73 },  // 餾
    { 0x993F, 0xF0, 0x74 },  // 餿
    { 0x9940, 0xF0, 0x75 },  // 饀
    { 0x9941, 0xF0, 0x76 },  // 饁
    { 0x9942, 0xF0, 0x77 },  // 饂
    { 0x9943, 0xF0, 0x78 },  // 饃
    { 0x9944, 0xF0, 0x79 },  // 饄
    { 0x9945, 0xF0, 0x7A },  // 饅
    { 0x9946, 0xF0, 0x7B },  // 饆
    { 0x9947, 0xF0, 0x7C },  // 饇
    { 0x9948, 0xF0, 0x7D },  // 饈
    { 0x9949, 0xF0, 0x7E },  // 饉
    { 0x994A, 0xF0, 0x80 },  // 饊
    { 0x994B, 0xF0, 0x81 },  // 饋
    { 0x994C, 0xF0, 0x82 },  // 饌
    { 0x994D, 0xF0, 0x83 },  // 饍
    { 0x994E, 0xF0, 0x84 },  // 饎
    { 0x994F, 0xF0, 0x85 },  // 饏
    { 0x9950, 0xF0, 0x86 },  // 饐
    { 0x9951, 0xF0, 0x87 },  // 饑
    { 0x9952, 0xF0, 0x88 },  // 饒
    { 0x9953, 0xF0, 0x89 },  // 饓
    { 0x9954, 0xF7, 0xD3 },  // 饔
    { 0x9955, 0xF7, 0xD2 },  // 饕
    { 0x9956, 0xF0, 0x8A },  // 饖
    { 0x9957, 0xF0, 0x8B },  // 饗
    { 0x9958, 0xF0, 0x8C },  // 饘
    { 0x9959, 0xF0, 0x8D },  // 饙
    { 0x995A, 0xF0, 0x8E },  // 饚
    { 0x995B, 0xF0, 0x8F },  // 饛
    { 0x995C, 0xF0, 0x90 },  // 饜
    { 0x995D, 0xF0, 0x91 },  // 饝
    { 0x995E, 0xF0, 0x92 },  // 饞
    { 0x995F, 0xF0, 0x93 },  // 饟
    { 0x9960, 0xF0, 0x94 },  // 饠
    { 0x9961, 0xF0, 0x95 },  // 饡
    { 0x9962, 0xF0, 0x96 },  // 饢
    { 0x9963, 0xE2, 0xBB },  // 饣
    { 0x9964, 0xF0, 0x97 },  // 饤
    { 0x9965, 0xBC, 0xA2 },  // 饥
    { 0x9966, 0xF0, 0x98 },  // 饦
    { 0x9967, 0xE2, 0xBC },  // 饧
    { 0x9968, 0xE2, 0xBD },  // 饨
    { 0x9969, 0xE2, 0xBE },  // 饩
    { 0x996A, 0xE2, 0xBF },  // 饪
    { 0x996B, 0xE2, 0xC0 },  // 饫
    { 0x996C, 0xE2, 0xC1 },  // 饬
    { 0x996D, 0xB7, 0xB9 },  // 饭
    { 0x996E, 0xD2, 0xFB },  // 饮
    { 0x996F, 0xBD, 0xA4 },  // 饯
    { 0x9970, 0xCA, 0xCE },  // 饰
    { 0x9971, 0xB1, 0xA5 },  // 饱
    { 0x9972, 0xCB, 0xC7 },  // 饲
    { 0x9973, 0xF0, 0x99 },  // 饳
    { 0x9974, 0xE2, 0xC2 },  // 饴
    { 0x9975, 0xB6, 0xFC },  // 饵
    { 0x9976, 0xC8, 0xC4 },  // 饶
    { 0x9977, 0xE2, 0xC3 },  // 饷
    { 0x9978, 0xF0, 0x9A },  // 饸
    { 0x9979, 0xF0, 0x9B },  // 饹
    { 0x997A, 0xBD, 0xC8 },  // 饺
    { 0x997B, 0xF0, 0x9C },  // 饻
    { 0x997C, 0xB1, 0xFD },  // 饼
    { 0x997D, 0xE2, 0xC4 },  // 饽
    { 0x997E, 0xF0, 0x9D },  // 饾
    { 0x997F, 0xB6, 0xF6 },  // 饿
    { 0x9980, 0xE2, 0xC5 },  // 馀
    { 0x9981, 0xC4, 0xD9 },  // 馁
    { 0x9982, 0xF0, 0x9E },  // 馂
    { 0x9983, 0xF0, 0x9F },  // 馃
    { 0x9984, 0xE2, 0xC6 },  // 馄
    { 0x9985, 0xCF, 0xDA },  // 馅
    { 0x9986, 0xB9, 0xDD },  // 馆
    { 0x9987, 0xE2, 0xC7 },  // 馇
    { 0x9988, 0xC0, 0xA1 },  // 馈
    { 0x9989, 0xF0, 0xA0 },  // 馉
    { 0x998A, 0xE2, 0xC8 },  // 馊
    { 0x998B, 0xB2, 0xF6 },  // 馋
    { 0x998C, 0xF1, 0x40 },  // 馌
    { 0x998D, 0xE2, 0xC9 },  // 馍
    { 0x998E, 0xF1, 0x41 },  // 馎
    { 0x998F, 0xC1, 0xF3 },  // 馏
    { 0x9990, 0xE2, 0xCA },  // 馐
    { 0x9991, 0xE2, 0xCB },  // 馑
    { 0x9992, 0xC2, 0xF8 },  // 馒
    { 0x9993, 0xE2, 0xCC },  // 馓
    { 0x9994, 0xE2, 0xCD },  // 馔
    { 0x9995, 0xE2, 0xCE },  // 馕
    { 0x9996, 0xCA, 0xD7 },  // 首
    { 0x9997, 0xD8, 0xB8 },  // 馗
    { 0x9998, 0xD9, 0xE5 },  // 馘
    { 0x9999, 0xCF, 0xE3 },  // 香
    { 0x999A, 0xF1, 0x42 },  // 馚
    { 0x999B, 0xF1, 0x43 },  // 馛
    { 0x999C, 0xF1, 0x44 },  // 馜
    { 0x999D, 0xF1, 0x45 },  // 馝
    { 0x999E, 0xF1, 0x46 },  // 馞
    { 0x999F, 0xF1, 0x47 },  // 馟
    { 0x99A0, 0xF1, 0x48 },  // 馠
    { 0x99A1, 0xF1, 0x49 },  // 馡
    { 0x99A2, 0xF1, 0x4A },  // 馢
    { 0x99A3, 0xF1, 0x4B },  // 馣
    { 0x99A4, 0xF1, 0x4C },  // 馤
    { 0x99A5, 0xF0, 0xA5 },  // 馥
    { 0x99A6, 0xF1, 0x4D },  // 馦
    { 0x99A7, 0xF1, 0x4E },  // 馧
    { 0x99A8, 0xDC, 0xB0 },  // 馨
    { 0x99A9, 0xF1, 0x4F },  // 馩
    { 0x99AA, 0xF1, 0x50 },  // 馪
    { 0x99AB, 0xF1, 0x51 },  // 馫
    { 0x99AC, 0xF1, 0x52 },  // 馬
    { 0x99AD, 0xF1, 0x53 },  // 馭
    { 0x99AE, 0xF1, 0x54 },  // 馮
    { 0x99AF, 0xF1, 0x55 },  // 馯
    { 0x99B0, 0xF1, 0x56 },  // 馰
    { 0x99B1, 0xF1, 0x57 },  // 馱
    { 0x99B2, 0xF1, 0x58 },  // 馲
    { 0x99B3, 0xF1, 0x59 },  // 馳
    { 0x99B4, 0xF1, 0x5A },  // 馴
    { 0x99B5, 0xF1, 0x5B },  // 馵
    { 0x99B6, 0xF1, 0x5C },  // 馶
    { 0x99B7, 0xF1, 0x5D },  // 馷
    { 0x99B8, 0xF1, 0x5E },  // 馸
    { 0x99B9, 0xF1, 0x5F },  // 馹
    { 0x99BA, 0xF1, 0x60 },  // 馺
    { 0x99BB, 0xF1, 0x61 },  // 馻
    { 0x99BC, 0xF1, 0x62 },  // 馼
    { 0x99BD, 0xF1, 0x63 },  // 馽
    { 0x99BE, 0xF1, 0x64 },  // 馾
    { 0x99BF, 0xF1, 0x65 },  // 馿
    { 0x99C0, 0xF1, 0x66 },  // 駀
    { 0x99C1, 0xF1, 0x67 },  // 駁
    { 0x99C2, 0xF1, 0x68 },  // 駂
    { 0x99C3, 0xF1, 0x69 },  // 駃
    { 0x99C4, 0xF1, 0x6A },  // 駄
    { 0x99C5, 0xF1, 0x6B },  // 駅
    { 0x99C6, 0xF1, 0x6C },  // 駆
    { 0x99C7, 0xF1, 0x6D },  // 駇
    { 0x99C8, 0xF1, 0x6E },  // 駈
    { 0x99C9, 0xF1, 0x6F },  // 駉
    { 0x99CA, 0xF1, 0x70 },  // 駊
    { 0x99CB, 0xF1, 0x71 },  // 駋
    { 0x99CC, 0xF1, 0x72 },  // 駌
    { 0x99CD, 0xF1, 0x73 },  // 駍
    { 0x99CE, 0xF1, 0x74 },  // 駎
    { 0x99CF, 0xF1, 0x75 },  // 駏
    { 0x99D0, 0xF1, 0x76 },  // 駐
    { 0x99D1, 0xF1, 0x77 },  // 駑
    { 0x99D2, 0xF1, 0x78 },  // 駒
    { 0x99D3, 0xF1, 0x79 },  // 駓
    { 0x99D4, 0xF1, 0x7A },  // 駔
    { 0x99D5, 0xF1, 0x7B },  // 駕
    { 0x99D6, 0xF1, 0x7C },  // 駖
    { 0x99D7, 0xF1, 0x7D },  // 駗
    { 0x99D8, 0xF1, 0x7E },  // 駘
    { 0x99D9, 0xF1, 0x80 },  // 駙
    { 0x99DA, 0xF1, 0x81 },  // 駚
    { 0x99DB, 0xF1, 0x82 },  // 駛
    { 0x99DC, 0xF1, 0x83 },  // 駜
    { 0x99DD, 0xF1, 0x84 },  // 駝
    { 0x99DE, 0xF1, 0x85 },  // 駞
    { 0x99DF, 0xF1, 0x86 },  // 駟
    { 0x99E0, 0xF1, 0x87 },  // 駠
    { 0x99E1, 0xF1, 0x88 },  // 駡
    { 0x99E2, 0xF1, 0x89 },  // 駢
    { 0x99E3, 0xF1, 0x8A },  // 駣
    { 0x99E4, 0xF1, 0x8B },  // 駤
    { 0x99E5, 0xF1, 0x8C },  // 駥
    { 0x99E6, 0xF1, 0x8D },  // 駦
    { 0x99E7, 0xF1, 0x8E },  // 駧
    { 0x99E8, 0xF1, 0x8F },  // 駨
    { 0x99E9, 0xF1, 0x90 },  // 駩
    { 0x99EA, 0xF1, 0x91 },  // 駪
    { 0x99EB, 0xF1, 0x92 },  // 駫
    { 0x99EC, 0xF1, 0x93 },  // 駬
    { 0x99ED, 0xF1, 0x94 },  // 駭
    { 0x99EE, 0xF1, 0x95 },  // 駮
    { 0x99EF, 0xF1, 0x96 },  // 駯
    { 0x99F0, 0xF1, 0x97 },  // 駰
    { 0x99F1, 0xF1, 0x98 },  // 駱
    { 0x99F2, 0xF1, 0x99 },  // 駲
    { 0x99F3, 0xF1, 0x9A },  // 駳
    { 0x99F4, 0xF1, 0x9B },  // 駴
    { 0x99F5, 0xF1, 0x9C },  // 駵
    { 0x99F6, 0xF1, 0x9D },  // 駶
    { 0x99F7, 0xF1, 0x9E },  // 駷
    { 0x99F8, 0xF1, 0x9F },  // 駸
    { 0x99F9, 0xF1, 0xA0 },  // 駹
    { 0x99FA, 0xF2, 0x40 },  // 駺
    { 0x99FB, 0xF2, 0x41 },  // 駻
    { 0x99FC, 0xF2, 0x42 },  // 駼
    { 0x99FD, 0xF2, 0x43 },  // 駽
    { 0x99FE, 0xF2, 0x44 },  // 駾
    { 0x99FF, 0xF2, 0x45 },  // 駿
    { 0x9A00, 0xF2, 0x46 },  // 騀
    { 0x9A01, 0xF2, 0x47 },  // 騁
    { 0x9A02, 0xF2, 0x48 },  // 騂
    { 0x9A03, 0xF2, 0x49 },  // 騃
    { 0x9A04, 0xF2, 0x4A },  // 騄
    { 0x9A05, 0xF2, 0x4B },  // 騅
    { 0x9A06, 0xF2, 0x4C },  // 騆
    { 0x9A07, 0xF2, 0x4D },  // 騇
    { 0x9A08, 0xF2, 0x4E },  // 騈
    { 0x9A09, 0xF2, 0x4F },  // 騉
    { 0x9A0A, 0xF2, 0x50 },  // 騊
    { 0x9A0B, 0xF2, 0x51 },  // 騋
    { 0x9A0C, 0xF2, 0x52 },  // 騌
    { 0x9A0D, 0xF2, 0x53 },  // 騍
    { 0x9A0E, 0xF2, 0x54 },  // 騎
    { 0x9A0F, 0xF2, 0x55 },  // 騏
    { 0x9A10, 0xF2, 0x56 },  // 騐
    { 0x9A11, 0xF2, 0x57 },  // 騑
    { 0x9A12, 0xF2, 0x58 },  // 騒
    { 0x9A13, 0xF2, 0x59 },  // 験
    { 0x9A14, 0xF2, 0x5A },  // 騔
    { 0x9A15, 0xF2, 0x5B },  // 騕
    { 0x9A16, 0xF2, 0x5C },  // 騖
    { 0x9A17, 0xF2, 0x5D },  // 騗
    { 0x9A18, 0xF2, 0x5E },  // 騘
    { 0x9A19, 0xF2, 0x5F },  // 騙
    { 0x9A1A, 0xF2, 0x60 },  // 騚
    { 0x9A1B, 0xF2, 0x61 },  // 騛
    { 0x9A1C, 0xF2, 0x62 },  // 騜
    { 0x9A1D, 0xF2, 0x63 },  // 騝
    { 0x9A1E, 0xF2, 0x64 },  // 騞
    { 0x9A1F, 0xF2, 0x65 },  // 騟
    { 0x9A20, 0xF2, 0x66 },  // 騠
    { 0x9A21, 0xF2, 0x67 },  // 騡
    { 0x9A22, 0xF2, 0x68 },  // 騢
    { 0x9A23, 0xF2, 0x69 },  // 騣
    { 0x9A24, 0xF2, 0x6A },  // 騤
    { 0x9A25, 0xF2, 0x6B },  // 騥
    { 0x9A26, 0xF2, 0x6C },  // 騦
    { 0x9A27, 0xF2, 0x6D },  // 騧
    { 0x9A28, 0xF2, 0x6E },  // 騨
    { 0x9A29, 0xF2, 0x6F },  // 騩
    { 0x9A2A, 0xF2, 0x70 },  // 騪
    { 0x9A2B, 0xF2, 0x71 },  // 騫
    { 0x9A2C, 0xF2, 0x72 },  // 騬
    { 0x9A2D, 0xF2, 0x73 },  // 騭
    { 0x9A2E, 0xF2, 0x74 },  // 騮
    { 0x9A2F, 0xF2, 0x75 },  // 騯
    { 0x9A30, 0xF2, 0x76 },  // 騰
    { 0x9A31, 0xF2, 0x77 },  // 騱
    { 0x9A32, 0xF2, 0x78 },  // 騲
    { 0x9A33, 0xF2, 0x79 },  // 騳
    { 0x9A34, 0xF2, 0x7A },  // 騴
    { 0x9A35, 0xF2, 0x7B },  // 騵
    { 0x9A36, 0xF2, 0x7C },  // 騶
    { 0x9A37, 0xF2, 0x7D },  // 騷
    { 0x9A38, 0xF2, 0x7E },  // 騸
    { 0x9A39, 0xF2, 0x80 },  // 騹
    { 0x9A3A, 0xF2, 0x81 },  // 騺
    { 0x9A3B, 0xF2, 0x82 },  // 騻
    { 0x9A3C, 0xF2, 0x83 },  // 騼
    { 0x9A3D, 0xF2, 0x84 },  // 騽
    { 0x9A3E, 0xF2, 0x85 },  // 騾
    { 0x9A3F, 0xF2, 0x86 },  // 騿
    { 0x9A40, 0xF2, 0x87 },  // 驀
    { 0x9A41, 0xF2, 0x88 },  // 驁
    { 0x9A42, 0xF2, 0x89 },  // 驂
    { 0x9A43, 0xF2, 0x8A },  // 驃
    { 0x9A44, 0xF2, 0x8B },  // 驄
    { 0x9A45, 0xF2, 0x8C },  // 驅
    { 0x9A46, 0xF2, 0x8D },  // 驆
    { 0x9A47, 0xF2, 0x8E },  // 驇
    { 0x9A48, 0xF2, 0x8F },  // 驈
    { 0x9A49, 0xF2, 0x90 },  // 驉
    { 0x9A4A, 0xF2, 0x91 },  // 驊
    { 0x9A4B, 0xF2, 0x92 },  // 驋
    { 0x9A4C, 0xF2, 0x93 },  // 驌
    { 0x9A4D, 0xF2, 0x94 },  // 驍
    { 0x9A4E, 0xF2, 0x95 },  // 驎
    { 0x9A4F, 0xF2, 0x96 },  // 驏
    { 0x9A50, 0xF2, 0x97 },  // 驐
    { 0x9A51, 0xF2, 0x98 },  // 驑
    { 0x9A52, 0xF2, 0x99 },  // 驒
    { 0x9A53, 0xF2, 0x9A },  // 驓
    { 0x9A54, 0xF2, 0x9B },  // 驔
    { 0x9A55, 0xF2, 0x9C },  // 驕
    { 0x9A56, 0xF2, 0x9D },  // 驖
    { 0x9A57, 0xF2, 0x9E },  // 驗
    { 0x9A58, 0xF2, 0x9F },  // 驘
    { 0x9A59, 0xF2, 0xA0 },  // 驙
    { 0x9A5A, 0xF3, 0x40 },  // 驚
    { 0x9A5B, 0xF3, 0x41 },  // 驛
    { 0x9A5C, 0xF3, 0x42 },  // 驜
    { 0x9A5D, 0xF3, 0x43 },  // 驝
    { 0x9A5E, 0xF3, 0x44 },  // 驞
    { 0x9A5F, 0xF3, 0x45 },  // 驟
    { 0x9A60, 0xF3, 0x46 },  // 驠
    { 0x9A61, 0xF3, 0x47 },  // 驡
    { 0x9A62, 0xF3, 0x48 },  // 驢
    { 0x9A63, 0xF3, 0x49 },  // 驣
    { 0x9A64, 0xF3, 0x4A },  // 驤
    { 0x9A65, 0xF3, 0x4B },  // 驥
    { 0x9A66, 0xF3, 0x4C },  // 驦
    { 0x9A67, 0xF3, 0x4D },  // 驧
    { 0x9A68, 0xF3, 0x4E },  // 驨
    { 0x9A69, 0xF3, 0x4F },  // 驩
    { 0x9A6A, 0xF3, 0x50 },  // 驪
    { 0x9A6B, 0xF3, 0x51 },  // 驫
    { 0x9A6C, 0xC2, 0xED },  // 马
    { 0x9A6D, 0xD4, 0xA6 },  // 驭
    { 0x9A6E, 0xCD, 0xD4 },  // 驮
    { 0x9A6F, 0xD1, 0xB1 },  // 驯
    { 0x9A70, 0xB3, 0xDB },  // 驰
    { 0x9A71, 0xC7, 0xFD },  // 驱
    { 0x9A72, 0xF3, 0x52 },  // 驲
    { 0x9A73, 0xB2, 0xB5 },  // 驳
    { 0x9A74, 0xC2, 0xBF },  // 驴
    { 0x9A75, 0xE6, 0xE0 },  // 驵
    { 0x9A76, 0xCA, 0xBB },  // 驶
    { 0x9A77, 0xE6, 0xE1 },  // 驷
    { 0x9A78, 0xE6, 0xE2 },  // 驸
    { 0x9A79, 0xBE, 0xD4 },  // 驹
    { 0x9A7A, 0xE6, 0xE3 },  // 驺
    { 0x9A7B, 0xD7, 0xA4 },  // 驻
    { 0x9A7C, 0xCD, 0xD5 },  // 驼
    { 0x9A7D, 0xE6, 0xE5 },  // 驽
    { 0x9A7E, 0xBC, 0xDD },  // 驾
    { 0x9A7F, 0xE6, 0xE4 },  // 驿
    { 0x9A80, 0xE6, 0xE6 },  // 骀
    { 0x9A81, 0xE6, 0xE7 },  // 骁
    { 0x9A82, 0xC2, 0xEE },  // 骂
    { 0x9A83, 0xF3, 0x53 },  // 骃
    { 0x9A84, 0xBD, 0xBE },  // 骄
    { 0x9A85, 0xE6, 0xE8 },  // 骅
    { 0x9A86, 0xC2, 0xE6 },  // 骆
    { 0x9A87, 0xBA, 0xA7 },  // 骇
    { 0x9A88, 0xE6, 0xE9 },  // 骈
    { 0x9A89, 0xF3, 0x54 },  // 骉
    { 0x9A8A, 0xE6, 0xEA },  // 骊
    { 0x9A8B, 0xB3, 0xD2 },  // 骋
    { 0x9A8C, 0xD1, 0xE9 },  // 验
    { 0x9A8D, 0xF3, 0x55 },  // 骍
    { 0x9A8E, 0xF3, 0x56 },  // 骎
    { 0x9A8F, 0xBF, 0xA5 },  // 骏
    { 0x9A90, 0xE6, 0xEB },  // 骐
    { 0x9A91, 0xC6, 0xEF },  // 骑
    { 0x9A92, 0xE6, 0xEC },  // 骒
    { 0x9A93, 0xE6, 0xED },  // 骓
    { 0x9A94, 0xF3, 0x57 },  // 骔
    { 0x9A95, 0xF3, 0x58 },  // 骕
    { 0x9A96, 0xE6, 0xEE },  // 骖
    { 0x9A97, 0xC6, 0xAD },  // 骗
    { 0x9A98, 0xE6, 0xEF },  // 骘
    { 0x9A99, 0xF3, 0x59 },  // 骙
    { 0x9A9A, 0xC9, 0xA7 },  // 骚
    { 0x9A9B, 0xE6, 0xF0 },  // 骛
    { 0x9A9C, 0xE6, 0xF1 },  // 骜
    { 0x9A9D, 0xE6, 0xF2 },  // 骝
    { 0x9A9E, 0xE5, 0xB9 },  // 骞
    { 0x9A9F, 0xE6, 0xF3 },  // 骟
    { 0x9AA0, 0xE6, 0xF4 },  // 骠
    { 0x9AA1, 0xC2, 0xE2 },  // 骡
    { 0x9AA2, 0xE6, 0xF5 },  // 骢
    { 0x9AA3, 0xE6, 0xF6 },  // 骣
    { 0x9AA4, 0xD6, 0xE8 },  // 骤
    { 0x9AA5, 0xE6, 0xF7 },  // 骥
    { 0x9AA6, 0xF3, 0x5A },  // 骦
    { 0x9AA7, 0xE6, 0xF8 },  // 骧
    { 0x9AA8, 0xB9, 0xC7 },  // 骨
    { 0x9AA9, 0xF3, 0x5B },  // 骩
    { 0x9AAA, 0xF3, 0x5C },  // 骪
    { 0x9AAB, 0xF3, 0x5D },  // 骫
    { 0x9AAC, 0xF3, 0x5E },  // 骬
    { 0x9AAD, 0xF3, 0x5F },  // 骭
    { 0x9AAE, 0xF3, 0x60 },  // 骮
    { 0x9AAF, 0xF3, 0x61 },  // 骯
    { 0x9AB0, 0xF7, 0xBB },  // 骰
    { 0x9AB1, 0xF7, 0xBA },  // 骱
    { 0x9AB2, 0xF3, 0x62 },  // 骲
    { 0x9AB3, 0xF3, 0x63 },  // 骳
    { 0x9AB4, 0xF3, 0x64 },  // 骴
    { 0x9AB5, 0xF3, 0x65 },  // 骵
    { 0x9AB6, 0xF7, 0xBE },  // 骶
    { 0x9AB7, 0xF7, 0xBC },  // 骷
    { 0x9AB8, 0xBA, 0xA1 },  // 骸
    { 0x9AB9, 0xF3, 0x66 },  // 骹
    { 0x9ABA, 0xF7, 0xBF },  // 骺
    { 0x9ABB, 0xF3, 0x67 },  // 骻
    { 0x9ABC, 0xF7, 0xC0 },  // 骼
    { 0x9ABD, 0xF3, 0x68 },  // 骽
    { 0x9ABE, 0xF3, 0x69 },  // 骾
    { 0x9ABF, 0xF3, 0x6A },  // 骿
    { 0x9AC0, 0xF7, 0xC2 },  // 髀
    { 0x9AC1, 0xF7, 0xC1 },  // 髁
    { 0x9AC2, 0xF7, 0xC4 },  // 髂
    { 0x9AC3, 0xF3, 0x6B },  // 髃
    { 0x9AC4, 0xF3, 0x6C },  // 髄
    { 0x9AC5, 0xF7, 0xC3 },  // 髅
    { 0x9AC6, 0xF3, 0x6D },  // 髆
    { 0x9AC7, 0xF3, 0x6E },  // 髇
    { 0x9AC8, 0xF3, 0x6F },  // 髈
    { 0x9AC9, 0xF3, 0x70 },  // 髉
    { 0x9ACA, 0xF3, 0x71 },  // 髊
    { 0x9ACB, 0xF7, 0xC5 },  // 髋
    { 0x9ACC, 0xF7, 0xC6 },  // 髌
    { 0x9ACD, 0xF3, 0x72 },  // 髍
    { 0x9ACE, 0xF3, 0x73 },  // 髎
    { 0x9ACF, 0xF3, 0x74 },  // 髏
    { 0x9AD0, 0xF3, 0x75 },  // 髐
    { 0x9AD1, 0xF7, 0xC7 },  // 髑
    { 0x9AD2, 0xF3, 0x76 },  // 髒
    { 0x9AD3, 0xCB, 0xE8 },  // 髓
    { 0x9AD4, 0xF3, 0x77 },  // 體
    { 0x9AD5, 0xF3, 0x78 },  // 髕
    { 0x9AD6, 0xF3, 0x79 },  // 髖
    { 0x9AD7, 0xF3, 0x7A },  // 髗
    { 0x9AD8, 0xB8, 0xDF },  // 高
    { 0x9AD9, 0xF3, 0x7B },  // 髙
    { 0x9ADA, 0xF3, 0x7C },  // 髚
    { 0x9ADB, 0xF3, 0x7D },  // 髛
    { 0x9ADC, 0xF3, 0x7E },  // 髜
    { 0x9ADD, 0xF3, 0x80 },  // 髝
    { 0x9ADE, 0xF3, 0x81 },  // 髞
    { 0x9ADF, 0xF7, 0xD4 },  // 髟
    { 0x9AE0, 0xF3, 0x82 },  // 髠
    { 0x9AE1, 0xF7, 0xD5 },  // 髡
    { 0x9AE2, 0xF3, 0x83 },  // 髢
    { 0x9AE3, 0xF3, 0x84 },  // 髣
    { 0x9AE4, 0xF3, 0x85 },  // 髤
    { 0x9AE5, 0xF3, 0x86 },  // 髥
    { 0x9AE6, 0xF7, 0xD6 },  // 髦
    { 0x9AE7, 0xF3, 0x87 },  // 髧
    { 0x9AE8, 0xF3, 0x88 },  // 髨
    { 0x9AE9, 0xF3, 0x89 },  // 髩
    { 0x9AEA, 0xF3, 0x8A },  // 髪
    { 0x9AEB, 0xF7, 0xD8 },  // 髫
    { 0x9AEC, 0xF3, 0x8B },  // 髬
    { 0x9AED, 0xF7, 0xDA },  // 髭
    { 0x9AEE, 0xF3, 0x8C },  // 髮
    { 0x9AEF, 0xF7, 0xD7 },  // 髯
    { 0x9AF0, 0xF3, 0x8D },  // 髰
    { 0x9AF1, 0xF3, 0x8E },  // 髱
    { 0x9AF2, 0xF3, 0x8F },  // 髲
    { 0x9AF3, 0xF3, 0x90 },  // 髳
    { 0x9AF4, 0xF3, 0x91 },  // 髴
    { 0x9AF5, 0xF3, 0x92 },  // 髵
    { 0x9AF6, 0xF3, 0x93 },  // 髶
    { 0x9AF7, 0xF3, 0x94 },  // 髷
    { 0x9AF8, 0xF3, 0x95 },  // 髸
    { 0x9AF9, 0xF7, 0xDB },  // 髹
    { 0x9AFA, 0xF3, 0x96 },  // 髺
    { 0x9AFB, 0xF7, 0xD9 },  // 髻
    { 0x9AFC, 0xF3, 0x97 },  // 髼
    { 0x9AFD, 0xF3, 0x98 },  // 髽
    { 0x9AFE, 0xF3, 0x99 },  // 髾
    { 0x9AFF, 0xF3, 0x9A },  // 髿
    { 0x9B00, 0xF3, 0x9B },  // 鬀
    { 0x9B01, 0xF3, 0x9C },  // 鬁
    { 0x9B02, 0xF3, 0x9D },  // 鬂
    { 0x9B03, 0xD7, 0xD7 },  // 鬃
    { 0x9B04, 0xF3, 0x9E },  // 鬄
    { 0x9B05, 0xF3, 0x9F },  // 鬅
    { 0x9B06, 0xF3, 0xA0 },  // 鬆
    { 0x9B07, 0xF4, 0x40 },  // 鬇
    { 0x9B08, 0xF7, 0xDC },  // 鬈
    { 0x9B09, 0xF4, 0x41 },  // 鬉
    { 0x9B0A, 0xF4, 0x42 },  // 鬊
    { 0x9B0B, 0xF4, 0x43 },  // 鬋
    { 0x9B0C, 0xF4, 0x44 },  // 鬌
    { 0x9B0D, 0xF4, 0x45 },  // 鬍
    { 0x9B0E, 0xF4, 0x46 },  // 鬎
    { 0x9B0F, 0xF7, 0xDD },  // 鬏
    { 0x9B10, 0xF4, 0x47 },  // 鬐
    { 0x9B11, 0xF4, 0x48 },  // 鬑
    { 0x9B12, 0xF4, 0x49 },  // 鬒
    { 0x9B13, 0xF7, 0xDE },  // 鬓
    { 0x9B14, 0xF4, 0x4A },  // 鬔
    { 0x9B15, 0xF4, 0x4B },  // 鬕
    { 0x9B16, 0xF4, 0x4C },  // 鬖
    { 0x9B17, 0xF4, 0x4D },  // 鬗
    { 0x9B18, 0xF4, 0x4E },  // 鬘
    { 0x9B19, 0xF4, 0x4F },  // 鬙
    { 0x9B1A, 0xF4, 0x50 },  // 鬚
    { 0x9B1B, 0xF4, 0x51 },  // 鬛
    { 0x9B1C, 0xF4, 0x52 },  // 鬜
    { 0x9B1D, 0xF4, 0x53 },  // 鬝
    { 0x9B1E, 0xF4, 0x54 },  // 鬞
    { 0x9B1F, 0xF7, 0xDF },  // 鬟
    { 0x9B20, 0xF4, 0x55 },  // 鬠
    { 0x9B21, 0xF4, 0x56 },  // 鬡
    { 0x9B22, 0xF4, 0x57 },  // 鬢
    { 0x9B23, 0xF7, 0xE0 },  // 鬣
    { 0x9B24, 0xF4, 0x58 },  // 鬤
    { 0x9B25, 0xF4, 0x59 },  // 鬥
    { 0x9B26, 0xF4, 0x5A },  // 鬦
    { 0x9B27, 0xF4, 0x5B },  // 鬧
    { 0x9B28, 0xF4, 0x5C },  // 鬨
    { 0x9B29, 0xF4, 0x5D },  // 鬩
    { 0x9B2A, 0xF4, 0x5E },  // 鬪
    { 0x9B2B, 0xF4, 0x5F },  // 鬫
    { 0x9B2C, 0xF4, 0x60 },  // 鬬
    { 0x9B2D, 0xF4, 0x61 },  // 鬭
    { 0x9B2E, 0xF4, 0x62 },  // 鬮
    { 0x9B2F, 0xDB, 0xCB },  // 鬯
    { 0x9B30, 0xF4, 0x63 },  // 鬰
    { 0x9B31, 0xF4, 0x64 },  // 鬱
    { 0x9B32, 0xD8, 0xAA },  // 鬲
    { 0x9B33, 0xF4, 0x65 },  // 鬳
    { 0x9B34, 0xF4, 0x66 },  // 鬴
    { 0x9B35, 0xF4, 0x67 },  // 鬵
    { 0x9B36, 0xF4, 0x68 },  // 鬶
    { 0x9B37, 0xF4, 0x69 },  // 鬷
    { 0x9B38, 0xF4, 0x6A },  // 鬸
    { 0x9B39, 0xF4, 0x6B },  // 鬹
    { 0x9B3A, 0xF4, 0x6C },  // 鬺
    { 0x9B3B, 0xE5, 0xF7 },  // 鬻
    { 0x9B3C, 0xB9, 0xED },  // 鬼
    { 0x9B3D, 0xF4, 0x6D },  // 鬽
    { 0x9B3E, 0xF4, 0x6E },  // 鬾
    { 0x9B3F, 0xF4, 0x6F },  // 鬿
    { 0x9B40, 0xF4, 0x70 },  // 魀
    { 0x9B41, 0xBF, 0xFD },  // 魁
    { 0x9B42, 0xBB, 0xEA },  // 魂
    { 0x9B43, 0xF7, 0xC9 },  // 魃
    { 0x9B44, 0xC6, 0xC7 },  // 魄
    { 0x9B45, 0xF7, 0xC8 },  // 魅
    { 0x9B46, 0xF4, 0x71 },  // 魆
    { 0x9B47, 0xF7, 0xCA },  // 魇
    { 0x9B48, 0xF7, 0xCC },  // 魈
    { 0x9B49, 0xF7, 0xCB },  // 魉
    { 0x9B4A, 0xF4, 0x72 },  // 魊
    { 0x9B4B, 0xF4, 0x73 },  // 魋
    { 0x9B4C, 0xF4, 0x74 },  // 魌
    { 0x9B4D, 0xF7, 0xCD },  // 魍
    { 0x9B4E, 0xF4, 0x75 },  // 魎
    { 0x9B4F, 0xCE, 0xBA },  // 魏
    { 0x9B50, 0xF4, 0x76 },  // 魐
    { 0x9B51, 0xF7, 0xCE },  // 魑
    { 0x9B52, 0xF4, 0x77 },  // 魒
    { 0x9B53, 0xF4, 0x78 },  // 魓
    { 0x9B54, 0xC4, 0xA7 },  // 魔
    { 0x9B55, 0xF4, 0x79 },  // 魕
    { 0x9B56, 0xF4, 0x7A },  // 魖
    { 0x9B57, 0xF4, 0x7B },  // 魗
    { 0x9B58, 0xF4, 0x7C },  // 魘
    { 0x9B59, 0xF4, 0x7D },  // 魙
    { 0x9B5A, 0xF4, 0x7E },  // 魚
    { 0x9B5B, 0xF4, 0x80 },  // 魛
    { 0x9B5C, 0xF4, 0x81 },  // 魜
    { 0x9B5D, 0xF4, 0x82 },  // 魝
    { 0x9B5E, 0xF4, 0x83 },  // 魞
    { 0x9B5F, 0xF4, 0x84 },  // 魟
    { 0x9B60, 0xF4, 0x85 },  // 魠
    { 0x9B61, 0xF4, 0x86 },  // 魡
    { 0x9B62, 0xF4, 0x87 },  // 魢
    { 0x9B63, 0xF4, 0x88 },  // 魣
    { 0x9B64, 0xF4, 0x89 },  // 魤
    { 0x9B65, 0xF4, 0x8A },  // 魥
    { 0x9B66, 0xF4, 0x8B },  // 魦
    { 0x9B67, 0xF4, 0x8C },  // 魧
    { 0x9B68, 0xF4, 0x8D },  // 魨
    { 0x9B69, 0xF4, 0x8E },  // 魩
    { 0x9B6A, 0xF4, 0x8F },  // 魪
    { 0x9B6B, 0xF4, 0x90 },  // 魫
    { 0x9B6C, 0xF4, 0x91 },  // 魬
    { 0x9B6D, 0xF4, 0x92 },  // 魭
    { 0x9B6E, 0xF4, 0x93 },  // 魮
    { 0x9B6F, 0xF4, 0x94 },  // 魯
    { 0x9B70, 0xF4, 0x95 },  // 魰
    { 0x9B71, 0xF4, 0x96 },  // 魱
    { 0x9B72, 0xF4, 0x97 },  // 魲
    { 0x9B73, 0xF4, 0x98 },  // 魳
    { 0x9B74, 0xF4, 0x99 },  // 魴
    { 0x9B75, 0xF4, 0x9A },  // 魵
    { 0x9B76, 0xF4, 0x9B },  // 魶
    { 0x9B77, 0xF4, 0x9C },  // 魷
    { 0x9B78, 0xF4, 0x9D },  // 魸
    { 0x9B79, 0xF4, 0x9E },  // 魹
    { 0x9B7A, 0xF4, 0x9F },  // 魺
    { 0x9B7B, 0xF4, 0xA0 },  // 魻
    { 0x9B7C, 0xF5, 0x40 },  // 魼
    { 0x9B7D, 0xF5, 0x41 },  // 魽
    { 0x9B7E, 0xF5, 0x42 },  // 魾
    { 0x9B7F, 0xF5, 0x43 },  // 魿
    { 0x9B80, 0xF5, 0x44 },  // 鮀
    { 0x9B81, 0xF5, 0x45 },  // 鮁
    { 0x9B82, 0xF5, 0x46 },  // 鮂
    { 0x9B83, 0xF5, 0x47 },  // 鮃
    { 0x9B84, 0xF5, 0x48 },  // 鮄
    { 0x9B85, 0xF5, 0x49 },  // 鮅
    { 0x9B86, 0xF5, 0x4A },  // 鮆
    { 0x9B87, 0xF5, 0x4B },  // 鮇
    { 0x9B88, 0xF5, 0x4C },  // 鮈
    { 0x9B89, 0xF5, 0x4D },  // 鮉
    { 0x9B8A, 0xF5, 0x4E },  // 鮊
    { 0x9B8B, 0xF5, 0x4F },  // 鮋
    { 0x9B8C, 0xF5, 0x50 },  // 鮌
    { 0x9B8D, 0xF5, 0x51 },  // 鮍
    { 0x9B8E, 0xF5, 0x52 },  // 鮎
    { 0x9B8F, 0xF5, 0x53 },  // 鮏
    { 0x9B90, 0xF5, 0x54 },  // 鮐
    { 0x9B91, 0xF5, 0x55 },  // 鮑
    { 0x9B92, 0xF5, 0x56 },  // 鮒
    { 0x9B93, 0xF5, 0x57 },  // 鮓
    { 0x9B94, 0xF5, 0x58 },  // 鮔
    { 0x9B95, 0xF5, 0x59 },  // 鮕
    { 0x9B96, 0xF5, 0x5A },  // 鮖
    { 0x9B97, 0xF5, 0x5B },  // 鮗
    { 0x9B98, 0xF5, 0x5C },  // 鮘
    { 0x9B99, 0xF5, 0x5D },  // 鮙
    { 0x9B9A, 0xF5, 0x5E },  // 鮚
    { 0x9B9B, 0xF5, 0x5F },  // 鮛
    { 0x9B9C, 0xF5, 0x60 },  // 鮜
    { 0x9B9D, 0xF5, 0x61 },  // 鮝
    { 0x9B9E, 0xF5, 0x62 },  // 鮞
    { 0x9B9F, 0xF5, 0x63 },  // 鮟
    { 0x9BA0, 0xF5, 0x64 },  // 鮠
    { 0x9BA1, 0xF5, 0x65 },  // 鮡
    { 0x9BA2, 0xF5, 0x66 },  // 鮢
    { 0x9BA3, 0xF5, 0x67 },  // 鮣
    { 0x9BA4, 0xF5, 0x68 },  // 鮤
    { 0x9BA5, 0xF5, 0x69 },  // 鮥
    { 0x9BA6, 0xF5, 0x6A },  // 鮦
    { 0x9BA7, 0xF5, 0x6B },  // 鮧
    { 0x9BA8, 0xF5, 0x6C },  // 鮨
    { 0x9BA9, 0xF5, 0x6D },  // 鮩
    { 0x9BAA, 0xF5, 0x6E },  // 鮪
    { 0x9BAB, 0xF5, 0x6F },  // 鮫
    { 0x9BAC, 0xF5, 0x70 },  // 鮬
    { 0x9BAD, 0xF5, 0x71 },  // 鮭
    { 0x9BAE, 0xF5, 0x72 },  // 鮮
    { 0x9BAF, 0xF5, 0x73 },  // 鮯
    { 0x9BB0, 0xF5, 0x74 },  // 鮰
    { 0x9BB1, 0xF5, 0x75 },  // 鮱
    { 0x9BB2, 0xF5, 0x76 },  // 鮲
    { 0x9BB3, 0xF5, 0x77 },  // 鮳
    { 0x9BB4, 0xF5, 0x78 },  // 鮴
    { 0x9BB5, 0xF5, 0x79 },  // 鮵
    { 0x9BB6, 0xF5, 0x7A },  // 鮶
    { 0x9BB7, 0xF5, 0x7B },  // 鮷
    { 0x9BB8, 0xF5, 0x7C },  // 鮸
    { 0x9BB9, 0xF5, 0x7D },  // 鮹
    { 0x9BBA, 0xF5, 0x7E },  // 鮺
    { 0x9BBB, 0xF5, 0x80 },  // 鮻
    { 0x9BBC, 0xF5, 0x81 },  // 鮼
    { 0x9BBD, 0xF5, 0x82 },  // 鮽
    { 0x9BBE, 0xF5, 0x83 },  // 鮾
    { 0x9BBF, 0xF5, 0x84 },  // 鮿
    { 0x9BC0, 0xF5, 0x85 },  // 鯀
    { 0x9BC1, 0xF5, 0x86 },  // 鯁
    { 0x9BC2, 0xF5, 0x87 },  // 鯂
    { 0x9BC3, 0xF5, 0x88 },  // 鯃
    { 0x9BC4, 0xF5, 0x89 },  // 鯄
    { 0x9BC5, 0xF5, 0x8A },  // 鯅
    { 0x9BC6, 0xF5, 0x8B },  // 鯆
    { 0x9BC7, 0xF5, 0x8C },  // 鯇
    { 0x9BC8, 0xF5, 0x8D },  // 鯈
    { 0x9BC9, 0xF5, 0x8E },  // 鯉
    { 0x9BCA, 0xF5, 0x8F },  // 鯊
    { 0x9BCB, 0xF5, 0x90 },  // 鯋
    { 0x9BCC, 0xF5, 0x91 },  // 鯌
    { 0x9BCD, 0xF5, 0x92 },  // 鯍
    { 0x9BCE, 0xF5, 0x93 },  // 鯎
    { 0x9BCF, 0xF5, 0x94 },  // 鯏
    { 0x9BD0, 0xF5, 0x95 },  // 鯐
    { 0x9BD1, 0xF5, 0x96 },  // 鯑
    { 0x9BD2, 0xF5, 0x97 },  // 鯒
    { 0x9BD3, 0xF5, 0x98 },  // 鯓
    { 0x9BD4, 0xF5, 0x99 },  // 鯔
    { 0x9BD5, 0xF5, 0x9A },  // 鯕
    { 0x9BD6, 0xF5, 0x9B },  // 鯖
    { 0x9BD7, 0xF5, 0x9C },  // 鯗
    { 0x9BD8, 0xF5, 0x9D },  // 鯘
    { 0x9BD9, 0xF5, 0x9E },  // 鯙
    { 0x9BDA, 0xF5, 0x9F },  // 鯚
    { 0x9BDB, 0xF5, 0xA0 },  // 鯛
    { 0x9BDC, 0xF6, 0x40 },  // 鯜
    { 0x9BDD, 0xF6, 0x41 },  // 鯝
    { 0x9BDE, 0xF6, 0x42 },  // 鯞
    { 0x9BDF, 0xF6, 0x43 },  // 鯟
    { 0x9BE0, 0xF6, 0x44 },  // 鯠
    { 0x9BE1, 0xF6, 0x45 },  // 鯡
    { 0x9BE2, 0xF6, 0x46 },  // 鯢
    { 0x9BE3, 0xF6, 0x47 },  // 鯣
    { 0x9BE4, 0xF6, 0x48 },  // 鯤
    { 0x9BE5, 0xF6, 0x49 },  // 鯥
    { 0x9BE6, 0xF6, 0x4A },  // 鯦
    { 0x9BE7, 0xF6, 0x4B },  // 鯧
    { 0x9BE8, 0xF6, 0x4C },  // 鯨
    { 0x9BE9, 0xF6, 0x4D },  // 鯩
    { 0x9BEA, 0xF6, 0x4E },  // 鯪
    { 0x9BEB, 0xF6, 0x4F },  // 鯫
    { 0x9BEC, 0xF6, 0x50 },  // 鯬
    { 0x9BED, 0xF6, 0x51 },  // 鯭
    { 0x9BEE, 0xF6, 0x52 },  // 鯮
    { 0x9BEF, 0xF6, 0x53 },  // 鯯
    { 0x9BF0, 0xF6, 0x54 },  // 鯰
    { 0x9BF1, 0xF6, 0x55 },  // 鯱
    { 0x9BF2, 0xF6, 0x56 },  // 鯲
    { 0x9BF3, 0xF6, 0x57 },  // 鯳
    { 0x9BF4, 0xF6, 0x58 },  // 鯴
    { 0x9BF5, 0xF6, 0x59 },  // 鯵
    { 0x9BF6, 0xF6, 0x5A },  // 鯶
    { 0x9BF7, 0xF6, 0x5B },  // 鯷
    { 0x9BF8, 0xF6, 0x5C },  // 鯸
    { 0x9BF9, 0xF6, 0x5D },  // 鯹
    { 0x9BFA, 0xF6, 0x5E },  // 鯺
    { 0x9BFB, 0xF6, 0x5F },  // 鯻
    { 0x9BFC, 0xF6, 0x60 },  // 鯼
    { 0x9BFD, 0xF6, 0x61 },  // 鯽
    { 0x9BFE, 0xF6, 0x62 },  // 鯾
    { 0x9BFF, 0xF6, 0x63 },  // 鯿
    { 0x9C00, 0xF6, 0x64 },  // 鰀
    { 0x9C01, 0xF6, 0x65 },  // 鰁
    { 0x9C02, 0xF6, 0x66 },  // 鰂
    { 0x9C03, 0xF6, 0x67 },  // 鰃
    { 0x9C04, 0xF6, 0x68 },  // 鰄
    { 0x9C05, 0xF6, 0x69 },  // 鰅
    { 0x9C06, 0xF6, 0x6A },  // 鰆
    { 0x9C07, 0xF6, 0x6B },  // 鰇
    { 0x9C08, 0xF6, 0x6C },  // 鰈
    { 0x9C09, 0xF6, 0x6D },  // 鰉
    { 0x9C0A, 0xF6, 0x6E },  // 鰊
    { 0x9C0B, 0xF6, 0x6F },  // 鰋
    { 0x9C0C, 0xF6, 0x70 },  // 鰌
    { 0x9C0D, 0xF6, 0x71 },  // 鰍
    { 0x9C0E, 0xF6, 0x72 },  // 鰎
    { 0x9C0F, 0xF6, 0x73 },  // 鰏
    { 0x9C10, 0xF6, 0x74 },  // 鰐
    { 0x9C11, 0xF6, 0x75 },  // 鰑
    { 0x9C12, 0xF6, 0x76 },  // 鰒
    { 0x9C13, 0xF6, 0x77 },  // 鰓
    { 0x9C14, 0xF6, 0x78 },  // 鰔
    { 0x9C15, 0xF6, 0x79 },  // 鰕
    { 0x9C16, 0xF6, 0x7A },  // 鰖
    { 0x9C17, 0xF6, 0x7B },  // 鰗
    { 0x9C18, 0xF6, 0x7C },  // 鰘
    { 0x9C19, 0xF6, 0x7D },  // 鰙
    { 0x9C1A, 0xF6, 0x7E },  // 鰚
    { 0x9C1B, 0xF6, 0x80 },  // 鰛
    { 0x9C1C, 0xF6, 0x81 },  // 鰜
    { 0x9C1D, 0xF6, 0x82 },  // 鰝
    { 0x9C1E, 0xF6, 0x83 },  // 鰞
    { 0x9C1F, 0xF6, 0x84 },  // 鰟
    { 0x9C20, 0xF6, 0x85 },  // 鰠
    { 0x9C21, 0xF6, 0x86 },  // 鰡
    { 0x9C22, 0xF6, 0x87 },  // 鰢
    { 0x9C23, 0xF6, 0x88 },  // 鰣
    { 0x9C24, 0xF6, 0x89 },  // 鰤
    { 0x9C25, 0xF6, 0x8A },  // 鰥
    { 0x9C26, 0xF6, 0x8B },  // 鰦
    { 0x9C27, 0xF6, 0x8C },  // 鰧
    { 0x9C28, 0xF6, 0x8D },  // 鰨
    { 0x9C29, 0xF6, 0x8E },  // 鰩
    { 0x9C2A, 0xF6, 0x8F },  // 鰪
    { 0x9C2B, 0xF6, 0x90 },  // 鰫
    { 0x9C2C, 0xF6, 0x91 },  // 鰬
    { 0x9C2D, 0xF6, 0x92 },  // 鰭
    { 0x9C2E, 0xF6, 0x93 },  // 鰮
    { 0x9C2F, 0xF6, 0x94 },  // 鰯
    { 0x9C30, 0xF6, 0x95 },  // 鰰
    { 0x9C31, 0xF6, 0x96 },  // 鰱
    { 0x9C32, 0xF6, 0x97 },  // 鰲
    { 0x9C33, 0xF6, 0x98 },  // 鰳
    { 0x9C34, 0xF6, 0x99 },  // 鰴
    { 0x9C35, 0xF6, 0x9A },  // 鰵
    { 0x9C36, 0xF6, 0x9B },  // 鰶
    { 0x9C37, 0xF6, 0x9C },  // 鰷
    { 0x9C38, 0xF6, 0x9D },  // 鰸
    { 0x9C39, 0xF6, 0x9E },  // 鰹
    { 0x9C3A, 0xF6, 0x9F },  // 鰺
    { 0x9C3B, 0xF6, 0xA0 },  // 鰻
    { 0x9C3C, 0xF7, 0x40 },  // 鰼
    { 0x9C3D, 0xF7, 0x41 },  // 鰽
    { 0x9C3E, 0xF7, 0x42 },  // 鰾
    { 0x9C3F, 0xF7, 0x43 },  // 鰿
    { 0x9C40, 0xF7, 0x44 },  // 鱀
    { 0x9C41, 0xF7, 0x45 },  // 鱁
    { 0x9C42, 0xF7, 0x46 },  // 鱂
    { 0x9C43, 0xF7, 0x47 },  // 鱃
    { 0x9C44, 0xF7, 0x48 },  // 鱄
    { 0x9C45, 0xF7, 0x49 },  // 鱅
    { 0x9C46, 0xF7, 0x4A },  // 鱆
    { 0x9C47, 0xF7, 0x4B },  // 鱇
    { 0x9C48, 0xF7, 0x4C },  // 鱈
    { 0x9C49, 0xF7, 0x4D },  // 鱉
    { 0x9C4A, 0xF7, 0x4E },  // 鱊
    { 0x9C4B, 0xF7, 0x4F },  // 鱋
    { 0x9C4C, 0xF7, 0x50 },  // 鱌
    { 0x9C4D, 0xF7, 0x51 },  // 鱍
    { 0x9C4E, 0xF7, 0x52 },  // 鱎
    { 0x9C4F, 0xF7, 0x53 },  // 鱏
    { 0x9C50, 0xF7, 0x54 },  // 鱐
    { 0x9C51, 0xF7, 0x55 },  // 鱑
    { 0x9C52, 0xF7, 0x56 },  // 鱒
    { 0x9C53, 0xF7, 0x57 },  // 鱓
    { 0x9C54, 0xF7, 0x58 },  // 鱔
    { 0x9C55, 0xF7, 0x59 },  // 鱕
    { 0x9C56, 0xF7, 0x5A },  // 鱖
    { 0x9C57, 0xF7, 0x5B },  // 鱗
    { 0x9C58, 0xF7, 0x5C },  // 鱘
    { 0x9C59, 0xF7, 0x5D },  // 鱙
    { 0x9C5A, 0xF7, 0x5E },  // 鱚
    { 0x9C5B, 0xF7, 0x5F },  // 鱛
    { 0x9C5C, 0xF7, 0x60 },  // 鱜
    { 0x9C5D, 0xF7, 0x61 },  // 鱝
    { 0x9C5E, 0xF7, 0x62 },  // 鱞
    { 0x9C5F, 0xF7, 0x63 },  // 鱟
    { 0x9C60, 0xF7, 0x64 },  // 鱠
    { 0x9C61, 0xF7, 0x65 },  // 鱡
    { 0x9C62, 0xF7, 0x66 },  // 鱢
    { 0x9C63, 0xF7, 0x67 },  // 鱣
    { 0x9C64, 0xF7, 0x68 },  // 鱤
    { 0x9C65, 0xF7, 0x69 },  // 鱥
    { 0x9C66, 0xF7, 0x6A },  // 鱦
    { 0x9C67, 0xF7, 0x6B },  // 鱧
    { 0x9C68, 0xF7, 0x6C },  // 鱨
    { 0x9C69, 0xF7, 0x6D },  // 鱩
    { 0x9C6A, 0xF7, 0x6E },  // 鱪
    { 0x9C6B, 0xF7, 0x6F },  // 鱫
    { 0x9C6C, 0xF7, 0x70 },  // 鱬
    { 0x9C6D, 0xF7, 0x71 },  // 鱭
    { 0x9C6E, 0xF7, 0x72 },  // 鱮
    { 0x9C6F, 0xF7, 0x73 },  // 鱯
    { 0x9C70, 0xF7, 0x74 },  // 鱰
    { 0x9C71, 0xF7, 0x75 },  // 鱱
    { 0x9C72, 0xF7, 0x76 },  // 鱲
    { 0x9C73, 0xF7, 0x77 },  // 鱳
    { 0x9C74, 0xF7, 0x78 },  // 鱴
    { 0x9C75, 0xF7, 0x79 },  // 鱵
    { 0x9C76, 0xF7, 0x7A },  // 鱶
    { 0x9C77, 0xF7, 0x7B },  // 鱷
    { 0x9C78, 0xF7, 0x7C },  // 鱸
    { 0x9C79, 0xF7, 0x7D },  // 鱹
    { 0x9C7A, 0xF7, 0x7E },  // 鱺
    { 0x9C7B, 0xF7, 0x80 },  // 鱻
    { 0x9C7C, 0xD3, 0xE3 },  // 鱼
    { 0x9C7D, 0xF7, 0x81 },  // 鱽
    { 0x9C7E, 0xF7, 0x82 },  // 鱾
    { 0x9C7F, 0xF6, 0xCF },  // 鱿
    { 0x9C80, 0xF7, 0x83 },  // 鲀
    { 0x9C81, 0xC2, 0xB3 },  // 鲁
    { 0x9C82, 0xF6, 0xD0 },  // 鲂
    { 0x9C83, 0xF7, 0x84 },  // 鲃
    { 0x9C84, 0xF7, 0x85 },  // 鲄
    { 0x9C85, 0xF6, 0xD1 },  // 鲅
    { 0x9C86, 0xF6, 0xD2 },  // 鲆
    { 0x9C87, 0xF6, 0xD3 },  // 鲇
    { 0x9C88, 0xF6, 0xD4 },  // 鲈
    { 0x9C89, 0xF7, 0x86 },  // 鲉
    { 0x9C8A, 0xF7, 0x87 },  // 鲊
    { 0x9C8B, 0xF6, 0xD6 },  // 鲋
    { 0x9C8C, 0xF7, 0x88 },  // 鲌
    { 0x9C8D, 0xB1, 0xAB },  // 鲍
    { 0x9C8E, 0xF6, 0xD7 },  // 鲎
    { 0x9C8F, 0xF7, 0x89 },  // 鲏
    { 0x9C90, 0xF6, 0xD8 },  // 鲐
    { 0x9C91, 0xF6, 0xD9 },  // 鲑
    { 0x9C92, 0xF6, 0xDA },  // 鲒
    { 0x9C93, 0xF7, 0x8A },  // 鲓
    { 0x9C94, 0xF6, 0xDB },  // 鲔
    { 0x9C95, 0xF6, 0xDC },  // 鲕
    { 0x9C96, 0xF7, 0x8B },  // 鲖
    { 0x9C97, 0xF7, 0x8C },  // 鲗
    { 0x9C98, 0xF7, 0x8D },  // 鲘
    { 0x9C99, 0xF7, 0x8E },  // 鲙
    { 0x9C9A, 0xF6, 0xDD },  // 鲚
    { 0x9C9B, 0xF6, 0xDE },  // 鲛
    { 0x9C9C, 0xCF, 0xCA },  // 鲜
    { 0x9C9D, 0xF7, 0x8F },  // 鲝
    { 0x9C9E, 0xF6, 0xDF },  // 鲞
    { 0x9C9F, 0xF6, 0xE0 },  // 鲟
    { 0x9CA0, 0xF6, 0xE1 },  // 鲠
    { 0x9CA1, 0xF6, 0xE2 },  // 鲡
    { 0x9CA2, 0xF6, 0xE3 },  // 鲢
    { 0x9CA3, 0xF6, 0xE4 },  // 鲣
    { 0x9CA4, 0xC0, 0xF0 },  // 鲤
    { 0x9CA5, 0xF6, 0xE5 },  // 鲥
    { 0x9CA6, 0xF6, 0xE6 },  // 鲦
    { 0x9CA7, 0xF6, 0xE7 },  // 鲧
    { 0x9CA8, 0xF6, 0xE8 },  // 鲨
    { 0x9CA9, 0xF6, 0xE9 },  // 鲩
    { 0x9CAA, 0xF7, 0x90 },  // 鲪
    { 0x9CAB, 0xF6, 0xEA },  // 鲫
    { 0x9CAC, 0xF7, 0x91 },  // 鲬
    { 0x9CAD, 0xF6, 0xEB },  // 鲭
    { 0x9CAE, 0xF6, 0xEC },  // 鲮
    { 0x9CAF, 0xF7, 0x92 },  // 鲯
    { 0x9CB0, 0xF6, 0xED },  // 鲰
    { 0x9CB1, 0xF6, 0xEE },  // 鲱
    { 0x9CB2, 0xF6, 0xEF },  // 鲲
    { 0x9CB3, 0xF6, 0xF0 },  // 鲳
    { 0x9CB4, 0xF6, 0xF1 },  // 鲴
    { 0x9CB5, 0xF6, 0xF2 },  // 鲵
    { 0x9CB6, 0xF6, 0xF3 },  // 鲶
    { 0x9CB7, 0xF6, 0xF4 },  // 鲷
    { 0x9CB8, 0xBE, 0xA8 },  // 鲸
    { 0x9CB9, 0xF7, 0x93 },  // 鲹
    { 0x9CBA, 0xF6, 0xF5 },  // 鲺
    { 0x9CBB, 0xF6, 0xF6 },  // 鲻
    { 0x9CBC, 0xF6, 0xF7 },  // 鲼
    { 0x9CBD, 0xF6, 0xF8 },  // 鲽
    { 0x9CBE, 0xF7, 0x94 },  // 鲾
    { 0x9CBF, 0xF7, 0x95 },  // 鲿
    { 0x9CC0, 0xF7, 0x96 },  // 鳀
    { 0x9CC1, 0xF7, 0x97 },  // 鳁
    { 0x9CC2, 0xF7, 0x98 },  // 鳂
    { 0x9CC3, 0xC8, 0xFA },  // 鳃
    { 0x9CC4, 0xF6, 0xF9 },  // 鳄
    { 0x9CC5, 0xF6, 0xFA },  // 鳅
    { 0x9CC6, 0xF6, 0xFB },  // 鳆
    { 0x9CC7, 0xF6, 0xFC },  // 鳇
    { 0x9CC8, 0xF7, 0x99 },  // 鳈
    { 0x9CC9, 0xF7, 0x9A },  // 鳉
    { 0x9CCA, 0xF6, 0xFD },  // 鳊
    { 0x9CCB, 0xF6, 0xFE },  // 鳋
    { 0x9CCC, 0xF7, 0xA1 },  // 鳌
    { 0x9CCD, 0xF7, 0xA2 },  // 鳍
    { 0x9CCE, 0xF7, 0xA3 },  // 鳎
    { 0x9CCF, 0xF7, 0xA4 },  // 鳏
    { 0x9CD0, 0xF7, 0xA5 },  // 鳐
    { 0x9CD1, 0xF7, 0x9B },  // 鳑
    { 0x9CD2, 0xF7, 0x9C },  // 鳒
    { 0x9CD3, 0xF7, 0xA6 },  // 鳓
    { 0x9CD4, 0xF7, 0xA7 },  // 鳔
    { 0x9CD5, 0xF7, 0xA8 },  // 鳕
    { 0x9CD6, 0xB1, 0xEE },  // 鳖
    { 0x9CD7, 0xF7, 0xA9 },  // 鳗
    { 0x9CD8, 0xF7, 0xAA },  // 鳘
    { 0x9CD9, 0xF7, 0xAB },  // 鳙
    { 0x9CDA, 0xF7, 0x9D },  // 鳚
    { 0x9CDB, 0xF7, 0x9E },  // 鳛
    { 0x9CDC, 0xF7, 0xAC },  // 鳜
    { 0x9CDD, 0xF7, 0xAD },  // 鳝
    { 0x9CDE, 0xC1, 0xDB },  // 鳞
    { 0x9CDF, 0xF7, 0xAE },  // 鳟
    { 0x9CE0, 0xF7, 0x9F },  // 鳠
    { 0x9CE1, 0xF7, 0xA0 },  // 鳡
    { 0x9CE2, 0xF7, 0xAF },  // 鳢
    { 0x9CE3, 0xF8, 0x40 },  // 鳣
    { 0x9CE4, 0xF8, 0x41 },  // 鳤
    { 0x9CE5, 0xF8, 0x42 },  // 鳥
    { 0x9CE6, 0xF8, 0x43 },  // 鳦
    { 0x9CE7, 0xF8, 0x44 },  // 鳧
    { 0x9CE8, 0xF8, 0x45 },  // 鳨
    { 0x9CE9, 0xF8, 0x46 },  // 鳩
    { 0x9CEA, 0xF8, 0x47 },  // 鳪
    { 0x9CEB, 0xF8, 0x48 },  // 鳫
    { 0x9CEC, 0xF8, 0x49 },  // 鳬
    { 0x9CED, 0xF8, 0x4A },  // 鳭
    { 0x9CEE, 0xF8, 0x4B },  // 鳮
    { 0x9CEF, 0xF8, 0x4C },  // 鳯
    { 0x9CF0, 0xF8, 0x4D },  // 鳰
    { 0x9CF1, 0xF8, 0x4E },  // 鳱
    { 0x9CF2, 0xF8, 0x4F },  // 鳲
    { 0x9CF3, 0xF8, 0x50 },  // 鳳
    { 0x9CF4, 0xF8, 0x51 },  // 鳴
    { 0x9CF5, 0xF8, 0x52 },  // 鳵
    { 0x9CF6, 0xF8, 0x53 },  // 鳶
    { 0x9CF7, 0xF8, 0x54 },  // 鳷
    { 0x9CF8, 0xF8, 0x55 },  // 鳸
    { 0x9CF9, 0xF8, 0x56 },  // 鳹
    { 0x9CFA, 0xF8, 0x57 },  // 鳺
    { 0x9CFB, 0xF8, 0x58 },  // 鳻
    { 0x9CFC, 0xF8, 0x59 },  // 鳼
    { 0x9CFD, 0xF8, 0x5A },  // 鳽
    { 0x9CFE, 0xF8, 0x5B },  // 鳾
    { 0x9CFF, 0xF8, 0x5C },  // 鳿
    { 0x9D00, 0xF8, 0x5D },  // 鴀
    { 0x9D01, 0xF8, 0x5E },  // 鴁
    { 0x9D02, 0xF8, 0x5F },  // 鴂
    { 0x9D03, 0xF8, 0x60 },  // 鴃
    { 0x9D04, 0xF8, 0x61 },  // 鴄
    { 0x9D05, 0xF8, 0x62 },  // 鴅
    { 0x9D06, 0xF8, 0x63 },  // 鴆
    { 0x9D07, 0xF8, 0x64 },  // 鴇
    { 0x9D08, 0xF8, 0x65 },  // 鴈
    { 0x9D09, 0xF8, 0x66 },  // 鴉
    { 0x9D0A, 0xF8, 0x67 },  // 鴊
    { 0x9D0B, 0xF8, 0x68 },  // 鴋
    { 0x9D0C, 0xF8, 0x69 },  // 鴌
    { 0x9D0D, 0xF8, 0x6A },  // 鴍
    { 0x9D0E, 0xF8, 0x6B },  // 鴎
    { 0x9D0F, 0xF8, 0x6C },  // 鴏
    { 0x9D10, 0xF8, 0x6D },  // 鴐
    { 0x9D11, 0xF8, 0x6E },  // 鴑
    { 0x9D12, 0xF8, 0x6F },  // 鴒
    { 0x9D13, 0xF8, 0x70 },  // 鴓
    { 0x9D14, 0xF8, 0x71 },  // 鴔
    { 0x9D15, 0xF8, 0x72 },  // 鴕
    { 0x9D16, 0xF8, 0x73 },  // 鴖
    { 0x9D17, 0xF8, 0x74 },  // 鴗
    { 0x9D18, 0xF8, 0x75 },  // 鴘
    { 0x9D19, 0xF8, 0x76 },  // 鴙
    { 0x9D1A, 0xF8, 0x77 },  // 鴚
    { 0x9D1B, 0xF8, 0x78 },  // 鴛
    { 0x9D1C, 0xF8, 0x79 },  // 鴜
    { 0x9D1D, 0xF8, 0x7A },  // 鴝
    { 0x9D1E, 0xF8, 0x7B },  // 鴞
    { 0x9D1F, 0xF8, 0x7C },  // 鴟
    { 0x9D20, 0xF8, 0x7D },  // 鴠
    { 0x9D21, 0xF8, 0x7E },  // 鴡
    { 0x9D22, 0xF8, 0x80 },  // 鴢
    { 0x9D23, 0xF8, 0x81 },  // 鴣
    { 0x9D24, 0xF8, 0x82 },  // 鴤
    { 0x9D25, 0xF8, 0x83 },  // 鴥
    { 0x9D26, 0xF8, 0x84 },  // 鴦
    { 0x9D27, 0xF8, 0x85 },  // 鴧
    { 0x9D28, 0xF8, 0x86 },  // 鴨
    { 0x9D29, 0xF8, 0x87 },  // 鴩
    { 0x9D2A, 0xF8, 0x88 },  // 鴪
    { 0x9D2B, 0xF8, 0x89 },  // 鴫
    { 0x9D2C, 0xF8, 0x8A },  // 鴬
    { 0x9D2D, 0xF8, 0x8B },  // 鴭
    { 0x9D2E, 0xF8, 0x8C },  // 鴮
    { 0x9D2F, 0xF8, 0x8D },  // 鴯
    { 0x9D30, 0xF8, 0x8E },  // 鴰
    { 0x9D31, 0xF8, 0x8F },  // 鴱
    { 0x9D32, 0xF8, 0x90 },  // 鴲
    { 0x9D33, 0xF8, 0x91 },  // 鴳
    { 0x9D34, 0xF8, 0x92 },  // 鴴
    { 0x9D35, 0xF8, 0x93 },  // 鴵
    { 0x9D36, 0xF8, 0x94 },  // 鴶
    { 0x9D37, 0xF8, 0x95 },  // 鴷
    { 0x9D38, 0xF8, 0x96 },  // 鴸
    { 0x9D39, 0xF8, 0x97 },  // 鴹
    { 0x9D3A, 0xF8, 0x98 },  // 鴺
    { 0x9D3B, 0xF8, 0x99 },  // 鴻
    { 0x9D3C, 0xF8, 0x9A },  // 鴼
    { 0x9D3D, 0xF8, 0x9B },  // 鴽
    { 0x9D3E, 0xF8, 0x9C },  // 鴾
    { 0x9D3F, 0xF8, 0x9D },  // 鴿
    { 0x9D40, 0xF8, 0x9E },  // 鵀
    { 0x9D41, 0xF8, 0x9F },  // 鵁
    { 0x9D42, 0xF8, 0xA0 },  // 鵂
    { 0x9D43, 0xF9, 0x40 },  // 鵃
    { 0x9D44, 0xF9, 0x41 },  // 鵄
    { 0x9D45, 0xF9, 0x42 },  // 鵅
    { 0x9D46, 0xF9, 0x43 },  // 鵆
    { 0x9D47, 0xF9, 0x44 },  // 鵇
    { 0x9D48, 0xF9, 0x45 },  // 鵈
    { 0x9D49, 0xF9, 0x46 },  // 鵉
    { 0x9D4A, 0xF9, 0x47 },  // 鵊
    { 0x9D4B, 0xF9, 0x48 },  // 鵋
    { 0x9D4C, 0xF9, 0x49 },  // 鵌
    { 0x9D4D, 0xF9, 0x4A },  // 鵍
    { 0x9D4E, 0xF9, 0x4B },  // 鵎
    { 0x9D4F, 0xF9, 0x4C },  // 鵏
    { 0x9D50, 0xF9, 0x4D },  // 鵐
    { 0x9D51, 0xF9, 0x4E },  // 鵑
    { 0x9D52, 0xF9, 0x4F },  // 鵒
    { 0x9D53, 0xF9, 0x50 },  // 鵓
    { 0x9D54, 0xF9, 0x51 },  // 鵔
    { 0x9D55, 0xF9, 0x52 },  // 鵕
    { 0x9D56, 0xF9, 0x53 },  // 鵖
    { 0x9D57, 0xF9, 0x54 },  // 鵗
    { 0x9D58, 0xF9, 0x55 },  // 鵘
    { 0x9D59, 0xF9, 0x56 },  // 鵙
    { 0x9D5A, 0xF9, 0x57 },  // 鵚
    { 0x9D5B, 0xF9, 0x58 },  // 鵛
    { 0x9D5C, 0xF9, 0x59 },  // 鵜
    { 0x9D5D, 0xF9, 0x5A },  // 鵝
    { 0x9D5E, 0xF9, 0x5B },  // 鵞
    { 0x9D5F, 0xF9, 0x5C },  // 鵟
    { 0x9D60, 0xF9, 0x5D },  // 鵠
    { 0x9D61, 0xF9, 0x5E },  // 鵡
    { 0x9D62, 0xF9, 0x5F },  // 鵢
    { 0x9D63, 0xF9, 0x60 },  // 鵣
    { 0x9D64, 0xF9, 0x61 },  // 鵤
    { 0x9D65, 0xF9, 0x62 },  // 鵥
    { 0x9D66, 0xF9, 0x63 },  // 鵦
    { 0x9D67, 0xF9, 0x64 },  // 鵧
    { 0x9D68, 0xF9, 0x65 },  // 鵨
    { 0x9D69, 0xF9, 0x66 },  // 鵩
    { 0x9D6A, 0xF9, 0x67 },  // 鵪
    { 0x9D6B, 0xF9, 0x68 },  // 鵫
    { 0x9D6C, 0xF9, 0x69 },  // 鵬
    { 0x9D6D, 0xF9, 0x6A },  // 鵭
    { 0x9D6E, 0xF9, 0x6B },  // 鵮
    { 0x9D6F, 0xF9, 0x6C },  // 鵯
    { 0x9D70, 0xF9, 0x6D },  // 鵰
    { 0x9D71, 0xF9, 0x6E },  // 鵱
    { 0x9D72, 0xF9, 0x6F },  // 鵲
    { 0x9D73, 0xF9, 0x70 },  // 鵳
    { 0x9D74, 0xF9, 0x71 },  // 鵴
    { 0x9D75, 0xF9, 0x72 },  // 鵵
    { 0x9D76, 0xF9, 0x73 },  // 鵶
    { 0x9D77, 0xF9, 0x74 },  // 鵷
    { 0x9D78, 0xF9, 0x75 },  // 鵸
    { 0x9D79, 0xF9, 0x76 },  // 鵹
    { 0x9D7A, 0xF9, 0x77 },  // 鵺
    { 0x9D7B, 0xF9, 0x78 },  // 鵻
    { 0x9D7C, 0xF9, 0x79 },  // 鵼
    { 0x9D7D, 0xF9, 0x7A },  // 鵽
    { 0x9D7E, 0xF9, 0x7B },  // 鵾
    { 0x9D7F, 0xF9, 0x7C },  // 鵿
    { 0x9D80, 0xF9, 0x7D },  // 鶀
    { 0x9D81, 0xF9, 0x7E },  // 鶁
    { 0x9D82, 0xF9, 0x80 },  // 鶂
    { 0x9D83, 0xF9, 0x81 },  // 鶃
    { 0x9D84, 0xF9, 0x82 },  // 鶄
    { 0x9D85, 0xF9, 0x83 },  // 鶅
    { 0x9D86, 0xF9, 0x84 },  // 鶆
    { 0x9D87, 0xF9, 0x85 },  // 鶇
    { 0x9D88, 0xF9, 0x86 },  // 鶈
    { 0x9D89, 0xF9, 0x87 },  // 鶉
    { 0x9D8A, 0xF9, 0x88 },  // 鶊
    { 0x9D8B, 0xF9, 0x89 },  // 鶋
    { 0x9D8C, 0xF9, 0x8A },  // 鶌
    { 0x9D8D, 0xF9, 0x8B },  // 鶍
    { 0x9D8E, 0xF9, 0x8C },  // 鶎
    { 0x9D8F, 0xF9, 0x8D },  // 鶏
    { 0x9D90, 0xF9, 0x8E },  // 鶐
    { 0x9D91, 0xF9, 0x8F },  // 鶑
    { 0x9D92, 0xF9, 0x90 },  // 鶒
    { 0x9D93, 0xF9, 0x91 },  // 鶓
    { 0x9D94, 0xF9, 0x92 },  // 鶔
    { 0x9D95, 0xF9, 0x93 },  // 鶕
    { 0x9D96, 0xF9, 0x94 },  // 鶖
    { 0x9D97, 0xF9, 0x95 },  // 鶗
    { 0x9D98, 0xF9, 0x96 },  // 鶘
    { 0x9D99, 0xF9, 0x97 },  // 鶙
    { 0x9D9A, 0xF9, 0x98 },  // 鶚
    { 0x9D9B, 0xF9, 0x99 },  // 鶛
    { 0x9D9C, 0xF9, 0x9A },  // 鶜
    { 0x9D9D, 0xF9, 0x9B },  // 鶝
    { 0x9D9E, 0xF9, 0x9C },  // 鶞
    { 0x9D9F, 0xF9, 0x9D },  // 鶟
    { 0x9DA0, 0xF9, 0x9E },  // 鶠
    { 0x9DA1, 0xF9, 0x9F },  // 鶡
    { 0x9DA2, 0xF9, 0xA0 },  // 鶢
    { 0x9DA3, 0xFA, 0x40 },  // 鶣
    { 0x9DA4, 0xFA, 0x41 },  // 鶤
    { 0x9DA5, 0xFA, 0x42 },  // 鶥
    { 0x9DA6, 0xFA, 0x43 },  // 鶦
    { 0x9DA7, 0xFA, 0x44 },  // 鶧
    { 0x9DA8, 0xFA, 0x45 },  // 鶨
    { 0x9DA9, 0xFA, 0x46 },  // 鶩
    { 0x9DAA, 0xFA, 0x47 },  // 鶪
    { 0x9DAB, 0xFA, 0x48 },  // 鶫
    { 0x9DAC, 0xFA, 0x49 },  // 鶬
    { 0x9DAD, 0xFA, 0x4A },  // 鶭
    { 0x9DAE, 0xFA, 0x4B },  // 鶮
    { 0x9DAF, 0xFA, 0x4C },  // 鶯
    { 0x9DB0, 0xFA, 0x4D },  // 鶰
    { 0x9DB1, 0xFA, 0x4E },  // 鶱
    { 0x9DB2, 0xFA, 0x4F },  // 鶲
    { 0x9DB3, 0xFA, 0x50 },  // 鶳
    { 0x9DB4, 0xFA, 0x51 },  // 鶴
    { 0x9DB5, 0xFA, 0x52 },  // 鶵
    { 0x9DB6, 0xFA, 0x53 },  // 鶶
    { 0x9DB7, 0xFA, 0x54 },  // 鶷
    { 0x9DB8, 0xFA, 0x55 },  // 鶸
    { 0x9DB9, 0xFA, 0x56 },  // 鶹
    { 0x9DBA, 0xFA, 0x57 },  // 鶺
    { 0x9DBB, 0xFA, 0x58 },  // 鶻
    { 0x9DBC, 0xFA, 0x59 },  // 鶼
    { 0x9DBD, 0xFA, 0x5A },  // 鶽
    { 0x9DBE, 0xFA, 0x5B },  // 鶾
    { 0x9DBF, 0xFA, 0x5C },  // 鶿
    { 0x9DC0, 0xFA, 0x5D },  // 鷀
    { 0x9DC1, 0xFA, 0x5E },  // 鷁
    { 0x9DC2, 0xFA, 0x5F },  // 鷂
    { 0x9DC3, 0xFA, 0x60 },  // 鷃
    { 0x9DC4, 0xFA, 0x61 },  // 鷄
    { 0x9DC5, 0xFA, 0x62 },  // 鷅
    { 0x9DC6, 0xFA, 0x63 },  // 鷆
    { 0x9DC7, 0xFA, 0x64 },  // 鷇
    { 0x9DC8, 0xFA, 0x65 },  // 鷈
    { 0x9DC9, 0xFA, 0x66 },  // 鷉
    { 0x9DCA, 0xFA, 0x67 },  // 鷊
    { 0x9DCB, 0xFA, 0x68 },  // 鷋
    { 0x9DCC, 0xFA, 0x69 },  // 鷌
    { 0x9DCD, 0xFA, 0x6A },  // 鷍
    { 0x9DCE, 0xFA, 0x6B },  // 鷎
    { 0x9DCF, 0xFA, 0x6C },  // 鷏
    { 0x9DD0, 0xFA, 0x6D },  // 鷐
    { 0x9DD1, 0xFA, 0x6E },  // 鷑
    { 0x9DD2, 0xFA, 0x6F },  // 鷒
    { 0x9DD3, 0xFA, 0x70 },  // 鷓
    { 0x9DD4, 0xFA, 0x71 },  // 鷔
    { 0x9DD5, 0xFA, 0x72 },  // 鷕
    { 0x9DD6, 0xFA, 0x73 },  // 鷖
    { 0x9DD7, 0xFA, 0x74 },  // 鷗
    { 0x9DD8, 0xFA, 0x75 },  // 鷘
    { 0x9DD9, 0xFA, 0x76 },  // 鷙
    { 0x9DDA, 0xFA, 0x77 },  // 鷚
    { 0x9DDB, 0xFA, 0x78 },  // 鷛
    { 0x9DDC, 0xFA, 0x79 },  // 鷜
    { 0x9DDD, 0xFA, 0x7A },  // 鷝
    { 0x9DDE, 0xFA, 0x7B },  // 鷞
    { 0x9DDF, 0xFA, 0x7C },  // 鷟
    { 0x9DE0, 0xFA, 0x7D },  // 鷠
    { 0x9DE1, 0xFA, 0x7E },  // 鷡
    { 0x9DE2, 0xFA, 0x80 },  // 鷢
    { 0x9DE3, 0xFA, 0x81 },  // 鷣
    { 0x9DE4, 0xFA, 0x82 },  // 鷤
    { 0x9DE5, 0xFA, 0x83 },  // 鷥
    { 0x9DE6, 0xFA, 0x84 },  // 鷦
    { 0x9DE7, 0xFA, 0x85 },  // 鷧
    { 0x9DE8, 0xFA, 0x86 },  // 鷨
    { 0x9DE9, 0xFA, 0x87 },  // 鷩
    { 0x9DEA, 0xFA, 0x88 },  // 鷪
    { 0x9DEB, 0xFA, 0x89 },  // 鷫
    { 0x9DEC, 0xFA, 0x8A },  // 鷬
    { 0x9DED, 0xFA, 0x8B },  // 鷭
    { 0x9DEE, 0xFA, 0x8C },  // 鷮
    { 0x9DEF, 0xFA, 0x8D },  // 鷯
    { 0x9DF0, 0xFA, 0x8E },  // 鷰
    { 0x9DF1, 0xFA, 0x8F },  // 鷱
    { 0x9DF2, 0xFA, 0x90 },  // 鷲
    { 0x9DF3, 0xFA, 0x91 },  // 鷳
    { 0x9DF4, 0xFA, 0x92 },  // 鷴
    { 0x9DF5, 0xFA, 0x93 },  // 鷵
    { 0x9DF6, 0xFA, 0x94 },  // 鷶
    { 0x9DF7, 0xFA, 0x95 },  // 鷷
    { 0x9DF8, 0xFA, 0x96 },  // 鷸
    { 0x9DF9, 0xFA, 0x97 },  // 鷹
    { 0x9DFA, 0xFA, 0x98 },  // 鷺
    { 0x9DFB, 0xFA, 0x99 },  // 鷻
    { 0x9DFC, 0xFA, 0x9A },  // 鷼
    { 0x9DFD, 0xFA, 0x9B },  // 鷽
    { 0x9DFE, 0xFA, 0x9C },  // 鷾
    { 0x9DFF, 0xFA, 0x9D },  // 鷿
    { 0x9E00, 0xFA, 0x9E },  // 鸀
    { 0x9E01, 0xFA, 0x9F },  // 鸁
    { 0x9E02, 0xFA, 0xA0 },  // 鸂
    { 0x9E03, 0xFB, 0x40 },  // 鸃
    { 0x9E04, 0xFB, 0x41 },  // 鸄
    { 0x9E05, 0xFB, 0x42 },  // 鸅
    { 0x9E06, 0xFB, 0x43 },  // 鸆
    { 0x9E07, 0xFB, 0x44 },  // 鸇
    { 0x9E08, 0xFB, 0x45 },  // 鸈
    { 0x9E09, 0xFB, 0x46 },  // 鸉
    { 0x9E0A, 0xFB, 0x47 },  // 鸊
    { 0x9E0B, 0xFB, 0x48 },  // 鸋
    { 0x9E0C, 0xFB, 0x49 },  // 鸌
    { 0x9E0D, 0xFB, 0x4A },  // 鸍
    { 0x9E0E, 0xFB, 0x4B },  // 鸎
    { 0x9E0F, 0xFB, 0x4C },  // 鸏
    { 0x9E10, 0xFB, 0x4D },  // 鸐
    { 0x9E11, 0xFB, 0x4E },  // 鸑
    { 0x9E12, 0xFB, 0x4F },  // 鸒
    { 0x9E13, 0xFB, 0x50 },  // 鸓
    { 0x9E14, 0xFB, 0x51 },  // 鸔
    { 0x9E15, 0xFB, 0x52 },  // 鸕
    { 0x9E16, 0xFB, 0x53 },  // 鸖
    { 0x9E17, 0xFB, 0x54 },  // 鸗
    { 0x9E18, 0xFB, 0x55 },  // 鸘
    { 0x9E19, 0xFB, 0x56 },  // 鸙
    { 0x9E1A, 0xFB, 0x57 },  // 鸚
    { 0x9E1B, 0xFB, 0x58 },  // 鸛
    { 0x9E1C, 0xFB, 0x59 },  // 鸜
    { 0x9E1D, 0xFB, 0x5A },  // 鸝
    { 0x9E1E, 0xFB, 0x5B },  // 鸞
    { 0x9E1F, 0xC4, 0xF1 },  // 鸟
    { 0x9E20, 0xF0, 0xAF },  // 鸠
    { 0x9E21, 0xBC, 0xA6 },  // 鸡
    { 0x9E22, 0xF0, 0xB0 },  // 鸢
    { 0x9E23, 0xC3, 0xF9 },  // 鸣
    { 0x9E24, 0xFB, 0x5C },  // 鸤
    { 0x9E25, 0xC5, 0xB8 },  // 鸥
    { 0x9E26, 0xD1, 0xBB },  // 鸦
    { 0x9E27, 0xFB, 0x5D },  // 鸧
    { 0x9E28, 0xF0, 0xB1 },  // 鸨
    { 0x9E29, 0xF0, 0xB2 },  // 鸩
    { 0x9E2A, 0xF0, 0xB3 },  // 鸪
    { 0x9E2B, 0xF0, 0xB4 },  // 鸫
    { 0x9E2C, 0xF0, 0xB5 },  // 鸬
    { 0x9E2D, 0xD1, 0xBC },  // 鸭
    { 0x9E2E, 0xFB, 0x5E },  // 鸮
    { 0x9E2F, 0xD1, 0xEC },  // 鸯
    { 0x9E30, 0xFB, 0x5F },  // 鸰
    { 0x9E31, 0xF0, 0xB7 },  // 鸱
    { 0x9E32, 0xF0, 0xB6 },  // 鸲
    { 0x9E33, 0xD4, 0xA7 },  // 鸳
    { 0x9E34, 0xFB, 0x60 },  // 鸴
    { 0x9E35, 0xCD, 0xD2 },  // 鸵
    { 0x9E36, 0xF0, 0xB8 },  // 鸶
    { 0x9E37, 0xF0, 0xBA },  // 鸷
    { 0x9E38, 0xF0, 0xB9 },  // 鸸
    { 0x9E39, 0xF0, 0xBB },  // 鸹
    { 0x9E3A, 0xF0, 0xBC },  // 鸺
    { 0x9E3B, 0xFB, 0x61 },  // 鸻
    { 0x9E3C, 0xFB, 0x62 },  // 鸼
    { 0x9E3D, 0xB8, 0xEB },  // 鸽
    { 0x9E3E, 0xF0, 0xBD },  // 鸾
    { 0x9E3F, 0xBA, 0xE8 },  // 鸿
    { 0x9E40, 0xFB, 0x63 },  // 鹀
    { 0x9E41, 0xF0, 0xBE },  // 鹁
    { 0x9E42, 0xF0, 0xBF },  // 鹂
    { 0x9E43, 0xBE, 0xE9 },  // 鹃
    { 0x9E44, 0xF0, 0xC0 },  // 鹄
    { 0x9E45, 0xB6, 0xEC },  // 鹅
    { 0x9E46, 0xF0, 0xC1 },  // 鹆
    { 0x9E47, 0xF0, 0xC2 },  // 鹇
    { 0x9E48, 0xF0, 0xC3 },  // 鹈
    { 0x9E49, 0xF0, 0xC4 },  // 鹉
    { 0x9E4A, 0xC8, 0xB5 },  // 鹊
    { 0x9E4B, 0xF0, 0xC5 },  // 鹋
    { 0x9E4C, 0xF0, 0xC6 },  // 鹌
    { 0x9E4D, 0xFB, 0x64 },  // 鹍
    { 0x9E4E, 0xF0, 0xC7 },  // 鹎
    { 0x9E4F, 0xC5, 0xF4 },  // 鹏
    { 0x9E50, 0xFB, 0x65 },  // 鹐
    { 0x9E51, 0xF0, 0xC8 },  // 鹑
    { 0x9E52, 0xFB, 0x66 },  // 鹒
    { 0x9E53, 0xFB, 0x67 },  // 鹓
    { 0x9E54, 0xFB, 0x68 },  // 鹔
    { 0x9E55, 0xF0, 0xC9 },  // 鹕
    { 0x9E56, 0xFB, 0x69 },  // 鹖
    { 0x9E57, 0xF0, 0xCA },  // 鹗
    { 0x9E58, 0xF7, 0xBD },  // 鹘
    { 0x9E59, 0xFB, 0x6A },  // 鹙
    { 0x9E5A, 0xF0, 0xCB },  // 鹚
    { 0x9E5B, 0xF0, 0xCC },  // 鹛
    { 0x9E5C, 0xF0, 0xCD },  // 鹜
    { 0x9E5D, 0xFB, 0x6B },  // 鹝
    { 0x9E5E, 0xF0, 0xCE },  // 鹞
    { 0x9E5F, 0xFB, 0x6C },  // 鹟
    { 0x9E60, 0xFB, 0x6D },  // 鹠
    { 0x9E61, 0xFB, 0x6E },  // 鹡
    { 0x9E62, 0xFB, 0x6F },  // 鹢
    { 0x9E63, 0xF0, 0xCF },  // 鹣
    { 0x9E64, 0xBA, 0xD7 },  // 鹤
    { 0x9E65, 0xFB, 0x70 },  // 鹥
    { 0x9E66, 0xF0, 0xD0 },  // 鹦
    { 0x9E67, 0xF0, 0xD1 },  // 鹧
    { 0x9E68, 0xF0, 0xD2 },  // 鹨
    { 0x9E69, 0xF0, 0xD3 },  // 鹩
    { 0x9E6A, 0xF0, 0xD4 },  // 鹪
    { 0x9E6B, 0xF0, 0xD5 },  // 鹫
    { 0x9E6C, 0xF0, 0xD6 },  // 鹬
    { 0x9E6D, 0xF0, 0xD8 },  // 鹭
    { 0x9E6E, 0xFB, 0x71 },  // 鹮
    { 0x9E6F, 0xFB, 0x72 },  // 鹯
    { 0x9E70, 0xD3, 0xA5 },  // 鹰
    { 0x9E71, 0xF0, 0xD7 },  // 鹱
    { 0x9E72, 0xFB, 0x73 },  // 鹲
    { 0x9E73, 0xF0, 0xD9 },  // 鹳
    { 0x9E74, 0xFB, 0x74 },  // 鹴
    { 0x9E75, 0xFB, 0x75 },  // 鹵
    { 0x9E76, 0xFB, 0x76 },  // 鹶
    { 0x9E77, 0xFB, 0x77 },  // 鹷
    { 0x9E78, 0xFB, 0x78 },  // 鹸
    { 0x9E79, 0xFB, 0x79 },  // 鹹
    { 0x9E7A, 0xFB, 0x7A },  // 鹺
    { 0x9E7B, 0xFB, 0x7B },  // 鹻
    { 0x9E7C, 0xFB, 0x7C },  // 鹼
    { 0x9E7D, 0xFB, 0x7D },  // 鹽
    { 0x9E7E, 0xF5, 0xBA },  // 鹾
    { 0x9E7F, 0xC2, 0xB9 },  // 鹿
    { 0x9E80, 0xFB, 0x7E },  // 麀
    { 0x9E81, 0xFB, 0x80 },  // 麁
    { 0x9E82, 0xF7, 0xE4 },  // 麂
    { 0x9E83, 0xFB, 0x81 },  // 麃
    { 0x9E84, 0xFB, 0x82 },  // 麄
    { 0x9E85, 0xFB, 0x83 },  // 麅
    { 0x9E86, 0xFB, 0x84 },  // 麆
    { 0x9E87, 0xF7, 0xE5 },  // 麇
    { 0x9E88, 0xF7, 0xE6 },  // 麈
    { 0x9E89, 0xFB, 0x85 },  // 麉
    { 0x9E8A, 0xFB, 0x86 },  // 麊
    { 0x9E8B, 0xF7, 0xE7 },  // 麋
    { 0x9E8C, 0xFB, 0x87 },  // 麌
    { 0x9E8D, 0xFB, 0x88 },  // 麍
    { 0x9E8E, 0xFB, 0x89 },  // 麎
    { 0x9E8F, 0xFB, 0x8A },  // 麏
    { 0x9E90, 0xFB, 0x8B },  // 麐
    { 0x9E91, 0xFB, 0x8C },  // 麑
    { 0x9E92, 0xF7, 0xE8 },  // 麒
    { 0x9E93, 0xC2, 0xB4 },  // 麓
    { 0x9E94, 0xFB, 0x8D },  // 麔
    { 0x9E95, 0xFB, 0x8E },  // 麕
    { 0x9E96, 0xFB, 0x8F },  // 麖
    { 0x9E97, 0xFB, 0x90 },  // 麗
    { 0x9E98, 0xFB, 0x91 },  // 麘
    { 0x9E99, 0xFB, 0x92 },  // 麙
    { 0x9E9A, 0xFB, 0x93 },  // 麚
    { 0x9E9B, 0xFB, 0x94 },  // 麛
    { 0x9E9C, 0xFB, 0x95 },  // 麜
    { 0x9E9D, 0xF7, 0xEA },  // 麝
    { 0x9E9E, 0xFB, 0x96 },  // 麞
    { 0x9E9F, 0xF7, 0xEB },  // 麟
    { 0x9EA0, 0xFB, 0x97 },  // 麠
    { 0x9EA1, 0xFB, 0x98 },  // 麡
    { 0x9EA2, 0xFB, 0x99 },  // 麢
    { 0x9EA3, 0xFB, 0x9A },  // 麣
    { 0x9EA4, 0xFB, 0x9B },  // 麤
    { 0x9EA5, 0xFB, 0x9C },  // 麥
    { 0x9EA6, 0xC2, 0xF3 },  // 麦
    { 0x9EA7, 0xFB, 0x9D },  // 麧
    { 0x9EA8, 0xFB, 0x9E },  // 麨
    { 0x9EA9, 0xFB, 0x9F },  // 麩
    { 0x9EAA, 0xFB, 0xA0 },  // 麪
    { 0x9EAB, 0xFC, 0x40 },  // 麫
    { 0x9EAC, 0xFC, 0x41 },  // 麬
    { 0x9EAD, 0xFC, 0x42 },  // 麭
    { 0x9EAE, 0xFC, 0x43 },  // 麮
    { 0x9EAF, 0xFC, 0x44 },  // 麯
    { 0x9EB0, 0xFC, 0x45 },  // 麰
    { 0x9EB1, 0xFC, 0x46 },  // 麱
    { 0x9EB2, 0xFC, 0x47 },  // 麲
    { 0x9EB3, 0xFC, 0x48 },  // 麳
    { 0x9EB4, 0xF4, 0xF0 },  // 麴
    { 0x9EB5, 0xFC, 0x49 },  // 麵
    { 0x9EB6, 0xFC, 0x4A },  // 麶
    { 0x9EB7, 0xFC, 0x4B },  // 麷
    { 0x9EB8, 0xF4, 0xEF },  // 麸
    { 0x9EB9, 0xFC, 0x4C },  // 麹
    { 0x9EBA, 0xFC, 0x4D },  // 麺
    { 0x9EBB, 0xC2, 0xE9 },  // 麻
    { 0x9EBC, 0xFC, 0x4E },  // 麼
    { 0x9EBD, 0xF7, 0xE1 },  // 麽
    { 0x9EBE, 0xF7, 0xE2 },  // 麾
    { 0x9EBF, 0xFC, 0x4F },  // 麿
    { 0x9EC0, 0xFC, 0x50 },  // 黀
    { 0x9EC1, 0xFC, 0x51 },  // 黁
    { 0x9EC2, 0xFC, 0x52 },  // 黂
    { 0x9EC3, 0xFC, 0x53 },  // 黃
    { 0x9EC4, 0xBB, 0xC6 },  // 黄
    { 0x9EC5, 0xFC, 0x54 },  // 黅
    { 0x9EC6, 0xFC, 0x55 },  // 黆
    { 0x9EC7, 0xFC, 0x56 },  // 黇
    { 0x9EC8, 0xFC, 0x57 },  // 黈
    { 0x9EC9, 0xD9, 0xE4 },  // 黉
    { 0x9ECA, 0xFC, 0x58 },  // 黊
    { 0x9ECB, 0xFC, 0x59 },  // 黋
    { 0x9ECC, 0xFC, 0x5A },  // 黌
    { 0x9ECD, 0xCA, 0xF2 },  // 黍
    { 0x9ECE, 0xC0, 0xE8 },  // 黎
    { 0x9ECF, 0xF0, 0xA4 },  // 黏
    { 0x9ED0, 0xFC, 0x5B },  // 黐
    { 0x9ED1, 0xBA, 0xDA },  // 黑
    { 0x9ED2, 0xFC, 0x5C },  // 黒
    { 0x9ED3, 0xFC, 0x5D },  // 黓
    { 0x9ED4, 0xC7, 0xAD },  // 黔
    { 0x9ED5, 0xFC, 0x5E },  // 黕
    { 0x9ED6, 0xFC, 0x5F },  // 黖
    { 0x9ED7, 0xFC, 0x60 },  // 黗
    { 0x9ED8, 0xC4, 0xAC },  // 默
    { 0x9ED9, 0xFC, 0x61 },  // 黙
    { 0x9EDA, 0xFC, 0x62 },  // 黚
    { 0x9EDB, 0xF7, 0xEC },  // 黛
    { 0x9EDC, 0xF7, 0xED },  // 黜
    { 0x9EDD, 0xF7, 0xEE },  // 黝
    { 0x9EDE, 0xFC, 0x63 },  // 點
    { 0x9EDF, 0xF7, 0xF0 },  // 黟
    { 0x9EE0, 0xF7, 0xEF },  // 黠
    { 0x9EE1, 0xFC, 0x64 },  // 黡
    { 0x9EE2, 0xF7, 0xF1 },  // 黢
    { 0x9EE3, 0xFC, 0x65 },  // 黣
    { 0x9EE4, 0xFC, 0x66 },  // 黤
    { 0x9EE5, 0xF7, 0xF4 },  // 黥
    { 0x9EE6, 0xFC, 0x67 },  // 黦
    { 0x9EE7, 0xF7, 0xF3 },  // 黧
    { 0x9EE8, 0xFC, 0x68 },  // 黨
    { 0x9EE9, 0xF7, 0xF2 },  // 黩
    { 0x9EEA, 0xF7, 0xF5 },  // 黪
    { 0x9EEB, 0xFC, 0x69 },  // 黫
    { 0x9EEC, 0xFC, 0x6A },  // 黬
    { 0x9EED, 0xFC, 0x6B },  // 黭
    { 0x9EEE, 0xFC, 0x6C },  // 黮
    { 0x9EEF, 0xF7, 0xF6 },  // 黯
    { 0x9EF0, 0xFC, 0x6D },  // 黰
    { 0x9EF1, 0xFC, 0x6E },  // 黱
    { 0x9EF2, 0xFC, 0x6F },  // 黲
    { 0x9EF3, 0xFC, 0x70 },  // 黳
    { 0x9EF4, 0xFC, 0x71 },  // 黴
    { 0x9EF5, 0xFC, 0x72 },  // 黵
    { 0x9EF6, 0xFC, 0x73 },  // 黶
    { 0x9EF7, 0xFC, 0x74 },  // 黷
    { 0x9EF8, 0xFC, 0x75 },  // 黸
    { 0x9EF9, 0xED, 0xE9 },  // 黹
    { 0x9EFA, 0xFC, 0x76 },  // 黺
    { 0x9EFB, 0xED, 0xEA },  // 黻
    { 0x9EFC, 0xED, 0xEB },  // 黼
    { 0x9EFD, 0xFC, 0x77 },  // 黽
    { 0x9EFE, 0xF6, 0xBC },  // 黾
    { 0x9EFF, 0xFC, 0x78 },  // 黿
    { 0x9F00, 0xFC, 0x79 },  // 鼀
    { 0x9F01, 0xFC, 0x7A },  // 鼁
    { 0x9F02, 0xFC, 0x7B },  // 鼂
    { 0x9F03, 0xFC, 0x7C },  // 鼃
    { 0x9F04, 0xFC, 0x7D },  // 鼄
    { 0x9F05, 0xFC, 0x7E },  // 鼅
    { 0x9F06, 0xFC, 0x80 },  // 鼆
    { 0x9F07, 0xFC, 0x81 },  // 鼇
    { 0x9F08, 0xFC, 0x82 },  // 鼈
    { 0x9F09, 0xFC, 0x83 },  // 鼉
    { 0x9F0A, 0xFC, 0x84 },  // 鼊
    { 0x9F0B, 0xF6, 0xBD },  // 鼋
    { 0x9F0C, 0xFC, 0x85 },  // 鼌
    { 0x9F0D, 0xF6, 0xBE },  // 鼍
    { 0x9F0E, 0xB6, 0xA6 },  // 鼎
    { 0x9F0F, 0xFC, 0x86 },  // 鼏
    { 0x9F10, 0xD8, 0xBE },  // 鼐
    { 0x9F11, 0xFC, 0x87 },  // 鼑
    { 0x9F12, 0xFC, 0x88 },  // 鼒
    { 0x9F13, 0xB9, 0xC4 },  // 鼓
    { 0x9F14, 0xFC, 0x89 },  // 鼔
    { 0x9F15, 0xFC, 0x8A },  // 鼕
    { 0x9F16, 0xFC, 0x8B },  // 鼖
    { 0x9F17, 0xD8, 0xBB },  // 鼗
    { 0x9F18, 0xFC, 0x8C },  // 鼘
    { 0x9F19, 0xDC, 0xB1 },  // 鼙
    { 0x9F1A, 0xFC, 0x8D },  // 鼚
    { 0x9F1B, 0xFC, 0x8E },  // 鼛
    { 0x9F1C, 0xFC, 0x8F },  // 鼜
    { 0x9F1D, 0xFC, 0x90 },  // 鼝
    { 0x9F1E, 0xFC, 0x91 },  // 鼞
    { 0x9F1F, 0xFC, 0x92 },  // 鼟
    { 0x9F20, 0xCA, 0xF3 },  // 鼠
    { 0x9F21, 0xFC, 0x93 },  // 鼡
    { 0x9F22, 0xF7, 0xF7 },  // 鼢
    { 0x9F23, 0xFC, 0x94 },  // 鼣
    { 0x9F24, 0xFC, 0x95 },  // 鼤
    { 0x9F25, 0xFC, 0x96 },  // 鼥
    { 0x9F26, 0xFC, 0x97 },  // 鼦
    { 0x9F27, 0xFC, 0x98 },  // 鼧
    { 0x9F28, 0xFC, 0x99 },  // 鼨
    { 0x9F29, 0xFC, 0x9A },  // 鼩
    { 0x9F2A, 0xFC, 0x9B },  // 鼪
    { 0x9F2B, 0xFC, 0x9C },  // 鼫
    { 0x9F2C, 0xF7, 0xF8 },  // 鼬
    { 0x9F2D, 0xFC, 0x9D },  // 鼭
    { 0x9F2E, 0xFC, 0x9E },  // 鼮
    { 0x9F2F, 0xF7, 0xF9 },  // 鼯
    { 0x9F30, 0xFC, 0x9F },  // 鼰
    { 0x9F31, 0xFC, 0xA0 },  // 鼱
    { 0x9F32, 0xFD, 0x40 },  // 鼲
    { 0x9F33, 0xFD, 0x41 },  // 鼳
    { 0x9F34, 0xFD, 0x42 },  // 鼴
    { 0x9F35, 0xFD, 0x43 },  // 鼵
    { 0x9F36, 0xFD, 0x44 },  // 鼶
    { 0x9F37, 0xF7, 0xFB },  // 鼷
    { 0x9F38, 0xFD, 0x45 },  // 鼸
    { 0x9F39, 0xF7, 0xFA },  // 鼹
    { 0x9F3A, 0xFD, 0x46 },  // 鼺
    { 0x9F3B, 0xB1, 0xC7 },  // 鼻
    { 0x9F3C, 0xFD, 0x47 },  // 鼼
    { 0x9F3D, 0xF7, 0xFC },  // 鼽
    { 0x9F3E, 0xF7, 0xFD },  // 鼾
    { 0x9F3F, 0xFD, 0x48 },  // 鼿
    { 0x9F40, 0xFD, 0x49 },  // 齀
    { 0x9F41, 0xFD, 0x4A },  // 齁
    { 0x9F42, 0xFD, 0x4B },  // 齂
    { 0x9F43, 0xFD, 0x4C },  // 齃
    { 0x9F44, 0xF7, 0xFE },  // 齄
    { 0x9F45, 0xFD, 0x4D },  // 齅
    { 0x9F46, 0xFD, 0x4E },  // 齆
    { 0x9F47, 0xFD, 0x4F },  // 齇
    { 0x9F48, 0xFD, 0x50 },  // 齈
    { 0x9F49, 0xFD, 0x51 },  // 齉
    { 0x9F4A, 0xFD, 0x52 },  // 齊
    { 0x9F4B, 0xFD, 0x53 },  // 齋
    { 0x9F4C, 0xFD, 0x54 },  // 齌
    { 0x9F4D, 0xFD, 0x55 },  // 齍
    { 0x9F4E, 0xFD, 0x56 },  // 齎
    { 0x9F4F, 0xFD, 0x57 },  // 齏
    { 0x9F50, 0xC6, 0xEB },  // 齐
    { 0x9F51, 0xEC, 0xB4 },  // 齑
    { 0x9F52, 0xFD, 0x58 },  // 齒
    { 0x9F53, 0xFD, 0x59 },  // 齓
    { 0x9F54, 0xFD, 0x5A },  // 齔
    { 0x9F55, 0xFD, 0x5B },  // 齕
    { 0x9F56, 0xFD, 0x5C },  // 齖
    { 0x9F57, 0xFD, 0x5D },  // 齗
    { 0x9F58, 0xFD, 0x5E },  // 齘
    { 0x9F59, 0xFD, 0x5F },  // 齙
    { 0x9F5A, 0xFD, 0x60 },  // 齚
    { 0x9F5B, 0xFD, 0x61 },  // 齛
    { 0x9F5C, 0xFD, 0x62 },  // 齜
    { 0x9F5D, 0xFD, 0x63 },  // 齝
    { 0x9F5E, 0xFD, 0x64 },  // 齞
    { 0x9F5F, 0xFD, 0x65 },  // 齟
    { 0x9F60, 0xFD, 0x66 },  // 齠
    { 0x9F61, 0xFD, 0x67 },  // 齡
    { 0x9F62, 0xFD, 0x68 },  // 齢
    { 0x9F63, 0xFD, 0x69 },  // 齣
    { 0x9F64, 0xFD, 0x6A },  // 齤
    { 0x9F65, 0xFD, 0x6B },  // 齥
    { 0x9F66, 0xFD, 0x6C },  // 齦
    { 0x9F67, 0xFD, 0x6D },  // 齧
    { 0x9F68, 0xFD, 0x6E },  // 齨
    { 0x9F69, 0xFD, 0x6F },  // 齩
    { 0x9F6A, 0xFD, 0x70 },  // 齪
    { 0x9F6B, 0xFD, 0x71 },  // 齫
    { 0x9F6C, 0xFD, 0x72 },  // 齬
    { 0x9F6D, 0xFD, 0x73 },  // 齭
    { 0x9F6E, 0xFD, 0x74 },  // 齮
    { 0x9F6F, 0xFD, 0x75 },  // 齯
    { 0x9F70, 0xFD, 0x76 },  // 齰
    { 0x9F71, 0xFD, 0x77 },  // 齱
    { 0x9F72, 0xFD, 0x78 },  // 齲
    { 0x9F73, 0xFD, 0x79 },  // 齳
    { 0x9F74, 0xFD, 0x7A },  // 齴
    { 0x9F75, 0xFD, 0x7B },  // 齵
    { 0x9F76, 0xFD, 0x7C },  // 齶
    { 0x9F77, 0xFD, 0x7D },  // 齷
    { 0x9F78, 0xFD, 0x7E },  // 齸
    { 0x9F79, 0xFD, 0x80 },  // 齹
    { 0x9F7A, 0xFD, 0x81 },  // 齺
    { 0x9F7B, 0xFD, 0x82 },  // 齻
    { 0x9F7C, 0xFD, 0x83 },  // 齼
    { 0x9F7D, 0xFD, 0x84 },  // 齽
    { 0x9F7E, 0xFD, 0x85 },  // 齾
    { 0x9F7F, 0xB3, 0xDD },  // 齿
    { 0x9F80, 0xF6, 0xB3 },  // 龀
    { 0x9F81, 0xFD, 0x86 },  // 龁
    { 0x9F82, 0xFD, 0x87 },  // 龂
    { 0x9F83, 0xF6, 0xB4 },  // 龃
    { 0x9F84, 0xC1, 0xE4 },  // 龄
    { 0x9F85, 0xF6, 0xB5 },  // 龅
    { 0x9F86, 0xF6, 0xB6 },  // 龆
    { 0x9F87, 0xF6, 0xB7 },  // 龇
    { 0x9F88, 0xF6, 0xB8 },  // 龈
    { 0x9F89, 0xF6, 0xB9 },  // 龉
    { 0x9F8A, 0xF6, 0xBA },  // 龊
    { 0x9F8B, 0xC8, 0xA3 },  // 龋
    { 0x9F8C, 0xF6, 0xBB },  // 龌
    { 0x9F8D, 0xFD, 0x88 },  // 龍
    { 0x9F8E, 0xFD, 0x89 },  // 龎
    { 0x9F8F, 0xFD, 0x8A },  // 龏
    { 0x9F90, 0xFD, 0x8B },  // 龐
    { 0x9F91, 0xFD, 0x8C },  // 龑
    { 0x9F92, 0xFD, 0x8D },  // 龒
    { 0x9F93, 0xFD, 0x8E },  // 龓
    { 0x9F94, 0xFD, 0x8F },  // 龔
    { 0x9F95, 0xFD, 0x90 },  // 龕
    { 0x9F96, 0xFD, 0x91 },  // 龖
    { 0x9F97, 0xFD, 0x92 },  // 龗
    { 0x9F98, 0xFD, 0x93 },  // 龘
    { 0x9F99, 0xC1, 0xFA },  // 龙
    { 0x9F9A, 0xB9, 0xA8 },  // 龚
    { 0x9F9B, 0xED, 0xE8 },  // 龛
    { 0x9F9C, 0xFD, 0x94 },  // 龜
    { 0x9F9D, 0xFD, 0x95 },  // 龝
    { 0x9F9E, 0xFD, 0x96 },  // 龞
    { 0x9F9F, 0xB9, 0xEA },  // 龟
    { 0x9FA0, 0xD9, 0xDF },  // 龠
    { 0x9FA1, 0xFD, 0x97 },  // 龡
    { 0x9FA2, 0xFD, 0x98 },  // 龢
    { 0x9FA3, 0xFD, 0x99 },  // 龣
    { 0x9FA4, 0xFD, 0x9A },  // 龤
    { 0x9FA5, 0xFD, 0x9B },  // 龥
    { 0xF92C, 0xFD, 0x9C },  // 郎
    { 0xF979, 0xFD, 0x9D },  // 凉
    { 0xF995, 0xFD, 0x9E },  // 秊
    { 0xF9E7, 0xFD, 0x9F },  // 裏
    { 0xF9F1, 0xFD, 0xA0 },  // 隣
    { 0xFA0C, 0xFE, 0x40 },  // 兀
    { 0xFA0D, 0xFE, 0x41 },  // 嗀
    { 0xFA0E, 0xFE, 0x42 },  // 﨎
    { 0xFA0F, 0xFE, 0x43 },  // 﨏
    { 0xFA11, 0xFE, 0x44 },  // 﨑
    { 0xFA13, 0xFE, 0x45 },  // 﨓
    { 0xFA14, 0xFE, 0x46 },  // 﨔
    { 0xFA18, 0xFE, 0x47 },  // 礼
    { 0xFA1F, 0xFE, 0x48 },  // 﨟
    { 0xFA20, 0xFE, 0x49 },  // 蘒
    { 0xFA21, 0xFE, 0x4A },  // 﨡
    { 0xFA23, 0xFE, 0x4B },  // 﨣
    { 0xFA24, 0xFE, 0x4C },  // 﨤
    { 0xFA27, 0xFE, 0x4D },  // 﨧
    { 0xFA28, 0xFE, 0x4E },  // 﨨
    { 0xFA29, 0xFE, 0x4F },  // 﨩
    { 0xFE30, 0xA9, 0x55 },  // ︰
    { 0xFE31, 0xA6, 0xF2 },  // ︱
    { 0xFE33, 0xA6, 0xF4 },  // ︳
    { 0xFE34, 0xA6, 0xF5 },  // ︴
    { 0xFE35, 0xA6, 0xE0 },  // ︵
    { 0xFE36, 0xA6, 0xE1 },  // ︶
    { 0xFE37, 0xA6, 0xF0 },  // ︷
    { 0xFE38, 0xA6, 0xF1 },  // ︸
    { 0xFE39, 0xA6, 0xE2 },  // ︹
    { 0xFE3A, 0xA6, 0xE3 },  // ︺
    { 0xFE3B, 0xA6, 0xEE },  // ︻
    { 0xFE3C, 0xA6, 0xEF },  // ︼
    { 0xFE3D, 0xA6, 0xE6 },  // ︽
    { 0xFE3E, 0xA6, 0xE7 },  // ︾
    { 0xFE3F, 0xA6, 0xE4 },  // ︿
    { 0xFE40, 0xA6, 0xE5 },  // ﹀
    { 0xFE41, 0xA6, 0xE8 },  // ﹁
    { 0xFE42, 0xA6, 0xE9 },  // ﹂
    { 0xFE43, 0xA6, 0xEA },  // ﹃
    { 0xFE44, 0xA6, 0xEB },  // ﹄
    { 0xFE49, 0xA9, 0x68 },  // ﹉
    { 0xFE4A, 0xA9, 0x69 },  // ﹊
    { 0xFE4B, 0xA9, 0x6A },  // ﹋
    { 0xFE4C, 0xA9, 0x6B },  // ﹌
    { 0xFE4D, 0xA9, 0x6C },  // ﹍
    { 0xFE4E, 0xA9, 0x6D },  // ﹎
    { 0xFE4F, 0xA9, 0x6E },  // ﹏
    { 0xFE50, 0xA9, 0x6F },  // ﹐
    { 0xFE51, 0xA9, 0x70 },  // ﹑
    { 0xFE52, 0xA9, 0x71 },  // ﹒
    { 0xFE54, 0xA9, 0x72 },  // ﹔
    { 0xFE55, 0xA9, 0x73 },  // ﹕
    { 0xFE56, 0xA9, 0x74 },  // ﹖
    { 0xFE57, 0xA9, 0x75 },  // ﹗
    { 0xFE59, 0xA9, 0x76 },  // ﹙
    { 0xFE5A, 0xA9, 0x77 },  // ﹚
    { 0xFE5B, 0xA9, 0x78 },  // ﹛
    { 0xFE5C, 0xA9, 0x79 },  // ﹜
    { 0xFE5D, 0xA9, 0x7A },  // ﹝
    { 0xFE5E, 0xA9, 0x7B },  // ﹞
    { 0xFE5F, 0xA9, 0x7C },  // ﹟
    { 0xFE60, 0xA9, 0x7D },  // ﹠
    { 0xFE61, 0xA9, 0x7E },  // ﹡
    { 0xFE62, 0xA9, 0x80 },  // ﹢
    { 0xFE63, 0xA9, 0x81 },  // ﹣
    { 0xFE64, 0xA9, 0x82 },  // ﹤
    { 0xFE65, 0xA9, 0x83 },  // ﹥
    { 0xFE66, 0xA9, 0x84 },  // ﹦
    { 0xFE68, 0xA9, 0x85 },  // ﹨
    { 0xFE69, 0xA9, 0x86 },  // ﹩
    { 0xFE6A, 0xA9, 0x87 },  // ﹪
    { 0xFE6B, 0xA9, 0x88 },  // ﹫
    { 0xFF01, 0xA3, 0xA1 },  // ！
    { 0xFF02, 0xA3, 0xA2 },  // ＂
    { 0xFF03, 0xA3, 0xA3 },  // ＃
    { 0xFF04, 0xA1, 0xE7 },  // ＄
    { 0xFF05, 0xA3, 0xA5 },  // ％
    { 0xFF06, 0xA3, 0xA6 },  // ＆
    { 0xFF07, 0xA3, 0xA7 },  // ＇
    { 0xFF08, 0xA3, 0xA8 },  // （
    { 0xFF09, 0xA3, 0xA9 },  // ）
    { 0xFF0A, 0xA3, 0xAA },  // ＊
    { 0xFF0B, 0xA3, 0xAB },  // ＋
    { 0xFF0C, 0xA3, 0xAC },  // ，
    { 0xFF0D, 0xA3, 0xAD },  // －
    { 0xFF0E, 0xA3, 0xAE },  // ．
    { 0xFF0F, 0xA3, 0xAF },  // ／
    { 0xFF10, 0xA3, 0xB0 },  // ０
    { 0xFF11, 0xA3, 0xB1 },  // １
    { 0xFF12, 0xA3, 0xB2 },  // ２
    { 0xFF13, 0xA3, 0xB3 },  // ３
    { 0xFF14, 0xA3, 0xB4 },  // ４
    { 0xFF15, 0xA3, 0xB5 },  // ５
    { 0xFF16, 0xA3, 0xB6 },  // ６
    { 0xFF17, 0xA3, 0xB7 },  // ７
    { 0xFF18, 0xA3, 0xB8 },  // ８
    { 0xFF19, 0xA3, 0xB9 },  // ９
    { 0xFF1A, 0xA3, 0xBA },  // ：
    { 0xFF1B, 0xA3, 0xBB },  // ；
    { 0xFF1C, 0xA3, 0xBC },  // ＜
    { 0xFF1D, 0xA3, 0xBD },  // ＝
    { 0xFF1E, 0xA3, 0xBE },  // ＞
    { 0xFF1F, 0xA3, 0xBF },  // ？
    { 0xFF20, 0xA3, 0xC0 },  // ＠
    { 0xFF21, 0xA3, 0xC1 },  // Ａ
    { 0xFF22, 0xA3, 0xC2 },  // Ｂ
    { 0xFF23, 0xA3, 0xC3 },  // Ｃ
    { 0xFF24, 0xA3, 0xC4 },  // Ｄ
    { 0xFF25, 0xA3, 0xC5 },  // Ｅ
    { 0xFF26, 0xA3, 0xC6 },  // Ｆ
    { 0xFF27, 0xA3, 0xC7 },  // Ｇ
    { 0xFF28, 0xA3, 0xC8 },  // Ｈ
    { 0xFF29, 0xA3, 0xC9 },  // Ｉ
    { 0xFF2A, 0xA3, 0xCA },  // Ｊ
    { 0xFF2B, 0xA3, 0xCB },  // Ｋ
    { 0xFF2C, 0xA3, 0xCC },  // Ｌ
    { 0xFF2D, 0xA3, 0xCD },  // Ｍ
    { 0xFF2E, 0xA3, 0xCE },  // Ｎ
    { 0xFF2F, 0xA3, 0xCF },  // Ｏ
    { 0xFF30, 0xA3, 0xD0 },  // Ｐ
    { 0xFF31, 0xA3, 0xD1 },  // Ｑ
    { 0xFF32, 0xA3, 0xD2 },  // Ｒ
    { 0xFF33, 0xA3, 0xD3 },  // Ｓ
    { 0xFF34, 0xA3, 0xD4 },  // Ｔ
    { 0xFF35, 0xA3, 0xD5 },  // Ｕ
    { 0xFF36, 0xA3, 0xD6 },  // Ｖ
    { 0xFF37, 0xA3, 0xD7 },  // Ｗ
    { 0xFF38, 0xA3, 0xD8 },  // Ｘ
    { 0xFF39, 0xA3, 0xD9 },  // Ｙ
    { 0xFF3A, 0xA3, 0xDA },  // Ｚ
    { 0xFF3B, 0xA3, 0xDB },  // ［
    { 0xFF3C, 0xA3, 0xDC },  // ＼
    { 0xFF3D, 0xA3, 0xDD },  // ］
    { 0xFF3E, 0xA3, 0xDE },  // ＾
    { 0xFF3F, 0xA3, 0xDF },  // ＿
    { 0xFF40, 0xA3, 0xE0 },  // ｀
    { 0xFF41, 0xA3, 0xE1 },  // ａ
    { 0xFF42, 0xA3, 0xE2 },  // ｂ
    { 0xFF43, 0xA3, 0xE3 },  // ｃ
    { 0xFF44, 0xA3, 0xE4 },  // ｄ
    { 0xFF45, 0xA3, 0xE5 },  // ｅ
    { 0xFF46, 0xA3, 0xE6 },  // ｆ
    { 0xFF47, 0xA3, 0xE7 },  // ｇ
    { 0xFF48, 0xA3, 0xE8 },  // ｈ
    { 0xFF49, 0xA3, 0xE9 },  // ｉ
    { 0xFF4A, 0xA3, 0xEA },  // ｊ
    { 0xFF4B, 0xA3, 0xEB },  // ｋ
    { 0xFF4C, 0xA3, 0xEC },  // ｌ
    { 0xFF4D, 0xA3, 0xED },  // ｍ
    { 0xFF4E, 0xA3, 0xEE },  // ｎ
    { 0xFF4F, 0xA3, 0xEF },  // ｏ
    { 0xFF50, 0xA3, 0xF0 },  // ｐ
    { 0xFF51, 0xA3, 0xF1 },  // ｑ
    { 0xFF52, 0xA3, 0xF2 },  // ｒ
    { 0xFF53, 0xA3, 0xF3 },  // ｓ
    { 0xFF54, 0xA3, 0xF4 },  // ｔ
    { 0xFF55, 0xA3, 0xF5 },  // ｕ
    { 0xFF56, 0xA3, 0xF6 },  // ｖ
    { 0xFF57, 0xA3, 0xF7 },  // ｗ
    { 0xFF58, 0xA3, 0xF8 },  // ｘ
    { 0xFF59, 0xA3, 0xF9 },  // ｙ
    { 0xFF5A, 0xA3, 0xFA },  // ｚ
    { 0xFF5B, 0xA3, 0xFB },  // ｛
    { 0xFF5C, 0xA3, 0xFC },  // ｜
    { 0xFF5D, 0xA3, 0xFD },  // ｝
    { 0xFF5E, 0xA1, 0xAB },  // ～
    { 0xFFE0, 0xA1, 0xE9 },  // ￠
    { 0xFFE1, 0xA1, 0xEA },  // ￡
    { 0xFFE2, 0xA9, 0x56 },  // ￢
    { 0xFFE3, 0xA3, 0xFE },  // ￣
    { 0xFFE4, 0xA9, 0x57 },  // ￤
    { 0xFFE5, 0xA3, 0xA4 }  // ￥
};

// End of auto-generated GBK table
